record_type,iteration,iteration_time_ms,average_time_ms,total_time_ms
iteration,1,8.72078,8.72078,8.72078
summary,1,8.72078,8.72078,8.72078
iteration,1,23.6037,23.6037,23.6037
iteration,2,16.4236,20.0136,40.0273
iteration,3,7.16662,15.7313,47.1939
iteration,4,7.09118,13.5713,54.2851
iteration,5,7.86313,12.4296,62.1482
iteration,6,7.04471,11.5322,69.1929
iteration,7,6.44387,10.8053,75.6368
iteration,8,5.98171,10.2023,81.6185
iteration,9,5.27942,9.65532,86.8979
iteration,10,5.79861,9.26965,92.6965
iteration,11,5.63118,8.93888,98.3277
iteration,12,5.87132,8.68325,104.199
iteration,13,5.70124,8.45387,109.9
iteration,14,5.84906,8.26781,115.749
iteration,15,5.54125,8.08604,121.291
iteration,16,5.98262,7.95458,127.273
iteration,17,5.59861,7.81599,132.872
iteration,18,6.46652,7.74102,139.338
iteration,19,5.83726,7.64082,145.176
iteration,20,5.62548,7.54005,150.801
iteration,21,5.1293,7.42526,155.93
iteration,22,6.00649,7.36077,161.937
iteration,23,5.82441,7.29397,167.761
iteration,24,5.32698,7.21201,173.088
iteration,25,5.86519,7.15814,178.953
iteration,26,4.83871,7.06893,183.792
iteration,27,6.41679,7.04478,190.209
iteration,28,4.69359,6.96081,194.903
iteration,29,5.39764,6.9069,200.3
iteration,30,5.47076,6.85903,205.771
iteration,31,5.4067,6.81218,211.178
iteration,32,5.36158,6.76685,216.539
iteration,33,5.69338,6.73432,222.233
iteration,34,5.35005,6.69361,227.583
iteration,35,5.27014,6.65294,232.853
iteration,36,5.04535,6.60828,237.898
iteration,37,5.40651,6.5758,243.305
iteration,38,4.51413,6.52155,247.819
iteration,39,6.32841,6.5166,254.147
iteration,40,5.78908,6.49841,259.936
iteration,41,5.97027,6.48553,265.907
iteration,42,5.78681,6.46889,271.693
iteration,43,5.14795,6.43817,276.841
iteration,44,5.78174,6.42325,282.623
iteration,45,6.43799,6.42358,289.061
iteration,46,5.90541,6.41231,294.966
iteration,47,6.32259,6.41041,301.289
iteration,48,5.8569,6.39887,307.146
iteration,49,5.95698,6.38986,313.103
iteration,50,5.47944,6.37165,318.582
iteration,51,7.07428,6.38542,325.657
iteration,52,4.86201,6.35613,330.519
iteration,53,5.50281,6.34003,336.021
iteration,54,6.05759,6.3348,342.079
iteration,55,7.17024,6.34999,349.249
iteration,56,5.70513,6.33847,354.954
iteration,57,5.27989,6.3199,360.234
iteration,58,6.0765,6.3157,366.311
iteration,59,5.97377,6.30991,372.285
iteration,60,5.13722,6.29036,377.422
iteration,61,5.77322,6.28189,383.195
iteration,62,6.0507,6.27816,389.246
iteration,63,6.43819,6.2807,395.684
iteration,64,6.8001,6.28881,402.484
iteration,65,5.92636,6.28324,408.41
iteration,66,5.12715,6.26572,413.538
iteration,67,5.39495,6.25272,418.932
iteration,68,5.53276,6.24214,424.465
iteration,69,6.10752,6.24019,430.573
iteration,70,6.38633,6.24227,436.959
iteration,71,5.9664,6.23839,442.925
iteration,72,6.40123,6.24065,449.327
iteration,73,5.16906,6.22597,454.496
iteration,74,6.25677,6.22639,460.753
iteration,75,5.21115,6.21285,465.964
iteration,76,5.79967,6.20741,471.763
iteration,77,5.97693,6.20442,477.74
iteration,78,6.05925,6.20256,483.8
iteration,79,6.55295,6.20699,490.353
iteration,80,5.58608,6.19923,495.939
iteration,81,6.13638,6.19846,502.075
iteration,82,5.53867,6.19041,507.614
iteration,83,5.61232,6.18345,513.226
iteration,84,5.73271,6.17808,518.959
iteration,85,5.53404,6.1705,524.493
iteration,86,6.47752,6.17407,530.97
iteration,87,5.70944,6.16873,536.68
iteration,88,6.25528,6.16972,542.935
iteration,89,5.45446,6.16168,548.389
iteration,90,5.80335,6.1577,554.193
iteration,91,5.526,6.15076,559.719
iteration,92,5.98123,6.14891,565.7
iteration,93,6.1353,6.14877,571.835
iteration,94,6.31191,6.1505,578.147
iteration,95,6.1443,6.15044,584.291
iteration,96,5.4284,6.14292,589.72
iteration,97,5.83874,6.13978,595.559
iteration,98,5.72378,6.13553,601.282
iteration,99,5.51516,6.12927,606.798
iteration,100,6.15419,6.12952,612.952
iteration,101,5.92757,6.12752,618.879
iteration,102,6.74466,6.13357,625.624
iteration,103,5.60382,6.12843,631.228
iteration,104,5.68674,6.12418,636.915
iteration,105,5.9463,6.12248,642.861
iteration,106,5.9143,6.12052,648.775
iteration,107,5.62903,6.11593,654.404
iteration,108,5.67219,6.11182,660.076
iteration,109,6.47925,6.11519,666.556
iteration,110,5.80734,6.11239,672.363
iteration,111,6.23789,6.11352,678.601
iteration,112,5.40025,6.10715,684.001
iteration,113,5.96733,6.10592,689.968
iteration,114,5.98975,6.1049,695.958
iteration,115,5.54269,6.10001,701.501
iteration,116,7.3692,6.11095,708.87
iteration,117,4.90768,6.10066,713.778
iteration,118,4.65368,6.0884,718.431
iteration,119,5.15505,6.08056,723.586
iteration,120,5.47894,6.07555,729.065
iteration,121,5.07004,6.06724,734.135
iteration,122,4.9157,6.0578,739.051
iteration,123,5.16345,6.05053,744.215
iteration,124,5.4943,6.04604,749.709
iteration,125,5.57633,6.04228,755.285
iteration,126,4.64721,6.03121,759.932
iteration,127,4.80079,6.02152,764.733
iteration,128,4.89883,6.01275,769.632
iteration,129,5.77109,6.01088,775.403
iteration,130,5.30951,6.00548,780.713
iteration,131,5.54892,6.002,786.262
iteration,132,5.27623,5.9965,791.538
iteration,133,5.14126,5.99007,796.679
iteration,134,5.01467,5.98279,801.694
iteration,135,4.75972,5.97373,806.453
iteration,136,5.21809,5.96817,811.672
iteration,137,5.6387,5.96577,817.31
iteration,138,6.55108,5.97001,823.861
iteration,139,5.36972,5.96569,829.231
iteration,140,7.17063,5.9743,836.402
iteration,141,4.83176,5.96619,841.233
iteration,142,5.77232,5.96483,847.006
iteration,143,5.99186,5.96502,852.998
iteration,144,6.29454,5.96731,859.292
iteration,145,5.39309,5.96335,864.685
iteration,146,5.95606,5.9633,870.641
iteration,147,6.02124,5.96369,876.663
iteration,148,5.63317,5.96146,882.296
iteration,149,6.04788,5.96204,888.344
iteration,150,5.91772,5.96174,894.261
iteration,151,5.86947,5.96113,900.131
iteration,152,5.80384,5.9601,905.935
iteration,153,5.90231,5.95972,911.837
iteration,154,5.95792,5.95971,917.795
iteration,155,6.08354,5.96051,923.878
iteration,156,5.79575,5.95945,929.674
iteration,157,6.24328,5.96126,935.917
iteration,158,5.57627,5.95882,941.494
iteration,159,5.80746,5.95787,947.301
iteration,160,5.87981,5.95738,953.181
iteration,161,5.8548,5.95674,959.036
iteration,162,6.02412,5.95716,965.06
iteration,163,6.11327,5.95812,971.173
iteration,164,5.868,5.95757,977.041
iteration,165,5.04412,5.95203,982.085
iteration,166,4.83566,5.94531,986.921
iteration,167,4.88491,5.93896,991.806
iteration,168,5.89172,5.93868,997.698
iteration,169,5.02024,5.93324,1002.72
iteration,170,6.02278,5.93377,1008.74
iteration,171,6.22728,5.93548,1014.97
iteration,172,5.08377,5.93053,1020.05
iteration,173,5.83503,5.92998,1025.89
iteration,174,5.60309,5.9281,1031.49
iteration,175,5.809,5.92742,1037.3
iteration,176,5.93526,5.92747,1043.23
iteration,177,5.62448,5.92575,1048.86
iteration,178,6.69055,5.93005,1055.55
iteration,179,4.89822,5.92429,1060.45
iteration,180,5.5555,5.92224,1066
iteration,181,5.63312,5.92064,1071.64
iteration,182,5.83334,5.92016,1077.47
iteration,183,5.7896,5.91945,1083.26
iteration,184,5.92873,5.9195,1089.19
iteration,185,5.35445,5.91644,1094.54
iteration,186,5.92338,5.91648,1100.47
iteration,187,5.76097,5.91565,1106.23
iteration,188,5.66456,5.91431,1111.89
iteration,189,6.04452,5.915,1117.94
iteration,190,5.55218,5.91309,1123.49
iteration,191,6.89492,5.91823,1130.38
iteration,192,5.01994,5.91355,1135.4
iteration,193,5.43522,5.91108,1140.84
iteration,194,5.8206,5.91061,1146.66
iteration,195,5.71438,5.9096,1152.37
iteration,196,6.15855,5.91087,1158.53
iteration,197,6.01456,5.9114,1164.55
iteration,198,5.12532,5.90743,1169.67
iteration,199,4.77794,5.90175,1174.45
iteration,200,4.91915,5.89684,1179.37
iteration,201,5.82793,5.8965,1185.2
iteration,202,5.89365,5.89648,1191.09
iteration,203,6.36775,5.89881,1197.46
iteration,204,5.43755,5.89654,1202.9
iteration,205,5.44486,5.89434,1208.34
iteration,206,5.85897,5.89417,1214.2
iteration,207,5.86198,5.89401,1220.06
iteration,208,5.67078,5.89294,1225.73
iteration,209,6.45789,5.89564,1232.19
iteration,210,5.13431,5.89202,1237.32
iteration,211,5.84586,5.8918,1243.17
iteration,212,5.73913,5.89108,1248.91
iteration,213,5.58869,5.88966,1254.5
iteration,214,5.88005,5.88961,1260.38
iteration,215,6.39138,5.89195,1266.77
iteration,216,5.05749,5.88809,1271.83
iteration,217,5.89013,5.88809,1277.72
iteration,218,5.55895,5.88659,1283.28
iteration,219,5.82627,5.88631,1289.1
iteration,220,6.06097,5.8871,1295.16
iteration,221,6.19704,5.88851,1301.36
iteration,222,5.21601,5.88548,1306.58
iteration,223,5.66079,5.88447,1312.24
iteration,224,6.26057,5.88615,1318.5
iteration,225,5.25891,5.88336,1323.76
iteration,226,5.89852,5.88343,1329.65
iteration,227,6.28313,5.88519,1335.94
iteration,228,5.26387,5.88246,1341.2
iteration,229,5.75634,5.88191,1346.96
iteration,230,5.64747,5.88089,1352.61
iteration,231,5.87108,5.88085,1358.48
iteration,232,5.64232,5.87982,1364.12
iteration,233,6.43278,5.8822,1370.55
iteration,234,5.03267,5.87857,1375.58
iteration,235,5.89992,5.87866,1381.48
iteration,236,6.05275,5.87939,1387.54
iteration,237,5.53379,5.87794,1393.07
iteration,238,5.68233,5.87711,1398.75
iteration,239,6.3123,5.87893,1405.07
iteration,240,5.16702,5.87597,1410.23
iteration,241,6.98244,5.88056,1417.21
iteration,242,4.74778,5.87588,1421.96
iteration,243,6.08693,5.87675,1428.05
iteration,244,5.51831,5.87528,1433.57
iteration,245,6.24277,5.87678,1439.81
iteration,246,5.19283,5.874,1445
iteration,247,5.79826,5.87369,1450.8
iteration,248,5.77846,5.87331,1456.58
iteration,249,5.82213,5.8731,1462.4
iteration,250,7.16304,5.87826,1469.57
iteration,251,5.26781,5.87583,1474.83
iteration,252,4.80755,5.87159,1479.64
iteration,253,5.66564,5.87078,1485.31
iteration,254,5.93673,5.87104,1491.24
iteration,255,5.64543,5.87015,1496.89
iteration,256,5.80619,5.8699,1502.69
iteration,257,6.28842,5.87153,1508.98
iteration,258,5.35654,5.86953,1514.34
iteration,259,5.58984,5.86845,1519.93
iteration,260,6.64724,5.87145,1526.58
iteration,261,5.35343,5.86946,1531.93
iteration,262,5.46944,5.86794,1537.4
iteration,263,5.98821,5.86839,1543.39
iteration,264,5.71973,5.86783,1549.11
iteration,265,7.09959,5.87248,1556.21
iteration,266,4.80034,5.86845,1561.01
iteration,267,5.18038,5.86587,1566.19
iteration,268,5.82906,5.86573,1572.02
iteration,269,6.28525,5.86729,1578.3
iteration,270,5.25223,5.86502,1583.55
iteration,271,5.58642,5.86399,1589.14
iteration,272,5.70103,5.86339,1594.84
iteration,273,5.9049,5.86354,1600.75
iteration,274,5.65263,5.86277,1606.4
iteration,275,5.75892,5.86239,1612.16
iteration,276,5.87785,5.86245,1618.04
iteration,277,6.10326,5.86332,1624.14
iteration,278,5.33876,5.86143,1629.48
iteration,279,5.86293,5.86144,1635.34
iteration,280,6.1997,5.86265,1641.54
iteration,281,5.61569,5.86177,1647.16
iteration,282,5.82113,5.86162,1652.98
iteration,283,5.4419,5.86014,1658.42
iteration,284,6.29721,5.86168,1664.72
iteration,285,5.32677,5.8598,1670.04
iteration,286,5.72164,5.85932,1675.77
iteration,287,5.86854,5.85935,1681.63
iteration,288,5.6828,5.85874,1687.32
iteration,289,5.73021,5.85829,1693.05
iteration,290,5.92649,5.85853,1698.97
iteration,291,5.67027,5.85788,1704.64
iteration,292,6.47744,5.86,1711.12
iteration,293,5.40245,5.85844,1716.52
iteration,294,5.56498,5.85744,1722.09
iteration,295,5.52946,5.85633,1727.62
iteration,296,5.86431,5.85636,1733.48
iteration,297,6.19474,5.8575,1739.68
iteration,298,5.46845,5.85619,1745.15
iteration,299,5.76924,5.8559,1750.91
iteration,300,5.80392,5.85573,1756.72
iteration,301,5.70544,5.85523,1762.42
iteration,302,6.88334,5.85863,1769.31
iteration,303,5.98365,5.85905,1775.29
iteration,304,5.56752,5.85809,1780.86
iteration,305,5.11109,5.85564,1785.97
iteration,306,4.90777,5.85254,1790.88
iteration,307,5.10398,5.8501,1795.98
iteration,308,5.12516,5.84775,1801.11
iteration,309,7.47254,5.85301,1808.58
iteration,310,4.9828,5.8502,1813.56
iteration,311,5.11806,5.84784,1818.68
iteration,312,5.16597,5.84566,1823.85
iteration,313,5.09524,5.84326,1828.94
iteration,314,5.34955,5.84169,1834.29
iteration,315,6.88804,5.84501,1841.18
iteration,316,5.63992,5.84436,1846.82
iteration,317,5.65306,5.84376,1852.47
iteration,318,4.99127,5.84108,1857.46
iteration,319,5.22302,5.83914,1862.69
iteration,320,5.45825,5.83795,1868.14
iteration,321,5.29134,5.83625,1873.44
iteration,322,6.07856,5.837,1879.51
iteration,323,5.68541,5.83653,1885.2
iteration,324,5.47939,5.83543,1890.68
iteration,325,5.00072,5.83286,1895.68
iteration,326,5.17718,5.83085,1900.86
iteration,327,5.15792,5.82879,1906.01
iteration,328,6.1934,5.8299,1912.21
iteration,329,5.04012,5.8275,1917.25
iteration,330,5.65259,5.82697,1922.9
iteration,331,5.70395,5.8266,1928.6
iteration,332,5.62731,5.826,1934.23
iteration,333,5.80434,5.82593,1940.04
iteration,334,5.79022,5.82583,1945.83
iteration,335,5.99639,5.82634,1951.82
iteration,336,5.64879,5.82581,1957.47
iteration,337,5.70569,5.82545,1963.18
iteration,338,5.65071,5.82494,1968.83
iteration,339,6.01252,5.82549,1974.84
iteration,340,5.4751,5.82446,1980.32
iteration,341,5.80686,5.82441,1986.12
iteration,342,5.808,5.82436,1991.93
iteration,343,6.01424,5.82491,1997.94
iteration,344,5.59025,5.82423,2003.54
iteration,345,5.74109,5.82399,2009.28
iteration,346,6.66092,5.82641,2015.94
iteration,347,4.9186,5.82379,2020.86
iteration,348,6.08308,5.82454,2026.94
iteration,349,7.20624,5.8285,2034.15
iteration,350,4.95611,5.826,2039.1
iteration,351,5.463,5.82497,2044.56
iteration,352,6.16317,5.82593,2050.73
iteration,353,4.87642,5.82324,2055.6
iteration,354,5.8807,5.8234,2061.48
iteration,355,5.68914,5.82302,2067.17
iteration,356,5.83667,5.82306,2073.01
iteration,357,6.13345,5.82393,2079.14
iteration,358,5.8851,5.8241,2085.03
iteration,359,5.22586,5.82244,2090.25
iteration,360,5.87952,5.82259,2096.13
iteration,361,5.69432,5.82224,2101.83
iteration,362,5.85752,5.82234,2107.69
iteration,363,5.94713,5.82268,2113.63
iteration,364,5.99163,5.82314,2119.62
iteration,365,5.31942,5.82176,2124.94
iteration,366,5.64605,5.82128,2130.59
iteration,367,5.90103,5.8215,2136.49
iteration,368,5.78184,5.82139,2142.27
iteration,369,5.95947,5.82177,2148.23
iteration,370,6.46523,5.82351,2154.7
iteration,371,5.22469,5.82189,2159.92
iteration,372,5.64478,5.82142,2165.57
iteration,373,5.59734,5.82082,2171.16
iteration,374,5.68041,5.82044,2176.85
iteration,375,5.91801,5.8207,2182.76
iteration,376,6.09904,5.82144,2188.86
iteration,377,5.57108,5.82078,2194.43
iteration,378,5.53346,5.82002,2199.97
iteration,379,5.7016,5.81971,2205.67
iteration,380,5.97409,5.82011,2211.64
iteration,381,5.53593,5.81937,2217.18
iteration,382,6.31528,5.82066,2223.49
iteration,383,5.66196,5.82025,2229.16
iteration,384,5.40086,5.81916,2234.56
iteration,385,5.70739,5.81887,2240.26
iteration,386,5.77258,5.81875,2246.04
iteration,387,6.07039,5.8194,2252.11
iteration,388,6.47196,5.82108,2258.58
iteration,389,5.4539,5.82014,2264.03
iteration,390,5.41014,5.81908,2269.44
iteration,391,5.50308,5.81828,2274.95
iteration,392,6.12079,5.81905,2281.07
iteration,393,5.75945,5.8189,2286.83
iteration,394,5.8998,5.8191,2292.73
iteration,395,5.71037,5.81883,2298.44
iteration,396,5.48256,5.81798,2303.92
iteration,397,5.76909,5.81785,2309.69
iteration,398,5.75622,5.8177,2315.44
iteration,399,5.76959,5.81758,2321.21
iteration,400,6.12507,5.81835,2327.34
iteration,401,5.47486,5.81749,2332.81
iteration,402,5.77705,5.81739,2338.59
iteration,403,6.94513,5.82019,2345.54
iteration,404,5.14921,5.81853,2350.68
iteration,405,5.54355,5.81785,2356.23
iteration,406,6.39178,5.81926,2362.62
iteration,407,5.48853,5.81845,2368.11
iteration,408,4.98828,5.81641,2373.1
iteration,409,5.04788,5.81454,2378.15
iteration,410,5.44554,5.81364,2383.59
iteration,411,5.61889,5.81316,2389.21
iteration,412,5.15128,5.81156,2394.36
iteration,413,5.31257,5.81035,2399.67
iteration,414,5.87152,5.81049,2405.54
iteration,415,5.31293,5.8093,2410.86
iteration,416,5.32223,5.80812,2416.18
iteration,417,5.82014,5.80815,2422
iteration,418,5.21432,5.80673,2427.21
iteration,419,5.28448,5.80549,2432.5
iteration,420,5.15113,5.80393,2437.65
iteration,421,5.59469,5.80343,2443.24
iteration,422,4.98753,5.8015,2448.23
iteration,423,4.89672,5.79936,2453.13
iteration,424,6.3616,5.80069,2459.49
iteration,425,5.22471,5.79933,2464.72
iteration,426,5.98243,5.79976,2470.7
iteration,427,5.50852,5.79908,2476.21
iteration,428,5.79892,5.79908,2482.01
iteration,429,5.86914,5.79924,2487.87
iteration,430,5.98211,5.79967,2493.86
iteration,431,5.47343,5.79891,2499.33
iteration,432,5.67702,5.79863,2505.01
iteration,433,5.67198,5.79833,2510.68
iteration,434,5.83765,5.79843,2516.52
iteration,435,5.95835,5.79879,2522.47
iteration,436,5.72215,5.79862,2528.2
iteration,437,5.84041,5.79871,2534.04
iteration,438,6.65596,5.80067,2540.69
iteration,439,5.11182,5.7991,2545.81
iteration,440,5.37832,5.79814,2551.18
iteration,441,5.65303,5.79782,2556.84
iteration,442,5.88847,5.79802,2562.73
iteration,443,5.6982,5.7978,2568.42
iteration,444,5.72533,5.79763,2574.15
iteration,445,5.79813,5.79763,2579.95
iteration,446,5.90401,5.79787,2585.85
iteration,447,5.68795,5.79763,2591.54
iteration,448,5.80147,5.79763,2597.34
iteration,449,6.1715,5.79847,2603.51
iteration,450,5.44852,5.79769,2608.96
iteration,451,5.73281,5.79755,2614.69
iteration,452,5.84281,5.79765,2620.54
iteration,453,6.41047,5.799,2626.95
iteration,454,5.08983,5.79744,2632.04
iteration,455,5.85416,5.79756,2637.89
iteration,456,6.08424,5.79819,2643.97
iteration,457,5.43873,5.7974,2649.41
iteration,458,5.54136,5.79684,2654.95
iteration,459,6.35295,5.79806,2661.31
iteration,460,5.29449,5.79696,2666.6
iteration,461,5.90622,5.7972,2672.51
iteration,462,5.61616,5.79681,2678.12
iteration,463,5.72834,5.79666,2683.85
iteration,464,5.77698,5.79662,2689.63
iteration,465,6.2612,5.79761,2695.89
iteration,466,5.30732,5.79656,2701.2
iteration,467,5.88499,5.79675,2707.08
iteration,468,5.84065,5.79685,2712.92
iteration,469,5.84861,5.79696,2718.77
iteration,470,5.77201,5.7969,2724.54
iteration,471,5.27904,5.7958,2729.82
iteration,472,5.1131,5.79436,2734.94
iteration,473,5.13927,5.79297,2740.08
iteration,474,6.2055,5.79384,2746.28
iteration,475,5.09914,5.79238,2751.38
iteration,476,5.10967,5.79095,2756.49
iteration,477,6.31593,5.79205,2762.81
iteration,478,5.05345,5.7905,2767.86
iteration,479,5.17549,5.78922,2773.04
iteration,480,5.28233,5.78816,2778.32
iteration,481,6.11645,5.78884,2784.43
iteration,482,5.80495,5.78888,2790.24
iteration,483,5.59897,5.78848,2795.84
iteration,484,5.31528,5.78751,2801.15
iteration,485,6.63896,5.78926,2807.79
iteration,486,6.50075,5.79073,2814.29
iteration,487,5.50888,5.79015,2819.8
iteration,488,5.73695,5.79004,2825.54
iteration,489,5.26856,5.78897,2830.81
iteration,490,5.15717,5.78768,2835.96
iteration,491,6.1719,5.78846,2842.14
iteration,492,5.18813,5.78724,2847.32
iteration,493,5.21507,5.78608,2852.54
iteration,494,5.6512,5.78581,2858.19
iteration,495,5.87993,5.786,2864.07
iteration,496,5.6913,5.78581,2869.76
iteration,497,5.22924,5.78469,2874.99
iteration,498,5.65713,5.78443,2880.65
iteration,499,5.34449,5.78355,2885.99
iteration,500,5.68337,5.78335,2891.68
iteration,501,5.96802,5.78372,2897.64
iteration,502,6.1046,5.78436,2903.75
iteration,503,5.83722,5.78446,2909.59
iteration,504,5.28871,5.78348,2914.87
iteration,505,5.06774,5.78206,2919.94
iteration,506,4.81268,5.78015,2924.75
iteration,507,6.2304,5.78104,2930.99
iteration,508,5.37422,5.78024,2936.36
iteration,509,5.05292,5.77881,2941.41
iteration,510,5.56529,5.77839,2946.98
iteration,511,5.86002,5.77855,2952.84
iteration,512,5.72131,5.77844,2958.56
iteration,513,6.62051,5.78008,2965.18
iteration,514,5.31165,5.77917,2970.49
iteration,515,5.61082,5.77884,2976.1
iteration,516,5.8817,5.77904,2981.98
iteration,517,5.42005,5.77834,2987.4
iteration,518,5.80615,5.7784,2993.21
iteration,519,6.45188,5.7797,2999.66
iteration,520,5.12095,5.77843,3004.78
iteration,521,6.00561,5.77886,3010.79
iteration,522,5.67253,5.77866,3016.46
iteration,523,6.10983,5.77929,3022.57
iteration,524,5.2701,5.77832,3027.84
iteration,525,6.30152,5.77932,3034.14
iteration,526,5.59638,5.77897,3039.74
iteration,527,5.34433,5.77815,3045.08
iteration,528,5.94575,5.77846,3051.03
iteration,529,5.75348,5.77842,3056.78
iteration,530,5.5286,5.77795,3062.31
iteration,531,6.40857,5.77913,3068.72
iteration,532,5.19445,5.77803,3073.91
iteration,533,5.52668,5.77756,3079.44
iteration,534,6.01001,5.778,3085.45
iteration,535,6.10345,5.77861,3091.55
iteration,536,5.67223,5.77841,3097.23
iteration,537,5.83725,5.77852,3103.06
iteration,538,5.19024,5.77742,3108.25
iteration,539,5.80738,5.77748,3114.06
iteration,540,5.63586,5.77722,3119.7
iteration,541,6.09888,5.77781,3125.8
iteration,542,5.55648,5.7774,3131.35
iteration,543,6.35888,5.77847,3137.71
iteration,544,5.21565,5.77744,3142.93
iteration,545,5.74153,5.77737,3148.67
iteration,546,5.70585,5.77724,3154.37
iteration,547,5.67737,5.77706,3160.05
iteration,548,5.7956,5.77709,3165.85
iteration,549,6.38852,5.77821,3172.24
iteration,550,5.22992,5.77721,3177.47
iteration,551,6.72621,5.77893,3184.19
iteration,552,5.2465,5.77797,3189.44
iteration,553,5.32062,5.77714,3194.76
iteration,554,5.98475,5.77752,3200.74
iteration,555,6.01496,5.77794,3206.76
iteration,556,5.30577,5.77709,3212.06
iteration,557,5.67964,5.77692,3217.74
iteration,558,6.10077,5.7775,3223.85
iteration,559,5.68525,5.77733,3229.53
iteration,560,5.78472,5.77735,3235.31
iteration,561,7.41813,5.78027,3242.73
iteration,562,6.09039,5.78082,3248.82
iteration,563,4.82585,5.77913,3253.65
iteration,564,4.8877,5.77755,3258.54
iteration,565,5.53863,5.77713,3264.08
iteration,566,5.99974,5.77752,3270.08
iteration,567,6.0984,5.77808,3276.17
iteration,568,5.12511,5.77693,3281.3
iteration,569,6.15814,5.7776,3287.46
iteration,570,5.62878,5.77734,3293.09
iteration,571,5.9408,5.77763,3299.03
iteration,572,5.67088,5.77744,3304.7
iteration,573,6.04576,5.77791,3310.74
iteration,574,5.4122,5.77727,3316.16
iteration,575,5.75162,5.77723,3321.91
iteration,576,5.57082,5.77687,3327.48
iteration,577,5.68364,5.77671,3333.16
iteration,578,6.0041,5.7771,3339.17
iteration,579,6.47394,5.77831,3345.64
iteration,580,5.75802,5.77827,3351.4
iteration,581,5.13347,5.77716,3356.53
iteration,582,5.41398,5.77654,3361.95
iteration,583,5.79071,5.77656,3367.74
iteration,584,5.93544,5.77683,3373.67
iteration,585,6.27981,5.77769,3379.95
iteration,586,5.08202,5.77651,3385.03
iteration,587,6.82869,5.7783,3391.86
iteration,588,4.85875,5.77674,3396.72
iteration,589,5.6072,5.77645,3402.33
iteration,590,5.86455,5.7766,3408.19
iteration,591,6.33404,5.77754,3414.53
iteration,592,5.08453,5.77637,3419.61
iteration,593,5.80875,5.77642,3425.42
iteration,594,6.02282,5.77684,3431.44
iteration,595,5.54887,5.77646,3436.99
iteration,596,5.97029,5.77678,3442.96
iteration,597,6.09142,5.77731,3449.05
iteration,598,5.2447,5.77642,3454.3
iteration,599,5.71901,5.77632,3460.02
iteration,600,6.24868,5.77711,3466.27
iteration,601,5.21317,5.77617,3471.48
iteration,602,6.07016,5.77666,3477.55
iteration,603,6.15969,5.77729,3483.71
iteration,604,5.18387,5.77631,3488.89
iteration,605,5.80342,5.77636,3494.7
iteration,606,5.75184,5.77632,3500.45
iteration,607,5.92205,5.77656,3506.37
iteration,608,5.76746,5.77654,3512.14
iteration,609,5.94153,5.77681,3518.08
iteration,610,5.32256,5.77607,3523.4
iteration,611,6.10101,5.7766,3529.5
iteration,612,5.41621,5.77601,3534.92
iteration,613,5.8592,5.77615,3540.78
iteration,614,5.92142,5.77638,3546.7
iteration,615,6.12651,5.77695,3552.83
iteration,616,5.32904,5.77622,3558.15
iteration,617,5.82732,5.77631,3563.98
iteration,618,5.67194,5.77614,3569.65
iteration,619,5.82298,5.77621,3575.48
iteration,620,5.80507,5.77626,3581.28
iteration,621,6.0808,5.77675,3587.36
iteration,622,5.28108,5.77595,3592.64
iteration,623,6.09251,5.77646,3598.74
iteration,624,5.64162,5.77625,3604.38
iteration,625,5.72384,5.77616,3610.1
iteration,626,5.71562,5.77607,3615.82
iteration,627,6.25709,5.77683,3622.07
iteration,628,5.16574,5.77586,3627.24
iteration,629,5.72924,5.77579,3632.97
iteration,630,5.85508,5.77591,3638.82
iteration,631,5.59646,5.77563,3644.42
iteration,632,5.87269,5.77578,3650.29
iteration,633,6.4428,5.77683,3656.74
iteration,634,5.33141,5.77613,3662.07
iteration,635,5.49344,5.77569,3667.56
iteration,636,5.85809,5.77582,3673.42
iteration,637,5.65527,5.77563,3679.07
iteration,638,5.7719,5.77562,3684.85
iteration,639,6.1901,5.77627,3691.04
iteration,640,5.39876,5.77568,3696.44
iteration,641,5.92139,5.77591,3702.36
iteration,642,5.60604,5.77564,3707.96
iteration,643,5.80792,5.77569,3713.77
iteration,644,5.71619,5.7756,3719.49
iteration,645,6.64619,5.77695,3726.13
iteration,646,5.21164,5.77608,3731.34
iteration,647,5.34525,5.77541,3736.69
iteration,648,5.74302,5.77536,3742.43
iteration,649,5.98534,5.77568,3748.42
iteration,650,5.55529,5.77534,3753.97
iteration,651,6.50304,5.77646,3760.48
iteration,652,5.29217,5.77572,3765.77
iteration,653,7.38771,5.77819,3773.16
iteration,654,6.72646,5.77964,3779.88
iteration,655,5.20305,5.77876,3785.09
iteration,656,5.3797,5.77815,3790.47
iteration,657,6.13977,5.7787,3796.61
iteration,658,5.73671,5.77864,3802.34
iteration,659,5.79553,5.77866,3808.14
iteration,660,5.19804,5.77778,3813.34
iteration,661,5.07217,5.77671,3818.41
iteration,662,4.98873,5.77552,3823.4
iteration,663,6.1605,5.7761,3829.56
iteration,664,5.40242,5.77554,3834.96
iteration,665,5.52004,5.77516,3840.48
iteration,666,5.94871,5.77542,3846.43
iteration,667,5.95395,5.77569,3852.38
iteration,668,5.62994,5.77547,3858.01
iteration,669,6.218,5.77613,3864.23
iteration,670,5.14355,5.77518,3869.37
iteration,671,5.82483,5.77526,3875.2
iteration,672,6.25879,5.77598,3881.46
iteration,673,5.57782,5.77568,3887.04
iteration,674,5.7111,5.77559,3892.75
iteration,675,6.14162,5.77613,3898.89
iteration,676,5.49928,5.77572,3904.39
iteration,677,5.48442,5.77529,3909.87
iteration,678,5.71228,5.7752,3915.58
iteration,679,6.06729,5.77563,3921.65
iteration,680,5.67267,5.77548,3927.32
iteration,681,6.17995,5.77607,3933.5
iteration,682,5.72297,5.77599,3939.23
iteration,683,5.57438,5.7757,3944.8
iteration,684,5.5681,5.77539,3950.37
iteration,685,5.72299,5.77532,3956.09
iteration,686,5.95441,5.77558,3962.05
iteration,687,6.13502,5.7761,3968.18
iteration,688,5.36909,5.77551,3973.55
iteration,689,5.68563,5.77538,3979.24
iteration,690,5.87045,5.77552,3985.11
iteration,691,5.57482,5.77523,3990.68
iteration,692,6.18863,5.77582,3996.87
iteration,693,5.9896,5.77613,4002.86
iteration,694,5.42924,5.77563,4008.29
iteration,695,5.9987,5.77595,4014.29
iteration,696,5.54235,5.77562,4019.83
iteration,697,6.14123,5.77614,4025.97
iteration,698,5.46417,5.7757,4031.44
iteration,699,6.51648,5.77676,4037.95
iteration,700,6.23818,5.77741,4044.19
iteration,701,6.02655,5.77777,4050.22
iteration,702,6.34424,5.77858,4056.56
iteration,703,5.61722,5.77835,4062.18
iteration,704,5.34819,5.77774,4067.53
iteration,705,6.51621,5.77878,4074.04
iteration,706,7.65454,5.78144,4081.7
iteration,707,6.18274,5.78201,4087.88
iteration,708,5.95016,5.78225,4093.83
iteration,709,5.82412,5.7823,4099.65
iteration,710,6.22611,5.78293,4105.88
iteration,711,6.87502,5.78447,4112.76
iteration,712,5.6551,5.78428,4118.41
iteration,713,5.86845,5.7844,4124.28
iteration,714,5.72519,5.78432,4130
iteration,715,5.97988,5.78459,4135.98
iteration,716,7.47147,5.78695,4143.46
iteration,717,6.25082,5.7876,4149.71
iteration,718,5.95143,5.78782,4155.66
iteration,719,6.48919,5.7888,4162.15
iteration,720,5.9751,5.78906,4168.12
iteration,721,6.34647,5.78983,4174.47
iteration,722,5.51022,5.78944,4179.98
iteration,723,5.75534,5.7894,4185.73
iteration,724,5.72115,5.7893,4191.46
iteration,725,6.02555,5.78963,4197.48
iteration,726,5.84133,5.7897,4203.32
iteration,727,6.00662,5.79,4209.33
iteration,728,5.52685,5.78964,4214.86
iteration,729,5.68843,5.7895,4220.54
iteration,730,5.69989,5.78938,4226.24
iteration,731,5.80083,5.78939,4232.04
iteration,732,5.66596,5.78922,4237.71
iteration,733,5.89437,5.78937,4243.61
iteration,734,5.62492,5.78914,4249.23
iteration,735,6.73934,5.79043,4255.97
iteration,736,6.06341,5.79081,4262.03
iteration,737,5.85788,5.7909,4267.89
iteration,738,6.19983,5.79145,4274.09
iteration,739,5.71085,5.79134,4279.8
iteration,740,5.63138,5.79113,4285.43
iteration,741,5.62427,5.7909,4291.06
iteration,742,5.67863,5.79075,4296.74
iteration,743,5.66666,5.79058,4302.4
iteration,744,5.75876,5.79054,4308.16
iteration,745,6.20343,5.79109,4314.36
iteration,746,5.84066,5.79116,4320.21
iteration,747,5.68312,5.79101,4325.89
iteration,748,5.67506,5.79086,4331.56
iteration,749,5.53338,5.79052,4337.1
iteration,750,5.64305,5.79032,4342.74
iteration,751,5.92663,5.7905,4348.67
iteration,752,5.88675,5.79063,4354.55
iteration,753,5.56444,5.79033,4360.12
iteration,754,5.61289,5.79009,4365.73
iteration,755,5.74005,5.79003,4371.47
iteration,756,6.28902,5.79069,4377.76
iteration,757,5.84957,5.79076,4383.61
iteration,758,6.00133,5.79104,4389.61
iteration,759,5.954,5.79126,4395.56
iteration,760,5.54547,5.79093,4401.11
iteration,761,5.79295,5.79094,4406.9
iteration,762,5.86441,5.79103,4412.77
iteration,763,5.53296,5.79069,4418.3
iteration,764,5.80167,5.79071,4424.1
iteration,765,6.0869,5.7911,4430.19
iteration,766,5.77017,5.79107,4435.96
iteration,767,5.56412,5.79077,4441.52
iteration,768,5.642,5.79058,4447.16
iteration,769,5.76319,5.79054,4452.93
iteration,770,5.82278,5.79059,4458.75
iteration,771,5.59372,5.79033,4464.34
iteration,772,5.46156,5.7899,4469.81
iteration,773,5.82729,5.78995,4475.63
iteration,774,5.79708,5.78996,4481.43
iteration,775,5.6555,5.78979,4487.09
iteration,776,6.06967,5.79015,4493.16
iteration,777,5.88799,5.79028,4499.04
iteration,778,5.82646,5.79032,4504.87
iteration,779,5.45234,5.78989,4510.32
iteration,780,5.67467,5.78974,4516
iteration,781,5.89832,5.78988,4521.9
iteration,782,5.7958,5.78989,4527.69
iteration,783,5.98122,5.79013,4533.67
iteration,784,5.73574,5.79006,4539.41
iteration,785,5.59664,5.78982,4545
iteration,786,5.55274,5.78951,4550.56
iteration,787,5.63744,5.78932,4556.2
iteration,788,5.66986,5.78917,4561.87
iteration,789,5.6642,5.78901,4567.53
iteration,790,5.55457,5.78871,4573.08
iteration,791,5.50156,5.78835,4578.59
iteration,792,5.58332,5.78809,4584.17
iteration,793,5.59493,5.78785,4589.76
iteration,794,5.65031,5.78767,4595.41
iteration,795,5.90905,5.78783,4601.32
iteration,796,5.60088,5.78759,4606.92
iteration,797,5.57107,5.78732,4612.49
iteration,798,5.68512,5.78719,4618.18
iteration,799,5.76673,5.78717,4623.95
iteration,800,5.59275,5.78692,4629.54
iteration,801,6.12523,5.78735,4635.66
iteration,802,5.94072,5.78754,4641.61
iteration,803,5.77133,5.78752,4647.38
iteration,804,5.87988,5.78763,4653.26
iteration,805,5.5651,5.78736,4658.82
iteration,806,5.72801,5.78728,4664.55
iteration,807,5.96341,5.7875,4670.51
iteration,808,5.62996,5.78731,4676.14
iteration,809,5.73761,5.78724,4681.88
iteration,810,5.76006,5.78721,4687.64
iteration,811,5.55356,5.78692,4693.19
iteration,812,5.7441,5.78687,4698.94
iteration,813,6.19621,5.78737,4705.13
iteration,814,5.62038,5.78717,4710.76
iteration,815,5.44671,5.78675,4716.2
iteration,816,5.66895,5.78661,4721.87
iteration,817,5.75908,5.78657,4727.63
iteration,818,5.5277,5.78626,4733.16
iteration,819,6.03509,5.78656,4739.19
iteration,820,5.70109,5.78646,4744.89
iteration,821,5.77636,5.78644,4750.67
iteration,822,5.62242,5.78624,4756.29
iteration,823,5.91911,5.78641,4762.21
iteration,824,5.74273,5.78635,4767.95
iteration,825,6.13597,5.78678,4774.09
iteration,826,8.10729,5.78959,4782.2
iteration,827,5.61913,5.78938,4787.82
iteration,828,5.55504,5.7891,4793.37
iteration,829,5.8017,5.78911,4799.17
iteration,830,5.71084,5.78902,4804.88
iteration,831,5.96318,5.78923,4810.85
iteration,832,5.62593,5.78903,4816.47
iteration,833,5.05014,5.78814,4821.52
iteration,834,5.46643,5.78776,4826.99
iteration,835,5.56507,5.78749,4832.56
iteration,836,5.75287,5.78745,4838.31
iteration,837,5.85129,5.78753,4844.16
iteration,838,5.40334,5.78707,4849.56
iteration,839,5.69669,5.78696,4855.26
iteration,840,6.12104,5.78736,4861.38
iteration,841,5.56876,5.7871,4866.95
iteration,842,5.6405,5.78692,4872.59
iteration,843,5.82354,5.78697,4878.41
iteration,844,5.69111,5.78685,4884.1
iteration,845,5.85698,5.78694,4889.96
iteration,846,5.76195,5.78691,4895.72
iteration,847,5.62957,5.78672,4901.35
iteration,848,6.17379,5.78718,4907.53
iteration,849,5.89266,5.7873,4913.42
iteration,850,5.66195,5.78715,4919.08
iteration,851,7.17448,5.78878,4926.26
iteration,852,6.86702,5.79005,4933.12
iteration,853,7.03978,5.79152,4940.16
iteration,854,5.75968,5.79148,4945.92
iteration,855,6.0368,5.79176,4951.96
iteration,856,5.65899,5.79161,4957.62
iteration,857,5.93447,5.79178,4963.55
iteration,858,5.77138,5.79175,4969.32
iteration,859,5.72223,5.79167,4975.05
iteration,860,5.87857,5.79177,4980.92
iteration,861,5.54169,5.79148,4986.47
iteration,862,5.64418,5.79131,4992.11
iteration,863,6.2236,5.79181,4998.33
iteration,864,5.54379,5.79153,5003.88
iteration,865,5.49362,5.79118,5009.37
iteration,866,5.5742,5.79093,5014.95
iteration,867,5.24742,5.7903,5020.19
iteration,868,5.98026,5.79052,5026.17
iteration,869,5.48156,5.79017,5031.65
iteration,870,5.34838,5.78966,5037
iteration,871,5.63568,5.78948,5042.64
iteration,872,5.92296,5.78964,5048.56
iteration,873,5.18865,5.78895,5053.75
iteration,874,5.32051,5.78841,5059.07
iteration,875,5.19147,5.78773,5064.26
iteration,876,4.91246,5.78673,5069.17
iteration,877,5.50288,5.78641,5074.68
iteration,878,5.67853,5.78628,5080.36
iteration,879,5.00505,5.78539,5085.36
iteration,880,5.00282,5.7845,5090.36
iteration,881,4.99784,5.78361,5095.36
iteration,882,5.87772,5.78372,5101.24
iteration,883,5.22046,5.78308,5106.46
iteration,884,5.26689,5.7825,5111.73
iteration,885,5.61839,5.78231,5117.35
iteration,886,5.60814,5.78211,5122.95
iteration,887,5.47721,5.78177,5128.43
iteration,888,5.35599,5.78129,5133.79
iteration,889,5.82552,5.78134,5139.61
iteration,890,5.36025,5.78087,5144.97
iteration,891,5.58861,5.78065,5150.56
iteration,892,4.97158,5.77975,5155.53
iteration,893,4.80937,5.77866,5160.34
iteration,894,5.92892,5.77883,5166.27
iteration,895,6.02526,5.7791,5172.3
iteration,896,5.49152,5.77878,5177.79
iteration,897,6.38844,5.77946,5184.18
iteration,898,5.42249,5.77906,5189.6
iteration,899,5.54582,5.7788,5195.14
iteration,900,5.8411,5.77887,5200.99
iteration,901,5.93727,5.77905,5206.92
iteration,902,5.90439,5.77919,5212.83
iteration,903,6.01347,5.77945,5218.84
iteration,904,5.14747,5.77875,5223.99
iteration,905,5.99776,5.77899,5229.99
iteration,906,5.47446,5.77865,5235.46
iteration,907,5.80727,5.77869,5241.27
iteration,908,6.36035,5.77933,5247.63
iteration,909,6.07293,5.77965,5253.7
iteration,910,5.50592,5.77935,5259.21
iteration,911,5.22689,5.77874,5264.43
iteration,912,6.74361,5.7798,5271.18
iteration,913,5.03801,5.77899,5276.22
iteration,914,5.59773,5.77879,5281.81
iteration,915,6.80433,5.77991,5288.62
iteration,916,5.09019,5.77916,5293.71
iteration,917,5.47258,5.77882,5299.18
iteration,918,5.62778,5.77866,5304.81
iteration,919,5.72613,5.7786,5310.53
iteration,920,6.19954,5.77906,5316.73
iteration,921,6.05628,5.77936,5322.79
iteration,922,5.45682,5.77901,5328.25
iteration,923,5.74716,5.77898,5333.99
iteration,924,5.52926,5.7787,5339.52
iteration,925,5.94372,5.77888,5345.47
iteration,926,5.79505,5.7789,5351.26
iteration,927,6.18759,5.77934,5357.45
iteration,928,5.3692,5.7789,5362.82
iteration,929,5.69685,5.77881,5368.52
iteration,930,5.69587,5.77872,5374.21
iteration,931,6.15809,5.77913,5380.37
iteration,932,5.36616,5.77869,5385.74
iteration,933,6.40986,5.77936,5392.15
iteration,934,5.13943,5.77868,5397.29
iteration,935,5.52154,5.7784,5402.81
iteration,936,6.18449,5.77884,5408.99
iteration,937,5.52917,5.77857,5414.52
iteration,938,5.71854,5.77851,5420.24
iteration,939,6.23581,5.77899,5426.47
iteration,940,5.11597,5.77829,5431.59
iteration,941,6.08669,5.77862,5437.68
iteration,942,5.51915,5.77834,5443.2
iteration,943,5.98628,5.77856,5449.18
iteration,944,5.90587,5.7787,5455.09
iteration,945,6.09371,5.77903,5461.18
iteration,946,5.05617,5.77826,5466.24
iteration,947,5.8564,5.77835,5472.09
iteration,948,5.72716,5.77829,5477.82
iteration,949,6.14533,5.77868,5483.97
iteration,950,5.4906,5.77838,5489.46
iteration,951,6.56503,5.7792,5496.02
iteration,952,4.9225,5.7783,5500.95
iteration,953,6.14141,5.77869,5507.09
iteration,954,5.57505,5.77847,5512.66
iteration,955,5.907,5.77861,5518.57
iteration,956,5.62829,5.77845,5524.2
iteration,957,6.02812,5.77871,5530.23
iteration,958,5.26344,5.77817,5535.49
iteration,959,5.7062,5.7781,5541.2
iteration,960,6.09584,5.77843,5547.29
iteration,961,7.13652,5.77984,5554.43
iteration,962,5.68609,5.77974,5560.11
iteration,963,6.10196,5.78008,5566.22
iteration,964,5.50438,5.77979,5571.72
iteration,965,4.75854,5.77873,5576.48
iteration,966,6.40578,5.77938,5582.88
iteration,967,4.87338,5.77845,5587.76
iteration,968,5.75408,5.77842,5593.51
iteration,969,6.26,5.77892,5599.77
iteration,970,5.04835,5.77816,5604.82
iteration,971,5.779,5.77817,5610.6
iteration,972,6.66277,5.77908,5617.26
iteration,973,4.88529,5.77816,5622.15
iteration,974,5.60066,5.77798,5627.75
iteration,975,6.87546,5.7791,5634.62
iteration,976,5.65145,5.77897,5640.27
iteration,977,5.02002,5.77819,5645.29
iteration,978,5.94844,5.77837,5651.24
iteration,979,5.35937,5.77794,5656.6
iteration,980,5.88293,5.77805,5662.49
iteration,981,6.85649,5.77915,5669.34
iteration,982,5.31519,5.77867,5674.66
iteration,983,5.08708,5.77797,5679.74
iteration,984,5.88535,5.77808,5685.63
iteration,985,5.8085,5.77811,5691.44
iteration,986,5.7196,5.77805,5697.16
iteration,987,6.25787,5.77854,5703.42
iteration,988,7.04747,5.77982,5710.46
iteration,989,5.12366,5.77916,5715.59
iteration,990,5.10661,5.77848,5720.69
iteration,991,5.21049,5.7779,5725.9
iteration,992,5.63902,5.77776,5731.54
iteration,993,6.35947,5.77835,5737.9
iteration,994,5.2309,5.7778,5743.13
iteration,995,5.81715,5.77784,5748.95
iteration,996,5.79573,5.77786,5754.75
iteration,997,6.28512,5.77837,5761.03
iteration,998,5.15564,5.77774,5766.19
iteration,999,7.99181,5.77996,5774.18
iteration,1000,5.13694,5.77932,5779.32
iteration,1001,5.84695,5.77938,5785.16
iteration,1002,5.50881,5.77911,5790.67
iteration,1003,4.72572,5.77806,5795.4
iteration,1004,5.22764,5.77751,5800.62
iteration,1005,6.32672,5.77806,5806.95
iteration,1006,4.99417,5.77728,5811.95
iteration,1007,6.00583,5.77751,5817.95
iteration,1008,6.11855,5.77785,5824.07
iteration,1009,5.55106,5.77762,5829.62
iteration,1010,5.49356,5.77734,5835.11
iteration,1011,6.27572,5.77783,5841.39
iteration,1012,5.39032,5.77745,5846.78
iteration,1013,5.60986,5.77729,5852.39
iteration,1014,6.46894,5.77797,5858.86
iteration,1015,5.84814,5.77804,5864.71
iteration,1016,5.20176,5.77747,5869.91
iteration,1017,6.33193,5.77801,5876.24
iteration,1018,5.14993,5.7774,5881.39
iteration,1019,5.85444,5.77747,5887.25
iteration,1020,5.65449,5.77735,5892.9
iteration,1021,5.96234,5.77753,5898.86
iteration,1022,5.60289,5.77736,5904.47
iteration,1023,6.21445,5.77779,5910.68
iteration,1024,5.19907,5.77723,5915.88
iteration,1025,6.03605,5.77748,5921.91
iteration,1026,5.41524,5.77712,5927.33
iteration,1027,5.91388,5.77726,5933.24
iteration,1028,6.15095,5.77762,5939.39
iteration,1029,6.25124,5.77808,5945.65
iteration,1030,5.57374,5.77788,5951.22
iteration,1031,5.62172,5.77773,5956.84
iteration,1032,5.38118,5.77735,5962.22
iteration,1033,5.73342,5.77731,5967.96
iteration,1034,5.67604,5.77721,5973.63
iteration,1035,6.33206,5.77774,5979.96
iteration,1036,5.266,5.77725,5985.23
iteration,1037,5.79891,5.77727,5991.03
iteration,1038,5.83706,5.77733,5996.87
iteration,1039,5.76329,5.77731,6002.63
iteration,1040,6.12752,5.77765,6008.76
iteration,1041,6.78188,5.77862,6015.54
iteration,1042,5.09365,5.77796,6020.63
iteration,1043,5.28686,5.77749,6025.92
iteration,1044,5.95738,5.77766,6031.88
iteration,1045,5.52241,5.77742,6037.4
iteration,1046,5.69669,5.77734,6043.1
iteration,1047,6.56336,5.77809,6049.66
iteration,1048,5.37901,5.77771,6055.04
iteration,1049,5.45331,5.7774,6060.49
iteration,1050,5.74677,5.77737,6066.24
iteration,1051,6.19261,5.77776,6072.43
iteration,1052,5.30443,5.77732,6077.74
iteration,1053,6.31592,5.77783,6084.05
iteration,1054,5.74284,5.77779,6089.79
iteration,1055,5.70056,5.77772,6095.49
iteration,1056,5.41439,5.77738,6100.91
iteration,1057,5.64786,5.77725,6106.56
iteration,1058,5.83291,5.77731,6112.39
iteration,1059,6.37014,5.77787,6118.76
iteration,1060,6.15017,5.77822,6124.91
iteration,1061,4.88358,5.77737,6129.79
iteration,1062,6.08343,5.77766,6135.88
iteration,1063,5.69599,5.77759,6141.57
iteration,1064,5.52768,5.77735,6147.1
iteration,1065,6.32892,5.77787,6153.43
iteration,1066,5.22028,5.77735,6158.65
iteration,1067,6.25792,5.7778,6164.91
iteration,1068,5.44481,5.77748,6170.35
iteration,1069,5.8685,5.77757,6176.22
iteration,1070,5.52435,5.77733,6181.75
iteration,1071,6.47831,5.77799,6188.22
iteration,1072,5.14024,5.77739,6193.36
iteration,1073,5.87601,5.77748,6199.24
iteration,1074,6.46138,5.77812,6205.7
iteration,1075,5.50129,5.77786,6211.2
iteration,1076,5.24381,5.77737,6216.45
iteration,1077,6.16222,5.77772,6222.61
iteration,1078,5.31773,5.7773,6227.93
iteration,1079,6.20402,5.77769,6234.13
iteration,1080,5.66105,5.77758,6239.79
iteration,1081,5.61308,5.77743,6245.4
iteration,1082,5.73111,5.77739,6251.14
iteration,1083,6.2489,5.77783,6257.38
iteration,1084,5.45816,5.77753,6262.84
iteration,1085,5.40217,5.77718,6268.25
iteration,1086,6.90993,5.77823,6275.16
iteration,1087,5.47002,5.77794,6280.63
iteration,1088,5.53781,5.77772,6286.16
iteration,1089,5.81987,5.77776,6291.98
iteration,1090,5.9839,5.77795,6297.97
iteration,1091,4.87403,5.77712,6302.84
iteration,1092,5.61104,5.77697,6308.45
iteration,1093,5.76092,5.77696,6314.21
iteration,1094,6.15305,5.7773,6320.37
iteration,1095,6.04589,5.77754,6326.41
iteration,1096,5.43623,5.77723,6331.85
iteration,1097,5.44498,5.77693,6337.29
iteration,1098,5.81266,5.77696,6343.11
iteration,1099,5.95981,5.77713,6349.07
iteration,1100,5.80388,5.77715,6354.87
iteration,1101,7.32521,5.77856,6362.19
iteration,1102,5.0464,5.7779,6367.24
iteration,1103,4.94486,5.77714,6372.19
iteration,1104,5.52605,5.77691,6377.71
iteration,1105,5.75186,5.77689,6383.46
iteration,1106,5.66903,5.77679,6389.13
iteration,1107,5.72095,5.77674,6394.85
iteration,1108,7.53867,5.77833,6402.39
iteration,1109,5.3965,5.77799,6407.79
iteration,1110,4.91427,5.77721,6412.7
iteration,1111,5.63462,5.77708,6418.34
iteration,1112,5.26502,5.77662,6423.6
iteration,1113,6.35215,5.77714,6429.95
iteration,1114,5.56416,5.77695,6435.52
iteration,1115,5.44942,5.77665,6440.97
iteration,1116,5.95133,5.77681,6446.92
iteration,1117,5.48448,5.77655,6452.4
iteration,1118,6.2554,5.77698,6458.66
iteration,1119,5.66265,5.77687,6464.32
iteration,1120,6.01794,5.77709,6470.34
iteration,1121,5.31952,5.77668,6475.66
iteration,1122,5.42682,5.77637,6481.09
iteration,1123,5.9422,5.77652,6487.03
iteration,1124,6.17188,5.77687,6493.2
iteration,1125,5.34021,5.77648,6498.54
iteration,1126,5.65977,5.77638,6504.2
iteration,1127,6.44753,5.77697,6510.65
iteration,1128,5.36223,5.7766,6516.01
iteration,1129,5.36039,5.77624,6521.37
iteration,1130,6.50732,5.77688,6527.88
iteration,1131,5.48741,5.77663,6533.37
iteration,1132,5.52725,5.77641,6538.89
iteration,1133,6.08757,5.77668,6544.98
iteration,1134,5.59028,5.77652,6550.57
iteration,1135,5.63454,5.77639,6556.21
iteration,1136,6.43452,5.77697,6562.64
iteration,1137,5.11404,5.77639,6567.75
iteration,1138,5.98364,5.77657,6573.74
iteration,1139,5.57082,5.77639,6579.31
iteration,1140,5.86392,5.77647,6585.17
iteration,1141,5.81256,5.7765,6590.98
iteration,1142,6.09606,5.77678,6597.08
iteration,1143,5.3608,5.77641,6602.44
iteration,1144,6.01362,5.77662,6608.46
iteration,1145,5.25837,5.77617,6613.71
iteration,1146,5.75493,5.77615,6619.47
iteration,1147,5.86227,5.77623,6625.33
iteration,1148,7.7178,5.77792,6633.05
iteration,1149,4.90652,5.77716,6637.95
iteration,1150,4.89243,5.77639,6642.85
iteration,1151,5.44353,5.7761,6648.29
iteration,1152,5.66901,5.77601,6653.96
iteration,1153,6.50458,5.77664,6660.46
iteration,1154,5.71589,5.77659,6666.18
iteration,1155,5.72995,5.77655,6671.91
iteration,1156,5.08759,5.77595,6677
iteration,1157,5.81033,5.77598,6682.81
iteration,1158,5.70732,5.77592,6688.52
iteration,1159,5.76627,5.77591,6694.28
iteration,1160,6.5306,5.77656,6700.81
iteration,1161,5.33696,5.77618,6706.15
iteration,1162,5.30832,5.77578,6711.46
iteration,1163,5.81373,5.77581,6717.27
iteration,1164,5.59371,5.77566,6722.87
iteration,1165,5.67658,5.77557,6728.54
iteration,1166,6.55436,5.77624,6735.1
iteration,1167,5.6345,5.77612,6740.73
iteration,1168,6.57939,5.77681,6747.31
iteration,1169,4.78945,5.77596,6752.1
iteration,1170,5.15806,5.77543,6757.26
iteration,1171,5.86515,5.77551,6763.12
iteration,1172,6.27263,5.77593,6769.4
iteration,1173,5.45096,5.77566,6774.85
iteration,1174,5.493,5.77542,6780.34
iteration,1175,5.58015,5.77525,6785.92
iteration,1176,5.7948,5.77527,6791.71
iteration,1177,6.06652,5.77551,6797.78
iteration,1178,6.04902,5.77575,6803.83
iteration,1179,5.16604,5.77523,6809
iteration,1180,6.1879,5.77558,6815.18
iteration,1181,5.6375,5.77546,6820.82
iteration,1182,5.7714,5.77546,6826.59
iteration,1183,6.00105,5.77565,6832.59
iteration,1184,6.06961,5.7759,6838.66
iteration,1185,5.05871,5.77529,6843.72
iteration,1186,6.07638,5.77555,6849.8
iteration,1187,5.48497,5.7753,6855.28
iteration,1188,5.82412,5.77534,6861.11
iteration,1189,5.84612,5.7754,6866.95
iteration,1190,6.10521,5.77568,6873.06
iteration,1191,5.6974,5.77561,6878.76
iteration,1192,5.39193,5.77529,6884.15
iteration,1193,6.09054,5.77556,6890.24
iteration,1194,5.50964,5.77533,6895.75
iteration,1195,5.68158,5.77526,6901.43
iteration,1196,6.19002,5.7756,6907.62
iteration,1197,5.30293,5.77521,6912.92
iteration,1198,5.60233,5.77506,6918.53
iteration,1199,5.74364,5.77504,6924.27
iteration,1200,6.11419,5.77532,6930.38
iteration,1201,5.46442,5.77506,6935.85
iteration,1202,6.28388,5.77548,6942.13
iteration,1203,5.27105,5.77506,6947.4
iteration,1204,5.69016,5.77499,6953.09
iteration,1205,5.77829,5.775,6958.87
iteration,1206,6.10313,5.77527,6964.97
iteration,1207,6.18721,5.77561,6971.16
iteration,1208,5.48732,5.77537,6976.65
iteration,1209,5.07619,5.77479,6981.72
iteration,1210,5.76899,5.77479,6987.49
iteration,1211,5.55213,5.7746,6993.05
iteration,1212,6.15243,5.77492,6999.2
iteration,1213,5.62275,5.77479,7004.82
iteration,1214,6.2875,5.77521,7011.11
iteration,1215,4.9898,5.77457,7016.1
iteration,1216,5.67533,5.77448,7021.77
iteration,1217,5.84119,5.77454,7027.61
iteration,1218,5.77523,5.77454,7033.39
iteration,1219,6.15694,5.77485,7039.55
iteration,1220,5.94215,5.77499,7045.49
iteration,1221,5.53233,5.77479,7051.02
iteration,1222,5.35571,5.77445,7056.38
iteration,1223,6.19392,5.77479,7062.57
iteration,1224,5.36772,5.77446,7067.94
iteration,1225,6.95856,5.77543,7074.9
iteration,1226,6.20932,5.77578,7081.11
iteration,1227,6.8559,5.77666,7087.96
iteration,1228,5.42843,5.77638,7093.39
iteration,1229,5.11376,5.77584,7098.5
iteration,1230,4.99553,5.7752,7103.5
iteration,1231,5.06003,5.77462,7108.56
iteration,1232,6.10245,5.77489,7114.66
iteration,1233,5.39062,5.77458,7120.05
iteration,1234,5.52597,5.77438,7125.58
iteration,1235,5.66383,5.77429,7131.24
iteration,1236,5.85054,5.77435,7137.09
iteration,1237,5.73673,5.77432,7142.83
iteration,1238,5.90933,5.77443,7148.74
iteration,1239,5.95402,5.77457,7154.69
iteration,1240,5.47403,5.77433,7160.17
iteration,1241,5.49798,5.77411,7165.67
iteration,1242,5.74858,5.77409,7171.41
iteration,1243,5.77872,5.77409,7177.19
iteration,1244,6.097,5.77435,7183.29
iteration,1245,5.9651,5.7745,7189.26
iteration,1246,5.56775,5.77434,7194.82
iteration,1247,5.60538,5.7742,7200.43
iteration,1248,5.76885,5.7742,7206.2
iteration,1249,6.17851,5.77452,7212.38
iteration,1250,5.45341,5.77426,7217.83
iteration,1251,5.8609,5.77433,7223.69
iteration,1252,5.84475,5.77439,7229.53
iteration,1253,5.90804,5.7745,7235.44
iteration,1254,5.16222,5.77401,7240.61
iteration,1255,5.87051,5.77408,7246.48
iteration,1256,5.96466,5.77424,7252.44
iteration,1257,5.43298,5.77396,7257.87
iteration,1258,5.76567,5.77396,7263.64
iteration,1259,6.17105,5.77427,7269.81
iteration,1260,6.94593,5.7752,7276.76
iteration,1261,5.83554,5.77525,7282.59
iteration,1262,4.86177,5.77453,7287.45
iteration,1263,5.41934,5.77425,7292.87
iteration,1264,5.26091,5.77384,7298.13
iteration,1265,6.03044,5.77404,7304.16
iteration,1266,7.06401,5.77506,7311.23
iteration,1267,5.72317,5.77502,7316.95
iteration,1268,5.06201,5.77446,7322.01
iteration,1269,4.86154,5.77374,7326.87
iteration,1270,5.48465,5.77351,7332.36
iteration,1271,5.70258,5.77346,7338.06
iteration,1272,6.08973,5.7737,7344.15
iteration,1273,6.14902,5.774,7350.3
iteration,1274,5.07169,5.77345,7355.37
iteration,1275,6.12805,5.77373,7361.5
iteration,1276,5.3969,5.77343,7366.9
iteration,1277,5.79591,5.77345,7372.69
iteration,1278,6.08989,5.7737,7378.78
iteration,1279,6.09786,5.77395,7384.88
iteration,1280,5.54829,5.77377,7390.43
iteration,1281,5.3449,5.77344,7395.77
iteration,1282,5.79965,5.77346,7401.57
iteration,1283,5.73235,5.77343,7407.31
iteration,1284,6.06292,5.77365,7413.37
iteration,1285,6.27679,5.77404,7419.65
iteration,1286,5.57224,5.77389,7425.22
iteration,1287,5.09021,5.77336,7430.31
iteration,1288,5.77962,5.77336,7436.09
iteration,1289,5.88255,5.77344,7441.97
iteration,1290,5.64414,5.77334,7447.61
iteration,1291,6.70084,5.77406,7454.32
iteration,1292,5.14292,5.77357,7459.46
iteration,1293,5.64319,5.77347,7465.1
iteration,1294,5.56862,5.77332,7470.67
iteration,1295,5.7263,5.77328,7476.4
iteration,1296,5.61962,5.77316,7482.02
iteration,1297,6.38455,5.77363,7488.4
iteration,1298,5.55256,5.77346,7493.95
iteration,1299,5.79184,5.77348,7499.74
iteration,1300,5.31111,5.77312,7505.06
iteration,1301,5.77159,5.77312,7510.83
iteration,1302,6.14814,5.77341,7516.98
iteration,1303,5.86436,5.77348,7522.84
iteration,1304,6.94028,5.77437,7529.78
iteration,1305,5.99169,5.77454,7535.77
iteration,1306,5.1723,5.77408,7540.94
iteration,1307,6.22305,5.77442,7547.17
iteration,1308,4.90637,5.77376,7552.07
iteration,1309,5.43078,5.77349,7557.5
iteration,1310,5.15637,5.77302,7562.66
iteration,1311,6.31623,5.77344,7568.98
iteration,1312,5.56965,5.77328,7574.55
iteration,1313,5.38556,5.77299,7579.93
iteration,1314,5.61079,5.77286,7585.54
iteration,1315,6.4993,5.77342,7592.04
iteration,1316,6.77545,5.77418,7598.82
iteration,1317,4.90052,5.77351,7603.72
iteration,1318,5.46615,5.77328,7609.18
iteration,1319,5.52288,5.77309,7614.71
iteration,1320,5.50621,5.77289,7620.21
iteration,1321,6.2289,5.77323,7626.44
iteration,1322,5.19526,5.7728,7631.64
iteration,1323,5.936,5.77292,7637.57
iteration,1324,5.70681,5.77287,7643.28
iteration,1325,6.10971,5.77312,7649.39
iteration,1326,5.61434,5.77301,7655
iteration,1327,6.06221,5.77322,7661.07
iteration,1328,5.21204,5.7728,7666.28
iteration,1329,5.68948,5.77274,7671.97
iteration,1330,5.66759,5.77266,7677.64
iteration,1331,6.18921,5.77297,7683.83
iteration,1332,5.6507,5.77288,7689.48
iteration,1333,6.03318,5.77308,7695.51
iteration,1334,5.29652,5.77272,7700.81
iteration,1335,5.74372,5.7727,7706.55
iteration,1336,5.62926,5.77259,7712.18
iteration,1337,7.5533,5.77392,7719.73
iteration,1338,5.39481,5.77364,7725.13
iteration,1339,6.01817,5.77382,7731.14
iteration,1340,5.05419,5.77328,7736.2
iteration,1341,4.90261,5.77263,7741.1
iteration,1342,5.70238,5.77258,7746.8
iteration,1343,5.65938,5.7725,7752.46
iteration,1344,6.10476,5.77274,7758.57
iteration,1345,7.57059,5.77408,7766.14
iteration,1346,4.93052,5.77345,7771.07
iteration,1347,4.97735,5.77286,7776.05
iteration,1348,5.36515,5.77256,7781.41
iteration,1349,5.76319,5.77255,7787.18
iteration,1350,6.02937,5.77274,7793.2
iteration,1351,6.64814,5.77339,7799.85
iteration,1352,5.13015,5.77292,7804.98
iteration,1353,5.38877,5.77263,7810.37
iteration,1354,6.71815,5.77333,7817.09
iteration,1355,5.18673,5.7729,7822.28
iteration,1356,5.35029,5.77259,7827.63
iteration,1357,6.32198,5.77299,7833.95
iteration,1358,5.4312,5.77274,7839.38
iteration,1359,5.46451,5.77251,7844.84
iteration,1360,5.50657,5.77232,7850.35
iteration,1361,5.85788,5.77238,7856.21
iteration,1362,5.85552,5.77244,7862.06
iteration,1363,6.21853,5.77277,7868.28
iteration,1364,5.72552,5.77273,7874.01
iteration,1365,6.05098,5.77294,7880.06
iteration,1366,5.17481,5.7725,7885.23
iteration,1367,5.40893,5.77223,7890.64
iteration,1368,5.60289,5.77211,7896.25
iteration,1369,6.37767,5.77255,7902.62
iteration,1370,5.35102,5.77224,7907.97
iteration,1371,6.06017,5.77245,7914.03
iteration,1372,5.88317,5.77253,7919.92
iteration,1373,5.3119,5.7722,7925.23
iteration,1374,5.81617,5.77223,7931.05
iteration,1375,6.06039,5.77244,7937.11
iteration,1376,5.09837,5.77195,7942.2
iteration,1377,6.25824,5.7723,7948.46
iteration,1378,5.46817,5.77208,7953.93
iteration,1379,5.49884,5.77189,7959.43
iteration,1380,5.8358,5.77193,7965.27
iteration,1381,6.38912,5.77238,7971.65
iteration,1382,5.04744,5.77185,7976.7
iteration,1383,5.71148,5.77181,7982.41
iteration,1384,6.09331,5.77204,7988.51
iteration,1385,5.61041,5.77193,7994.12
iteration,1386,5.61299,5.77181,7999.73
iteration,1387,6.08554,5.77204,8005.82
iteration,1388,5.27297,5.77168,8011.09
iteration,1389,5.74134,5.77166,8016.83
iteration,1390,5.74112,5.77163,8022.57
iteration,1391,6.21439,5.77195,8028.79
iteration,1392,5.5434,5.77179,8034.33
iteration,1393,6.02252,5.77197,8040.35
iteration,1394,5.24779,5.77159,8045.6
iteration,1395,6.0238,5.77177,8051.62
iteration,1396,5.61361,5.77166,8057.24
iteration,1397,5.98857,5.77182,8063.23
iteration,1398,5.48798,5.77161,8068.71
iteration,1399,6.06711,5.77182,8074.78
iteration,1400,5.34475,5.77152,8080.13
iteration,1401,5.76126,5.77151,8085.89
iteration,1402,5.79638,5.77153,8091.68
iteration,1403,5.65031,5.77144,8097.33
iteration,1404,6.36994,5.77187,8103.7
iteration,1405,5.58029,5.77173,8109.28
iteration,1406,5.62094,5.77162,8114.9
iteration,1407,5.63677,5.77153,8120.54
iteration,1408,5.70552,5.77148,8126.25
iteration,1409,6.22682,5.77181,8132.47
iteration,1410,6.55354,5.77236,8139.03
iteration,1411,5.24012,5.77198,8144.27
iteration,1412,5.22119,5.77159,8149.49
iteration,1413,5.66769,5.77152,8155.16
iteration,1414,5.86368,5.77158,8161.02
iteration,1415,5.66228,5.77151,8166.68
iteration,1416,6.39983,5.77195,8173.08
iteration,1417,5.50704,5.77176,8178.59
iteration,1418,5.51294,5.77158,8184.1
iteration,1419,5.63535,5.77149,8189.74
iteration,1420,5.86345,5.77155,8195.6
iteration,1421,5.75114,5.77154,8201.35
iteration,1422,6.13444,5.77179,8207.49
iteration,1423,5.38967,5.77152,8212.88
iteration,1424,6.13628,5.77178,8219.01
iteration,1425,5.42554,5.77154,8224.44
iteration,1426,7.22742,5.77256,8231.67
iteration,1427,4.99035,5.77201,8236.66
iteration,1428,5.71229,5.77197,8242.37
iteration,1429,5.12554,5.77151,8247.49
iteration,1430,6.27514,5.77187,8253.77
iteration,1431,5.36001,5.77158,8259.13
iteration,1432,5.65175,5.77149,8264.78
iteration,1433,5.59127,5.77137,8270.37
iteration,1434,6.26724,5.77171,8276.64
iteration,1435,5.32341,5.7714,8281.96
iteration,1436,5.73268,5.77138,8287.7
iteration,1437,6.06587,5.77158,8293.76
iteration,1438,5.73615,5.77156,8299.5
iteration,1439,5.50834,5.77137,8305.01
iteration,1440,6.76838,5.77207,8311.77
iteration,1441,4.76837,5.77137,8316.54
iteration,1442,6.42455,5.77182,8322.97
iteration,1443,7.01892,5.77269,8329.99
iteration,1444,5.0024,5.77215,8334.99
iteration,1445,4.97148,5.7716,8339.96
iteration,1446,6.09819,5.77182,8346.06
iteration,1447,5.193,5.77142,8351.25
iteration,1448,5.97152,5.77156,8357.22
iteration,1449,5.68644,5.7715,8362.91
iteration,1450,6.03601,5.77169,8368.94
iteration,1451,5.9261,5.77179,8374.87
iteration,1452,5.97234,5.77193,8380.84
iteration,1453,5.2001,5.77154,8386.04
iteration,1454,5.87451,5.77161,8391.92
iteration,1455,5.71838,5.77157,8397.64
iteration,1456,5.92897,5.77168,8403.57
iteration,1457,5.9043,5.77177,8409.47
iteration,1458,6.13819,5.77202,8415.61
iteration,1459,5.18036,5.77162,8420.79
iteration,1460,7.15504,5.77256,8427.94
iteration,1461,4.86717,5.77194,8432.81
iteration,1462,5.20109,5.77155,8438.01
iteration,1463,6.37739,5.77197,8444.39
iteration,1464,6.08459,5.77218,8450.47
iteration,1465,4.94567,5.77162,8455.42
iteration,1466,5.97484,5.77176,8461.39
iteration,1467,5.45468,5.77154,8466.85
iteration,1468,5.85937,5.7716,8472.71
iteration,1469,6.02482,5.77177,8478.73
iteration,1470,6.85121,5.77251,8485.58
iteration,1471,5.59396,5.77238,8491.18
iteration,1472,4.8923,5.77179,8496.07
iteration,1473,5.45315,5.77157,8501.52
iteration,1474,5.88371,5.77165,8507.41
iteration,1475,5.66666,5.77158,8513.07
iteration,1476,6.69264,5.7722,8519.77
iteration,1477,5.24413,5.77184,8525.01
iteration,1478,6.5431,5.77236,8531.55
iteration,1479,4.88682,5.77176,8536.44
iteration,1480,5.56083,5.77162,8542
iteration,1481,5.59181,5.7715,8547.59
iteration,1482,6.33567,5.77188,8553.93
iteration,1483,5.66978,5.77181,8559.6
iteration,1484,5.51424,5.77164,8565.11
iteration,1485,5.49056,5.77145,8570.6
iteration,1486,5.98592,5.77159,8576.59
iteration,1487,5.86329,5.77166,8582.45
iteration,1488,6.02626,5.77183,8588.48
iteration,1489,5.11594,5.77139,8593.59
iteration,1490,6.05518,5.77158,8599.65
iteration,1491,6.63852,5.77216,8606.29
iteration,1492,4.91138,5.77158,8611.2
iteration,1493,5.29493,5.77126,8616.49
iteration,1494,6.36189,5.77166,8622.86
iteration,1495,5.23271,5.7713,8628.09
iteration,1496,6.48315,5.77177,8634.57
iteration,1497,6.94361,5.77256,8641.52
iteration,1498,5.32554,5.77226,8646.84
iteration,1499,4.78698,5.7716,8651.63
iteration,1500,5.70992,5.77156,8657.34
iteration,1501,5.18724,5.77117,8662.53
iteration,1502,5.83968,5.77122,8668.37
iteration,1503,6.19924,5.7715,8674.56
iteration,1504,5.84987,5.77155,8680.41
iteration,1505,5.35777,5.77128,8685.77
iteration,1506,6.20737,5.77157,8691.98
iteration,1507,5.08583,5.77111,8697.07
iteration,1508,5.80322,5.77113,8702.87
iteration,1509,6.25813,5.77146,8709.13
iteration,1510,6.15676,5.77171,8715.28
iteration,1511,5.08747,5.77126,8720.37
iteration,1512,5.93927,5.77137,8726.31
iteration,1513,5.21857,5.771,8731.53
iteration,1514,5.80828,5.77103,8737.34
iteration,1515,5.79093,5.77104,8743.13
iteration,1516,5.98835,5.77118,8749.12
iteration,1517,5.50611,5.77101,8754.62
iteration,1518,6.6065,5.77156,8761.23
iteration,1519,5.37662,5.7713,8766.61
iteration,1520,5.23666,5.77095,8771.84
iteration,1521,5.76215,5.77094,8777.6
iteration,1522,6.3593,5.77133,8783.96
iteration,1523,5.49852,5.77115,8789.46
iteration,1524,6.2008,5.77143,8795.66
iteration,1525,5.043,5.77095,8800.71
iteration,1526,5.66783,5.77089,8806.37
iteration,1527,5.77142,5.77089,8812.15
iteration,1528,5.72784,5.77086,8817.87
iteration,1529,6.2436,5.77117,8824.12
iteration,1530,5.7713,5.77117,8829.89
iteration,1531,5.54972,5.77102,8835.44
iteration,1532,5.53545,5.77087,8840.97
iteration,1533,5.78346,5.77088,8846.76
iteration,1534,5.76189,5.77087,8852.52
iteration,1535,5.76855,5.77087,8858.29
iteration,1536,6.06816,5.77106,8864.36
iteration,1537,5.45377,5.77086,8869.81
iteration,1538,5.65585,5.77078,8875.46
iteration,1539,6.08749,5.77099,8881.55
iteration,1540,5.33725,5.77071,8886.89
iteration,1541,5.93393,5.77081,8892.82
iteration,1542,6.05943,5.771,8898.88
iteration,1543,5.65772,5.77093,8904.54
iteration,1544,5.55127,5.77078,8910.09
iteration,1545,5.6885,5.77073,8915.78
iteration,1546,5.77838,5.77074,8921.56
iteration,1547,5.60191,5.77063,8927.16
iteration,1548,5.99013,5.77077,8933.15
iteration,1549,6.08533,5.77097,8939.24
iteration,1550,5.65432,5.7709,8944.89
iteration,1551,5.48154,5.77071,8950.37
iteration,1552,5.88957,5.77079,8956.26
iteration,1553,5.64832,5.77071,8961.91
iteration,1554,5.75226,5.7707,8967.66
iteration,1555,7.44363,5.77177,8975.11
iteration,1556,5.69798,5.77172,8980.8
iteration,1557,4.99083,5.77122,8985.79
iteration,1558,4.99548,5.77073,8990.79
iteration,1559,5.84497,5.77077,8996.64
iteration,1560,5.95147,5.77089,9002.59
iteration,1561,5.47381,5.7707,9008.06
iteration,1562,6.21241,5.77098,9014.27
iteration,1563,5.91463,5.77107,9020.19
iteration,1564,5.42202,5.77085,9025.61
iteration,1565,5.68457,5.77079,9031.29
iteration,1566,5.80095,5.77081,9037.09
iteration,1567,5.78851,5.77083,9042.88
iteration,1568,5.88734,5.7709,9048.77
iteration,1569,6.01446,5.77105,9054.79
iteration,1570,5.54684,5.77091,9060.33
iteration,1571,5.60693,5.77081,9065.94
iteration,1572,5.70348,5.77076,9071.64
iteration,1573,5.97144,5.77089,9077.61
iteration,1574,5.74197,5.77087,9083.36
iteration,1575,5.63003,5.77078,9088.99
iteration,1576,6.25524,5.77109,9095.24
iteration,1577,6.0526,5.77127,9101.29
iteration,1578,5.20266,5.77091,9106.5
iteration,1579,5.63883,5.77083,9112.14
iteration,1580,5.75338,5.77082,9117.89
iteration,1581,5.88541,5.77089,9123.77
iteration,1582,6.04896,5.77106,9129.82
iteration,1583,5.51737,5.7709,9135.34
iteration,1584,5.53771,5.77076,9140.88
iteration,1585,5.78049,5.77076,9146.66
iteration,1586,5.80916,5.77079,9152.47
iteration,1587,5.70745,5.77075,9158.18
iteration,1588,6.20985,5.77102,9164.39
iteration,1589,6.21139,5.7713,9170.6
iteration,1590,5.49501,5.77113,9176.09
iteration,1591,5.20066,5.77077,9181.29
iteration,1592,5.82307,5.7708,9187.12
iteration,1593,5.61955,5.77071,9192.73
iteration,1594,6.14278,5.77094,9198.88
iteration,1595,6.12043,5.77116,9205
iteration,1596,5.58004,5.77104,9210.58
iteration,1597,5.60606,5.77094,9216.18
iteration,1598,6.80626,5.77158,9222.99
iteration,1599,4.8864,5.77103,9227.88
iteration,1600,5.07871,5.7706,9232.96
iteration,1601,6.36599,5.77097,9239.32
iteration,1602,5.67929,5.77091,9245
iteration,1603,5.6626,5.77084,9250.66
iteration,1604,5.48837,5.77067,9256.15
iteration,1605,5.77434,5.77067,9261.93
iteration,1606,6.05196,5.77085,9267.98
iteration,1607,5.99051,5.77098,9273.97
iteration,1608,5.549,5.77084,9279.52
iteration,1609,5.76701,5.77084,9285.28
iteration,1610,5.46393,5.77065,9290.75
iteration,1611,5.74757,5.77064,9296.5
iteration,1612,6.91509,5.77135,9303.41
iteration,1613,5.4324,5.77114,9308.84
iteration,1614,4.96702,5.77064,9313.81
iteration,1615,6.19494,5.7709,9320.01
iteration,1616,5.47462,5.77072,9325.48
iteration,1617,5.74548,5.7707,9331.23
iteration,1618,5.79553,5.77072,9337.02
iteration,1619,7.06946,5.77152,9344.09
iteration,1620,4.91127,5.77099,9349
iteration,1621,6.00928,5.77114,9355.01
iteration,1622,5.31187,5.77085,9360.32
iteration,1623,5.49623,5.77068,9365.82
iteration,1624,5.58703,5.77057,9371.41
iteration,1625,6.01615,5.77072,9377.42
iteration,1626,5.33774,5.77046,9382.76
iteration,1627,5.88479,5.77053,9388.64
iteration,1628,5.54643,5.77039,9394.19
iteration,1629,6.1493,5.77062,9400.34
iteration,1630,5.48117,5.77044,9405.82
iteration,1631,6.14805,5.77067,9411.97
iteration,1632,6.35376,5.77103,9418.32
iteration,1633,4.94679,5.77053,9423.27
iteration,1634,5.39978,5.7703,9428.67
iteration,1635,5.98616,5.77043,9434.66
iteration,1636,5.57113,5.77031,9440.23
iteration,1637,6.21311,5.77058,9446.44
iteration,1638,5.14725,5.7702,9451.59
iteration,1639,6.04664,5.77037,9457.63
iteration,1640,5.57284,5.77025,9463.21
iteration,1641,5.68042,5.77019,9468.89
iteration,1642,6.24947,5.77049,9475.14
iteration,1643,5.92635,5.77058,9481.06
iteration,1644,5.2635,5.77027,9486.33
iteration,1645,5.6986,5.77023,9492.03
iteration,1646,5.78434,5.77024,9497.81
iteration,1647,5.80281,5.77026,9503.61
iteration,1648,6.21794,5.77053,9509.83
iteration,1649,6.06106,5.7707,9515.89
iteration,1650,5.04659,5.77027,9520.94
iteration,1651,5.71919,5.77023,9526.66
iteration,1652,5.68045,5.77018,9532.34
iteration,1653,7.3051,5.77111,9539.64
iteration,1654,4.78045,5.77051,9544.42
iteration,1655,6.10409,5.77071,9550.53
iteration,1656,5.35841,5.77046,9555.89
iteration,1657,6.15768,5.7707,9562.04
iteration,1658,4.95923,5.77021,9567
iteration,1659,5.77559,5.77021,9572.78
iteration,1660,5.79332,5.77022,9578.57
iteration,1661,6.34506,5.77057,9584.92
iteration,1662,5.51835,5.77042,9590.44
iteration,1663,5.78139,5.77042,9596.22
iteration,1664,5.28277,5.77013,9601.5
iteration,1665,5.5995,5.77003,9607.1
iteration,1666,6.03121,5.77019,9613.13
iteration,1667,6.5001,5.77062,9619.63
iteration,1668,5.30842,5.77035,9624.94
iteration,1669,5.73297,5.77032,9630.67
iteration,1670,5.29352,5.77004,9635.97
iteration,1671,5.8246,5.77007,9641.79
iteration,1672,5.93967,5.77017,9647.73
iteration,1673,6.25312,5.77046,9653.98
iteration,1674,5.22384,5.77014,9659.21
iteration,1675,6.1467,5.77036,9665.35
iteration,1676,5.55948,5.77023,9670.91
iteration,1677,5.59089,5.77013,9676.5
iteration,1678,5.7372,5.77011,9682.24
iteration,1679,6.67528,5.77065,9688.92
iteration,1680,4.9569,5.77016,9693.87
iteration,1681,6.03352,5.77032,9699.91
iteration,1682,5.74327,5.7703,9705.65
iteration,1683,5.9124,5.77039,9711.56
iteration,1684,5.39956,5.77017,9716.96
iteration,1685,6.26314,5.77046,9723.22
iteration,1686,5.25239,5.77015,9728.48
iteration,1687,5.63533,5.77007,9734.11
iteration,1688,6.26014,5.77036,9740.37
iteration,1689,5.95533,5.77047,9746.33
iteration,1690,5.29593,5.77019,9751.62
iteration,1691,6.18879,5.77044,9757.81
iteration,1692,5.31687,5.77017,9763.13
iteration,1693,5.68317,5.77012,9768.81
iteration,1694,5.85628,5.77017,9774.67
iteration,1695,6.16639,5.7704,9780.84
iteration,1696,5.67108,5.77035,9786.51
iteration,1697,7.5217,5.77138,9794.03
iteration,1698,4.83229,5.77082,9798.86
iteration,1699,4.90071,5.77031,9803.76
iteration,1700,5.47213,5.77014,9809.23
iteration,1701,6.08972,5.77033,9815.32
iteration,1702,5.54573,5.77019,9820.87
iteration,1703,6.16709,5.77043,9827.04
iteration,1704,5.61412,5.77033,9832.65
iteration,1705,5.34329,5.77008,9837.99
iteration,1706,5.94642,5.77019,9843.94
iteration,1707,5.89317,5.77026,9849.83
iteration,1708,5.91159,5.77034,9855.74
iteration,1709,6.05768,5.77051,9861.8
iteration,1710,5.16296,5.77015,9866.96
iteration,1711,5.86518,5.77021,9872.83
iteration,1712,5.63456,5.77013,9878.46
iteration,1713,5.91833,5.77022,9884.38
iteration,1714,6.17043,5.77045,9890.55
iteration,1715,6.02786,5.7706,9896.58
iteration,1716,5.05816,5.77019,9901.64
iteration,1717,5.7288,5.77016,9907.37
iteration,1718,5.70811,5.77013,9913.08
iteration,1719,6.04183,5.77028,9919.12
iteration,1720,5.59321,5.77018,9924.71
iteration,1721,6.66797,5.7707,9931.38
iteration,1722,5.16784,5.77035,9936.55
iteration,1723,5.5538,5.77023,9942.1
iteration,1724,5.67353,5.77017,9947.77
iteration,1725,5.77642,5.77017,9953.55
iteration,1726,5.86698,5.77023,9959.42
iteration,1727,7.79694,5.7714,9967.21
iteration,1728,5.45547,5.77122,9972.67
iteration,1729,5.36938,5.77099,9978.04
iteration,1730,5.03605,5.77056,9983.08
iteration,1731,5.22402,5.77025,9988.3
iteration,1732,5.79408,5.77026,9994.09
iteration,1733,6.12072,5.77046,10000.2
iteration,1734,6.08316,5.77064,10006.3
iteration,1735,5.28873,5.77037,10011.6
iteration,1736,5.62119,5.77028,10017.2
iteration,1737,5.70685,5.77024,10022.9
iteration,1738,5.81992,5.77027,10028.7
iteration,1739,6.06305,5.77044,10034.8
iteration,1740,5.47196,5.77027,10040.3
iteration,1741,6.19401,5.77051,10046.5
iteration,1742,5.57558,5.7704,10052
iteration,1743,5.65454,5.77033,10057.7
iteration,1744,6.05489,5.7705,10063.7
iteration,1745,5.78056,5.7705,10069.5
iteration,1746,5.53671,5.77037,10075.1
iteration,1747,6.25679,5.77065,10081.3
iteration,1748,5.47808,5.77048,10086.8
iteration,1749,5.56024,5.77036,10092.4
iteration,1750,5.90428,5.77044,10098.3
iteration,1751,5.83998,5.77048,10104.1
iteration,1752,5.56711,5.77036,10109.7
iteration,1753,6.09193,5.77054,10115.8
iteration,1754,5.96936,5.77066,10121.7
iteration,1755,5.72804,5.77063,10127.5
iteration,1756,5.34121,5.77039,10132.8
iteration,1757,6.07012,5.77056,10138.9
iteration,1758,5.83765,5.7706,10144.7
iteration,1759,5.247,5.7703,10150
iteration,1760,5.90007,5.77037,10155.9
iteration,1761,6.42697,5.77075,10162.3
iteration,1762,5.609,5.77065,10167.9
iteration,1763,5.60926,5.77056,10173.5
iteration,1764,5.54491,5.77044,10179
iteration,1765,5.94453,5.77053,10185
iteration,1766,5.6312,5.77046,10190.6
iteration,1767,6.14476,5.77067,10196.8
iteration,1768,5.52473,5.77053,10202.3
iteration,1769,7.26595,5.77137,10209.6
iteration,1770,4.88139,5.77087,10214.4
iteration,1771,6.0995,5.77106,10220.5
iteration,1772,5.04125,5.77064,10225.6
iteration,1773,5.69825,5.7706,10231.3
iteration,1774,5.78575,5.77061,10237.1
iteration,1775,5.73631,5.77059,10242.8
iteration,1776,5.78456,5.7706,10248.6
iteration,1777,5.53216,5.77047,10254.1
iteration,1778,6.23963,5.77073,10260.4
iteration,1779,5.33903,5.77049,10265.7
iteration,1780,6.85127,5.77109,10272.5
iteration,1781,5.19642,5.77077,10277.7
iteration,1782,5.43809,5.77059,10283.2
iteration,1783,6.05062,5.77074,10289.2
iteration,1784,5.35196,5.77051,10294.6
iteration,1785,5.77715,5.77051,10300.4
iteration,1786,6.35119,5.77084,10306.7
iteration,1787,5.63794,5.77076,10312.4
iteration,1788,5.83382,5.7708,10318.2
iteration,1789,5.50841,5.77065,10323.7
iteration,1790,5.32977,5.7704,10329
iteration,1791,5.77052,5.7704,10334.8
iteration,1792,6.31998,5.77071,10341.1
iteration,1793,5.19822,5.77039,10346.3
iteration,1794,6.58863,5.77085,10352.9
iteration,1795,5.31435,5.77059,10358.2
iteration,1796,5.49251,5.77044,10363.7
iteration,1797,6.17196,5.77066,10369.9
iteration,1798,7.16221,5.77144,10377
iteration,1799,4.90091,5.77095,10381.9
iteration,1800,5.2302,5.77065,10387.2
iteration,1801,5.85199,5.7707,10393
iteration,1802,5.41645,5.7705,10398.4
iteration,1803,5.63524,5.77043,10404.1
iteration,1804,6.56071,5.77086,10410.6
iteration,1805,4.85025,5.77035,10415.5
iteration,1806,5.99825,5.77048,10421.5
iteration,1807,6.09478,5.77066,10427.6
iteration,1808,5.70906,5.77062,10433.3
iteration,1809,6.03591,5.77077,10439.3
iteration,1810,5.77639,5.77077,10445.1
iteration,1811,5.34445,5.77054,10450.4
iteration,1812,5.60446,5.77045,10456.1
iteration,1813,6.73869,5.77098,10462.8
iteration,1814,5.20592,5.77067,10468
iteration,1815,6.58606,5.77112,10474.6
iteration,1816,5.5442,5.77099,10480.1
iteration,1817,4.92414,5.77053,10485
iteration,1818,5.73382,5.77051,10490.8
iteration,1819,5.74905,5.7705,10496.5
iteration,1820,6.31745,5.7708,10502.9
iteration,1821,5.34573,5.77056,10508.2
iteration,1822,6.49993,5.77096,10514.7
iteration,1823,4.98539,5.77053,10519.7
iteration,1824,5.73629,5.77051,10525.4
iteration,1825,5.89341,5.77058,10531.3
iteration,1826,5.62729,5.7705,10536.9
iteration,1827,6.092,5.77068,10543
iteration,1828,6.1547,5.77089,10549.2
iteration,1829,5.04205,5.77049,10554.2
iteration,1830,5.68769,5.77045,10559.9
iteration,1831,5.94897,5.77054,10565.9
iteration,1832,5.78194,5.77055,10571.6
iteration,1833,6.21095,5.77079,10577.9
iteration,1834,6.17969,5.77101,10584
iteration,1835,4.92825,5.77055,10589
iteration,1836,5.95871,5.77066,10594.9
iteration,1837,5.53762,5.77053,10600.5
iteration,1838,6.08205,5.7707,10606.5
iteration,1839,5.26509,5.77042,10611.8
iteration,1840,6.70155,5.77093,10618.5
iteration,1841,5.21647,5.77063,10623.7
iteration,1842,5.27996,5.77036,10629
iteration,1843,5.89573,5.77043,10634.9
iteration,1844,5.7066,5.77039,10640.6
iteration,1845,5.97664,5.77051,10646.6
iteration,1846,6.39574,5.77085,10653
iteration,1847,5.3589,5.77062,10658.3
iteration,1848,5.35255,5.7704,10663.7
iteration,1849,6.13596,5.77059,10669.8
iteration,1850,5.75535,5.77059,10675.6
iteration,1851,6.73459,5.77111,10682.3
iteration,1852,5.44261,5.77093,10687.8
iteration,1853,5.24091,5.77064,10693
iteration,1854,5.50006,5.7705,10698.5
iteration,1855,5.88123,5.77056,10704.4
iteration,1856,5.55754,5.77044,10709.9
iteration,1857,5.73715,5.77042,10715.7
iteration,1858,6.25285,5.77068,10721.9
iteration,1859,5.18131,5.77037,10727.1
iteration,1860,7.11835,5.77109,10734.2
iteration,1861,4.79265,5.77057,10739
iteration,1862,5.94991,5.77066,10745
iteration,1863,5.25472,5.77039,10750.2
iteration,1864,6.28279,5.77066,10756.5
iteration,1865,5.28629,5.7704,10761.8
iteration,1866,6.26841,5.77067,10768.1
iteration,1867,5.85246,5.77071,10773.9
iteration,1868,5.18707,5.7704,10779.1
iteration,1869,5.7364,5.77038,10784.8
iteration,1870,6.23773,5.77063,10791.1
iteration,1871,5.43507,5.77045,10796.5
iteration,1872,5.72107,5.77042,10802.2
iteration,1873,6.28006,5.7707,10808.5
iteration,1874,5.65285,5.77063,10814.2
iteration,1875,5.43615,5.77046,10819.6
iteration,1876,6.40419,5.77079,10826
iteration,1877,5.02802,5.7704,10831
iteration,1878,5.81059,5.77042,10836.8
iteration,1879,5.94196,5.77051,10842.8
iteration,1880,5.57901,5.77041,10848.4
iteration,1881,5.47256,5.77025,10853.8
iteration,1882,6.26306,5.77051,10860.1
iteration,1883,5.47415,5.77035,10865.6
iteration,1884,5.60621,5.77027,10871.2
iteration,1885,5.81149,5.77029,10877
iteration,1886,5.9922,5.77041,10883
iteration,1887,5.96618,5.77051,10889
iteration,1888,5.97632,5.77062,10894.9
iteration,1889,4.97025,5.7702,10899.9
iteration,1890,5.96187,5.7703,10905.9
iteration,1891,5.54181,5.77018,10911.4
iteration,1892,5.70504,5.77014,10917.1
iteration,1893,6.1432,5.77034,10923.3
iteration,1894,5.81886,5.77036,10929.1
iteration,1895,5.2592,5.77009,10934.3
iteration,1896,5.93373,5.77018,10940.3
iteration,1897,5.63362,5.77011,10945.9
iteration,1898,5.85193,5.77015,10951.7
iteration,1899,6.10952,5.77033,10957.9
iteration,1900,5.84636,5.77037,10963.7
iteration,1901,5.37547,5.77016,10969.1
iteration,1902,5.80178,5.77018,10974.9
iteration,1903,5.70853,5.77015,10980.6
iteration,1904,5.73771,5.77013,10986.3
iteration,1905,6.07296,5.77029,10992.4
iteration,1906,5.96273,5.77039,10998.4
iteration,1907,5.35309,5.77017,11003.7
iteration,1908,5.74776,5.77016,11009.5
iteration,1909,5.7443,5.77015,11015.2
iteration,1910,6.07122,5.7703,11021.3
iteration,1911,5.49239,5.77016,11026.8
iteration,1912,7.63516,5.77113,11034.4
iteration,1913,5.4468,5.77096,11039.9
iteration,1914,5.01412,5.77057,11044.9
iteration,1915,4.94094,5.77014,11049.8
iteration,1916,6.06407,5.77029,11055.9
iteration,1917,6.13621,5.77048,11062
iteration,1918,5.20629,5.77019,11067.2
iteration,1919,6.27706,5.77045,11073.5
iteration,1920,5.49118,5.7703,11079
iteration,1921,5.62741,5.77023,11084.6
iteration,1922,5.48471,5.77008,11090.1
iteration,1923,6.42037,5.77042,11096.5
iteration,1924,5.22949,5.77014,11101.7
iteration,1925,5.8382,5.77017,11107.6
iteration,1926,6.4014,5.7705,11114
iteration,1927,5.35434,5.77029,11119.3
iteration,1928,5.43691,5.77011,11124.8
iteration,1929,5.71747,5.77009,11130.5
iteration,1930,6.93044,5.77069,11137.4
iteration,1931,4.88018,5.77023,11142.3
iteration,1932,5.70362,5.77019,11148
iteration,1933,5.65658,5.77013,11153.7
iteration,1934,6.01756,5.77026,11159.7
iteration,1935,5.80411,5.77028,11165.5
iteration,1936,5.18706,5.76998,11170.7
iteration,1937,5.86293,5.77002,11176.5
iteration,1938,5.95245,5.77012,11182.5
iteration,1939,6.19737,5.77034,11188.7
iteration,1940,5.42682,5.77016,11194.1
iteration,1941,5.97404,5.77027,11200.1
iteration,1942,5.14595,5.76995,11205.2
iteration,1943,5.83429,5.76998,11211.1
iteration,1944,5.90849,5.77005,11217
iteration,1945,5.92255,5.77013,11222.9
iteration,1946,5.79442,5.77014,11228.7
iteration,1947,5.94178,5.77023,11234.6
iteration,1948,5.1526,5.76991,11239.8
iteration,1949,5.86324,5.76996,11245.7
iteration,1950,5.71554,5.76993,11251.4
iteration,1951,5.75882,5.76993,11257.1
iteration,1952,5.94178,5.77001,11263.1
iteration,1953,6.08903,5.77018,11269.2
iteration,1954,5.25706,5.76991,11274.4
iteration,1955,5.53941,5.7698,11280
iteration,1956,5.67635,5.76975,11285.6
iteration,1957,5.80991,5.76977,11291.4
iteration,1958,5.82105,5.7698,11297.3
iteration,1959,6.59396,5.77022,11303.9
iteration,1960,6.50939,5.77059,11310.4
iteration,1961,6.06156,5.77074,11316.4
iteration,1962,4.93842,5.77032,11321.4
iteration,1963,4.95857,5.7699,11326.3
iteration,1964,5.35972,5.7697,11331.7
iteration,1965,7.64084,5.77065,11339.3
iteration,1966,5.48063,5.7705,11344.8
iteration,1967,4.90677,5.77006,11349.7
iteration,1968,5.05563,5.7697,11354.8
iteration,1969,5.67107,5.76965,11360.4
iteration,1970,5.81797,5.76967,11366.3
iteration,1971,6.4805,5.77003,11372.7
iteration,1972,5.78454,5.77004,11378.5
iteration,1973,7.17185,5.77075,11385.7
iteration,1974,5.14321,5.77043,11390.8
iteration,1975,5.08822,5.77009,11395.9
iteration,1976,5.02441,5.76971,11400.9
iteration,1977,6.26745,5.76996,11407.2
iteration,1978,5.52987,5.76984,11412.7
iteration,1979,5.6292,5.76977,11418.4
iteration,1980,6.50986,5.77014,11424.9
iteration,1981,4.89739,5.7697,11429.8
iteration,1982,5.82273,5.76973,11435.6
iteration,1983,6.21089,5.76995,11441.8
iteration,1984,5.26558,5.7697,11447.1
iteration,1985,5.99488,5.76981,11453.1
iteration,1986,5.49415,5.76967,11458.6
iteration,1987,5.58516,5.76958,11464.2
iteration,1988,5.78286,5.76959,11469.9
iteration,1989,6.5061,5.76996,11476.4
iteration,1990,6.26983,5.77021,11482.7
iteration,1991,4.91306,5.76978,11487.6
iteration,1992,5.95355,5.76987,11493.6
iteration,1993,5.98138,5.76998,11499.6
iteration,1994,5.29752,5.76974,11504.9
iteration,1995,6.29715,5.77,11511.2
iteration,1996,4.91878,5.76958,11516.1
iteration,1997,5.78858,5.76959,11521.9
iteration,1998,6.16618,5.76978,11528
iteration,1999,5.48935,5.76964,11533.5
iteration,2000,5.68019,5.7696,11539.2
iteration,2001,6.63883,5.77003,11545.8
iteration,2002,5.05002,5.76967,11550.9
iteration,2003,5.6053,5.76959,11556.5
iteration,2004,6.19002,5.7698,11562.7
iteration,2005,6.01544,5.76992,11568.7
iteration,2006,5.31778,5.7697,11574
iteration,2007,7.68235,5.77065,11581.7
iteration,2008,5.02097,5.77028,11586.7
iteration,2009,4.95063,5.76987,11591.7
iteration,2010,5.37395,5.76967,11597
iteration,2011,6.3204,5.76995,11603.4
iteration,2012,5.48972,5.76981,11608.9
iteration,2013,5.92687,5.76989,11614.8
iteration,2014,5.38335,5.76969,11620.2
iteration,2015,5.97398,5.7698,11626.1
iteration,2016,5.80078,5.76981,11631.9
iteration,2017,5.52656,5.76969,11637.5
iteration,2018,5.99441,5.7698,11643.5
iteration,2019,5.76348,5.7698,11649.2
iteration,2020,5.32472,5.76958,11654.5
iteration,2021,5.62498,5.76951,11660.2
iteration,2022,5.88979,5.76957,11666.1
iteration,2023,5.82038,5.76959,11671.9
iteration,2024,5.77109,5.76959,11677.7
iteration,2025,6.30062,5.76985,11684
iteration,2026,5.85849,5.7699,11689.8
iteration,2027,5.35372,5.76969,11695.2
iteration,2028,5.67078,5.76964,11700.8
iteration,2029,6.0991,5.76981,11706.9
iteration,2030,5.28148,5.76957,11712.2
iteration,2031,6.33724,5.76985,11718.6
iteration,2032,5.53593,5.76973,11724.1
iteration,2033,5.88771,5.76979,11730
iteration,2034,5.2081,5.76951,11735.2
iteration,2035,6.15371,5.7697,11741.3
iteration,2036,5.45404,5.76955,11746.8
iteration,2037,5.979,5.76965,11752.8
iteration,2038,5.88614,5.76971,11758.7
iteration,2039,5.52271,5.76959,11764.2
iteration,2040,5.55137,5.76948,11769.7
iteration,2041,5.7893,5.76949,11775.5
iteration,2042,5.53869,5.76937,11781.1
iteration,2043,6.84351,5.7699,11787.9
iteration,2044,5.39687,5.76972,11793.3
iteration,2045,5.38377,5.76953,11798.7
iteration,2046,5.51289,5.7694,11804.2
iteration,2047,5.5475,5.7693,11809.7
iteration,2048,6.6804,5.76974,11816.4
iteration,2049,5.03607,5.76938,11821.5
iteration,2050,5.68265,5.76934,11827.1
iteration,2051,6.09795,5.7695,11833.2
iteration,2052,5.37422,5.76931,11838.6
iteration,2053,5.88157,5.76936,11844.5
iteration,2054,5.36824,5.76917,11849.9
iteration,2055,5.86215,5.76921,11855.7
iteration,2056,5.83754,5.76925,11861.6
iteration,2057,5.52796,5.76913,11867.1
iteration,2058,6.10755,5.76929,11873.2
iteration,2059,5.70638,5.76926,11878.9
iteration,2060,6.18195,5.76946,11885.1
iteration,2061,4.96421,5.76907,11890.1
iteration,2062,5.64697,5.76901,11895.7
iteration,2063,6.21079,5.76923,11901.9
iteration,2064,5.89839,5.76929,11907.8
iteration,2065,5.40337,5.76911,11913.2
iteration,2066,6.29587,5.76937,11919.5
iteration,2067,5.14117,5.76906,11924.7
iteration,2068,5.70029,5.76903,11930.4
iteration,2069,5.71745,5.769,11936.1
iteration,2070,5.95832,5.7691,11942
iteration,2071,6.21301,5.76931,11948.2
iteration,2072,6.54945,5.76969,11954.8
iteration,2073,4.91957,5.76928,11959.7
iteration,2074,5.18037,5.76899,11964.9
iteration,2075,5.80401,5.76901,11970.7
iteration,2076,5.56799,5.76891,11976.3
iteration,2077,6.04941,5.76905,11982.3
iteration,2078,6.08623,5.7692,11988.4
iteration,2079,5.14906,5.7689,11993.5
iteration,2080,5.53627,5.76879,11999.1
iteration,2081,6.1828,5.76899,12005.3
iteration,2082,5.5854,5.7689,12010.9
iteration,2083,5.42215,5.76874,12016.3
iteration,2084,6.52885,5.7691,12022.8
iteration,2085,5.31801,5.76888,12028.1
iteration,2086,5.33347,5.76867,12033.5
iteration,2087,5.89013,5.76873,12039.3
iteration,2088,5.69769,5.7687,12045
iteration,2089,5.70062,5.76867,12050.7
iteration,2090,6.33589,5.76894,12057.1
iteration,2091,7.189,5.76962,12064.3
iteration,2092,5.84593,5.76965,12070.1
iteration,2093,5.41576,5.76948,12075.5
iteration,2094,5.18049,5.7692,12080.7
iteration,2095,4.9509,5.76881,12085.7
iteration,2096,6.1366,5.76899,12091.8
iteration,2097,5.61214,5.76891,12097.4
iteration,2098,5.30598,5.76869,12102.7
iteration,2099,5.70029,5.76866,12108.4
iteration,2100,5.77937,5.76866,12114.2
iteration,2101,5.85629,5.76871,12120.1
iteration,2102,6.43544,5.76902,12126.5
iteration,2103,5.47003,5.76888,12132
iteration,2104,6.07314,5.76903,12138
iteration,2105,5.37127,5.76884,12143.4
iteration,2106,5.31529,5.76862,12148.7
iteration,2107,5.8195,5.76865,12154.5
iteration,2108,6.28447,5.76889,12160.8
iteration,2109,5.21165,5.76863,12166
iteration,2110,7.65015,5.76952,12173.7
iteration,2111,5.12284,5.76921,12178.8
iteration,2112,5.06245,5.76888,12183.9
iteration,2113,5.09761,5.76856,12189
iteration,2114,7.47012,5.76936,12196.4
iteration,2115,5.69709,5.76933,12202.1
iteration,2116,4.96847,5.76895,12207.1
iteration,2117,5.41532,5.76878,12212.5
iteration,2118,5.56438,5.76869,12218.1
iteration,2119,5.59292,5.76861,12223.7
iteration,2120,6.27524,5.76884,12229.9
iteration,2121,5.07397,5.76852,12235
iteration,2122,5.84955,5.76855,12240.9
iteration,2123,5.81981,5.76858,12246.7
iteration,2124,6.13138,5.76875,12252.8
iteration,2125,5.9171,5.76882,12258.7
iteration,2126,5.81456,5.76884,12264.6
iteration,2127,4.88106,5.76842,12269.4
iteration,2128,5.90473,5.76849,12275.3
iteration,2129,5.66486,5.76844,12281
iteration,2130,6.35407,5.76871,12287.4
iteration,2131,5.59429,5.76863,12293
iteration,2132,5.74592,5.76862,12298.7
iteration,2133,5.106,5.76831,12303.8
iteration,2134,5.91938,5.76838,12309.7
iteration,2135,6.03342,5.76851,12315.8
iteration,2136,5.50415,5.76838,12321.3
iteration,2137,6.49268,5.76872,12327.8
iteration,2138,5.63425,5.76866,12333.4
iteration,2139,4.78854,5.7682,12338.2
iteration,2140,5.40337,5.76803,12343.6
iteration,2141,7.21281,5.7687,12350.8
iteration,2142,4.87849,5.76829,12355.7
iteration,2143,5.58803,5.7682,12361.3
iteration,2144,6.00141,5.76831,12367.3
iteration,2145,5.32684,5.76811,12372.6
iteration,2146,5.51117,5.76799,12378.1
iteration,2147,5.89803,5.76805,12384
iteration,2148,5.52765,5.76794,12389.5
iteration,2149,5.5135,5.76782,12395
iteration,2150,6.99496,5.76839,12402
iteration,2151,5.47888,5.76825,12407.5
iteration,2152,4.9784,5.76789,12412.5
iteration,2153,5.63468,5.76783,12418.1
iteration,2154,7.16658,5.76847,12425.3
iteration,2155,5.96499,5.76857,12431.3
iteration,2156,4.945,5.76818,12436.2
iteration,2157,5.49222,5.76806,12441.7
iteration,2158,5.46388,5.76791,12447.2
iteration,2159,6.94126,5.76846,12454.1
iteration,2160,4.98511,5.7681,12459.1
iteration,2161,5.44006,5.76794,12464.5
iteration,2162,5.2281,5.76769,12469.8
iteration,2163,6.17498,5.76788,12475.9
iteration,2164,5.34479,5.76769,12481.3
iteration,2165,5.62115,5.76762,12486.9
iteration,2166,5.58,5.76753,12492.5
iteration,2167,6.22781,5.76775,12498.7
iteration,2168,5.33796,5.76755,12504
iteration,2169,5.75399,5.76754,12509.8
iteration,2170,6.21628,5.76775,12516
iteration,2171,5.21486,5.76749,12521.2
iteration,2172,5.82613,5.76752,12527.1
iteration,2173,6.0468,5.76765,12533.1
iteration,2174,5.26622,5.76742,12538.4
iteration,2175,5.75956,5.76741,12544.1
iteration,2176,6.08844,5.76756,12550.2
iteration,2177,5.72006,5.76754,12555.9
iteration,2178,5.66008,5.76749,12561.6
iteration,2179,6.27578,5.76772,12567.9
iteration,2180,6.98658,5.76828,12574.9
iteration,2181,5.30569,5.76807,12580.2
iteration,2182,5.07427,5.76775,12585.2
iteration,2183,5.90303,5.76781,12591.1
iteration,2184,5.16483,5.76754,12596.3
iteration,2185,5.92016,5.76761,12602.2
iteration,2186,5.38073,5.76743,12607.6
iteration,2187,5.57397,5.76734,12613.2
iteration,2188,5.76297,5.76734,12618.9
iteration,2189,5.66552,5.76729,12624.6
iteration,2190,6.06504,5.76743,12630.7
iteration,2191,6.33052,5.76769,12637
iteration,2192,5.35811,5.7675,12642.4
iteration,2193,5.3564,5.76731,12647.7
iteration,2194,5.77127,5.76731,12653.5
iteration,2195,5.71154,5.76729,12659.2
iteration,2196,6.10741,5.76744,12665.3
iteration,2197,6.26386,5.76767,12671.6
iteration,2198,5.03642,5.76734,12676.6
iteration,2199,5.61933,5.76727,12682.2
iteration,2200,5.72233,5.76725,12687.9
iteration,2201,5.71636,5.76723,12693.7
iteration,2202,6.17437,5.76741,12699.8
iteration,2203,6.39859,5.7677,12706.2
iteration,2204,5.47976,5.76757,12711.7
iteration,2205,5.07791,5.76725,12716.8
iteration,2206,5.67314,5.76721,12722.5
iteration,2207,6.16411,5.76739,12728.6
iteration,2208,5.49638,5.76727,12734.1
iteration,2209,6.57686,5.76764,12740.7
iteration,2210,5.26577,5.76741,12746
iteration,2211,5.75474,5.7674,12751.7
iteration,2212,5.47329,5.76727,12757.2
iteration,2213,6.38611,5.76755,12763.6
iteration,2214,5.27778,5.76733,12768.9
iteration,2215,6.06347,5.76746,12774.9
iteration,2216,5.73476,5.76745,12780.7
iteration,2217,5.50283,5.76733,12786.2
iteration,2218,5.66417,5.76728,12791.8
iteration,2219,5.80287,5.7673,12797.6
iteration,2220,5.56654,5.76721,12803.2
iteration,2221,6.35081,5.76747,12809.6
iteration,2222,5.13514,5.76719,12814.7
iteration,2223,6.26429,5.76741,12820.9
iteration,2224,5.7593,5.76741,12826.7
iteration,2225,5.47558,5.76727,12832.2
iteration,2226,5.57356,5.76719,12837.8
iteration,2227,6.27971,5.76742,12844
iteration,2228,5.2291,5.76718,12849.3
iteration,2229,6.19548,5.76737,12855.5
iteration,2230,5.48311,5.76724,12860.9
iteration,2231,5.68394,5.7672,12866.6
iteration,2232,5.85298,5.76724,12872.5
iteration,2233,6.29196,5.76748,12878.8
iteration,2234,5.07951,5.76717,12883.9
iteration,2235,6.17501,5.76735,12890
iteration,2236,5.9276,5.76742,12896
iteration,2237,5.41886,5.76727,12901.4
iteration,2238,5.55138,5.76717,12906.9
iteration,2239,6.26197,5.76739,12913.2
iteration,2240,6.47447,5.76771,12919.7
iteration,2241,4.96765,5.76735,12924.6
iteration,2242,5.46579,5.76722,12930.1
iteration,2243,5.56822,5.76713,12935.7
iteration,2244,5.89204,5.76718,12941.6
iteration,2245,5.79296,5.76719,12947.4
iteration,2246,5.58471,5.76711,12952.9
iteration,2247,5.75242,5.76711,12958.7
iteration,2248,5.4251,5.76695,12964.1
iteration,2249,6.46061,5.76726,12970.6
iteration,2250,5.42203,5.76711,12976
iteration,2251,7.42356,5.76784,12983.4
iteration,2252,5.3583,5.76766,12988.8
iteration,2253,5.51034,5.76755,12994.3
iteration,2254,4.94945,5.76719,12999.2
iteration,2255,5.30713,5.76698,13004.5
iteration,2256,6.37167,5.76725,13010.9
iteration,2257,6.44703,5.76755,13017.4
iteration,2258,5.40191,5.76739,13022.8
iteration,2259,5.12099,5.7671,13027.9
iteration,2260,5.26325,5.76688,13033.1
iteration,2261,5.64508,5.76683,13038.8
iteration,2262,6.32979,5.76707,13045.1
iteration,2263,6.0158,5.76718,13051.1
iteration,2264,5.05874,5.76687,13056.2
iteration,2265,5.83835,5.7669,13062
iteration,2266,5.58005,5.76682,13067.6
iteration,2267,5.79567,5.76683,13073.4
iteration,2268,6.039,5.76695,13079.5
iteration,2269,6.47403,5.76727,13085.9
iteration,2270,6.35517,5.76752,13092.3
iteration,2271,5.02719,5.7672,13097.3
iteration,2272,4.95833,5.76684,13102.3
iteration,2273,5.62562,5.76678,13107.9
iteration,2274,5.85536,5.76682,13113.7
iteration,2275,6.96357,5.76735,13120.7
iteration,2276,5.41379,5.76719,13126.1
iteration,2277,5.36948,5.76702,13131.5
iteration,2278,5.42319,5.76686,13136.9
iteration,2279,6.1697,5.76704,13143.1
iteration,2280,5.52822,5.76694,13148.6
iteration,2281,6.21747,5.76713,13154.8
iteration,2282,5.60339,5.76706,13160.4
iteration,2283,5.54621,5.76697,13166
iteration,2284,5.53326,5.76686,13171.5
iteration,2285,5.86681,5.76691,13177.4
iteration,2286,5.34577,5.76672,13182.7
iteration,2287,6.48329,5.76704,13189.2
iteration,2288,5.19982,5.76679,13194.4
iteration,2289,6.0653,5.76692,13200.5
iteration,2290,5.89566,5.76697,13206.4
iteration,2291,5.46621,5.76684,13211.8
iteration,2292,5.45801,5.76671,13217.3
iteration,2293,6.4475,5.76701,13223.7
iteration,2294,5.22756,5.76677,13229
iteration,2295,7.46044,5.76751,13236.4
iteration,2296,5.51705,5.7674,13241.9
iteration,2297,5.1457,5.76713,13247.1
iteration,2298,4.9021,5.76675,13252
iteration,2299,6.33581,5.767,13258.3
iteration,2300,5.19333,5.76675,13263.5
iteration,2301,6.04254,5.76687,13269.6
iteration,2302,7.86661,5.76778,13277.4
iteration,2303,5.40071,5.76762,13282.8
iteration,2304,4.81449,5.76721,13287.6
iteration,2305,5.44869,5.76707,13293.1
iteration,2306,5.06901,5.76677,13298.2
iteration,2307,5.94814,5.76685,13304.1
iteration,2308,5.97644,5.76694,13310.1
iteration,2309,5.93185,5.76701,13316
iteration,2310,5.09455,5.76672,13321.1
iteration,2311,6.58285,5.76707,13327.7
iteration,2312,5.27652,5.76686,13333
iteration,2313,5.98614,5.76695,13339
iteration,2314,5.22613,5.76672,13344.2
iteration,2315,6.14114,5.76688,13350.3
iteration,2316,5.69849,5.76685,13356
iteration,2317,6.26185,5.76707,13362.3
iteration,2318,4.83764,5.76666,13367.1
iteration,2319,5.88237,5.76671,13373
iteration,2320,5.78766,5.76672,13378.8
iteration,2321,5.78071,5.76673,13384.6
iteration,2322,5.98724,5.76682,13390.6
iteration,2323,6.16093,5.76699,13396.7
iteration,2324,6.96242,5.76751,13403.7
iteration,2325,4.93626,5.76715,13408.6
iteration,2326,5.25607,5.76693,13413.9
iteration,2327,4.89834,5.76656,13418.8
iteration,2328,6.44637,5.76685,13425.2
iteration,2329,5.60389,5.76678,13430.8
iteration,2330,4.90893,5.76641,13435.7
iteration,2331,5.72654,5.7664,13441.5
iteration,2332,5.7765,5.7664,13447.2
iteration,2333,5.76395,5.7664,13453
iteration,2334,6.02021,5.76651,13459
iteration,2335,6.77615,5.76694,13465.8
iteration,2336,5.12977,5.76667,13470.9
iteration,2337,6.21281,5.76686,13477.1
iteration,2338,4.8976,5.76649,13482
iteration,2339,5.51336,5.76638,13487.6
iteration,2340,5.77903,5.76638,13493.3
iteration,2341,6.17281,5.76656,13499.5
iteration,2342,5.7308,5.76654,13505.2
iteration,2343,5.55173,5.76645,13510.8
iteration,2344,5.58856,5.76637,13516.4
iteration,2345,6.02496,5.76648,13522.4
iteration,2346,5.54946,5.76639,13528
iteration,2347,6.17169,5.76656,13534.1
iteration,2348,5.75359,5.76656,13539.9
iteration,2349,5.46952,5.76643,13545.3
iteration,2350,5.5232,5.76633,13550.9
iteration,2351,5.84928,5.76636,13556.7
iteration,2352,5.91905,5.76643,13562.6
iteration,2353,6.02313,5.76654,13568.7
iteration,2354,5.29582,5.76634,13574
iteration,2355,6.07029,5.76647,13580
iteration,2356,5.77983,5.76647,13585.8
iteration,2357,5.51602,5.76637,13591.3
iteration,2358,5.49146,5.76625,13596.8
iteration,2359,6.18157,5.76643,13603
iteration,2360,5.36238,5.76625,13608.4
iteration,2361,5.83149,5.76628,13614.2
iteration,2362,6.27624,5.7665,13620.5
iteration,2363,5.23282,5.76627,13625.7
iteration,2364,5.64674,5.76622,13631.3
iteration,2365,5.67344,5.76618,13637
iteration,2366,5.59657,5.76611,13642.6
iteration,2367,5.88372,5.76616,13648.5
iteration,2368,6.0226,5.76627,13654.5
iteration,2369,5.34892,5.76609,13659.9
iteration,2370,5.49808,5.76598,13665.4
iteration,2371,7.0013,5.7665,13672.4
iteration,2372,4.86937,5.76612,13677.2
iteration,2373,5.45879,5.76599,13682.7
iteration,2374,5.60627,5.76593,13688.3
iteration,2375,6.22095,5.76612,13694.5
iteration,2376,6.25375,5.76632,13700.8
iteration,2377,5.15487,5.76607,13705.9
iteration,2378,5.85891,5.7661,13711.8
iteration,2379,5.4869,5.76599,13717.3
iteration,2380,5.98338,5.76608,13723.3
iteration,2381,5.73885,5.76607,13729
iteration,2382,6.03443,5.76618,13735
iteration,2383,5.20239,5.76594,13740.2
iteration,2384,5.64805,5.76589,13745.9
iteration,2385,5.58942,5.76582,13751.5
iteration,2386,6.10944,5.76596,13757.6
iteration,2387,5.32027,5.76578,13762.9
iteration,2388,6.61043,5.76613,13769.5
iteration,2389,5.49813,5.76602,13775
iteration,2390,5.77468,5.76602,13780.8
iteration,2391,5.14422,5.76576,13785.9
iteration,2392,6.25578,5.76597,13792.2
iteration,2393,5.38213,5.76581,13797.6
iteration,2394,6.29852,5.76603,13803.9
iteration,2395,5.34919,5.76585,13809.2
iteration,2396,5.75312,5.76585,13815
iteration,2397,5.56587,5.76577,13820.5
iteration,2398,5.95904,5.76585,13826.5
iteration,2399,5.39131,5.76569,13831.9
iteration,2400,6.53917,5.76601,13838.4
iteration,2401,5.74581,5.766,13844.2
iteration,2402,5.58565,5.76593,13849.8
iteration,2403,5.42401,5.76579,13855.2
iteration,2404,5.68321,5.76575,13860.9
iteration,2405,5.55016,5.76566,13866.4
iteration,2406,6.4043,5.76593,13872.8
iteration,2407,5.36263,5.76576,13878.2
iteration,2408,6.08702,5.76589,13884.3
iteration,2409,7.10732,5.76645,13891.4
iteration,2410,4.8961,5.76609,13896.3
iteration,2411,5.21659,5.76586,13901.5
iteration,2412,6.19088,5.76604,13907.7
iteration,2413,5.17113,5.76579,13912.9
iteration,2414,5.98584,5.76588,13918.8
iteration,2415,5.54446,5.76579,13924.4
iteration,2416,5.6221,5.76573,13930
iteration,2417,5.74218,5.76572,13935.8
iteration,2418,6.15333,5.76588,13941.9
iteration,2419,5.16297,5.76563,13947.1
iteration,2420,6.11232,5.76578,13953.2
iteration,2421,5.9111,5.76584,13959.1
iteration,2422,5.91929,5.7659,13965
iteration,2423,5.78152,5.76591,13970.8
iteration,2424,5.69132,5.76588,13976.5
iteration,2425,4.96557,5.76555,13981.4
iteration,2426,5.70906,5.76552,13987.2
iteration,2427,5.70205,5.7655,13992.9
iteration,2428,6.38043,5.76575,13999.2
iteration,2429,5.32174,5.76557,14004.6
iteration,2430,6.01146,5.76567,14010.6
iteration,2431,5.20826,5.76544,14015.8
iteration,2432,5.67737,5.7654,14021.5
iteration,2433,6.03361,5.76551,14027.5
iteration,2434,6.14723,5.76567,14033.6
iteration,2435,5.39103,5.76552,14039
iteration,2436,6.17811,5.76568,14045.2
iteration,2437,5.34689,5.76551,14050.6
iteration,2438,5.43601,5.76538,14056
iteration,2439,5.66705,5.76534,14061.7
iteration,2440,5.6985,5.76531,14067.4
iteration,2441,6.36168,5.76555,14073.7
iteration,2442,5.89175,5.76561,14079.6
iteration,2443,5.18474,5.76537,14084.8
iteration,2444,5.9219,5.76543,14090.7
iteration,2445,5.5775,5.76536,14096.3
iteration,2446,5.59197,5.76528,14101.9
iteration,2447,6.19774,5.76546,14108.1
iteration,2448,5.89938,5.76552,14114
iteration,2449,4.95833,5.76519,14118.9
iteration,2450,5.53317,5.76509,14124.5
iteration,2451,5.73408,5.76508,14130.2
iteration,2452,6.16215,5.76524,14136.4
iteration,2453,5.49816,5.76513,14141.9
iteration,2454,8.67076,5.76632,14150.5
iteration,2455,6.18702,5.76649,14156.7
iteration,2456,5.50694,5.76638,14162.2
iteration,2457,5.25769,5.76617,14167.5
iteration,2458,5.27027,5.76597,14172.8
iteration,2459,5.31646,5.76579,14178.1
iteration,2460,5.74201,5.76578,14183.8
iteration,2461,5.66563,5.76574,14189.5
iteration,2462,5.1867,5.7655,14194.7
iteration,2463,5.04962,5.76521,14199.7
iteration,2464,5.67425,5.76518,14205.4
iteration,2465,6.74682,5.76558,14212.1
iteration,2466,6.32491,5.7658,14218.5
iteration,2467,6.05815,5.76592,14224.5
iteration,2468,5.66036,5.76588,14230.2
iteration,2469,5.2485,5.76567,14235.4
iteration,2470,4.90131,5.76532,14240.3
iteration,2471,5.00368,5.76501,14245.3
iteration,2472,6.1695,5.76517,14251.5
iteration,2473,5.12768,5.76492,14256.6
iteration,2474,6.20267,5.76509,14262.8
iteration,2475,5.67804,5.76506,14268.5
iteration,2476,5.35764,5.76489,14273.9
iteration,2477,6.03998,5.765,14279.9
iteration,2478,6.09214,5.76514,14286
iteration,2479,5.14766,5.76489,14291.2
iteration,2480,6.17197,5.76505,14297.3
iteration,2481,5.79043,5.76506,14303.1
iteration,2482,5.23544,5.76485,14308.4
iteration,2483,5.87424,5.76489,14314.2
iteration,2484,6.19719,5.76507,14320.4
iteration,2485,5.26366,5.76486,14325.7
iteration,2486,5.80126,5.76488,14331.5
iteration,2487,6.22963,5.76507,14337.7
iteration,2488,5.87676,5.76511,14343.6
iteration,2489,5.35769,5.76495,14349
iteration,2490,6.09308,5.76508,14355
iteration,2491,5.3209,5.7649,14360.4
iteration,2492,5.87858,5.76495,14366.2
iteration,2493,5.92781,5.76501,14372.2
iteration,2494,5.82472,5.76504,14378
iteration,2495,5.50645,5.76493,14383.5
iteration,2496,6.31569,5.76515,14389.8
iteration,2497,5.00959,5.76485,14394.8
iteration,2498,5.74474,5.76484,14400.6
iteration,2499,7.7166,5.76562,14408.3
iteration,2500,6.16241,5.76578,14414.5
iteration,2501,5.34361,5.76561,14419.8
iteration,2502,5.64223,5.76556,14425.4
iteration,2503,4.95855,5.76524,14430.4
iteration,2504,5.01201,5.76494,14435.4
iteration,2505,5.86641,5.76498,14441.3
iteration,2506,5.67573,5.76495,14447
iteration,2507,6.28501,5.76515,14453.2
iteration,2508,5.93213,5.76522,14459.2
iteration,2509,5.07917,5.76495,14464.2
iteration,2510,7.5934,5.76567,14471.8
iteration,2511,5.31109,5.76549,14477.2
iteration,2512,5.02386,5.7652,14482.2
iteration,2513,5.74572,5.76519,14487.9
iteration,2514,6.08079,5.76532,14494
iteration,2515,5.0452,5.76503,14499
iteration,2516,5.65969,5.76499,14504.7
iteration,2517,5.9246,5.76505,14510.6
iteration,2518,5.93119,5.76512,14516.6
iteration,2519,5.62104,5.76506,14522.2
iteration,2520,6.96327,5.76554,14529.1
iteration,2521,5.82255,5.76556,14535
iteration,2522,5.13095,5.76531,14540.1
iteration,2523,5.03643,5.76502,14545.1
iteration,2524,5.78448,5.76503,14550.9
iteration,2525,5.77008,5.76503,14556.7
iteration,2526,6.3218,5.76525,14563
iteration,2527,5.59047,5.76518,14568.6
iteration,2528,5.61897,5.76512,14574.2
iteration,2529,5.39437,5.76497,14579.6
iteration,2530,5.8033,5.76499,14585.4
iteration,2531,5.80186,5.765,14591.2
iteration,2532,6.69211,5.76537,14597.9
iteration,2533,6.14993,5.76552,14604.1
iteration,2534,5.14745,5.76528,14609.2
iteration,2535,5.11168,5.76502,14614.3
iteration,2536,5.59585,5.76495,14619.9
iteration,2537,5.91725,5.76501,14625.8
iteration,2538,6.12252,5.76515,14632
iteration,2539,5.28261,5.76496,14637.2
iteration,2540,6.34248,5.76519,14643.6
iteration,2541,5.49076,5.76508,14649.1
iteration,2542,5.67169,5.76505,14654.7
iteration,2543,5.86646,5.76509,14660.6
iteration,2544,5.70149,5.76506,14666.3
iteration,2545,5.73986,5.76505,14672.1
iteration,2546,5.94631,5.76512,14678
iteration,2547,5.58485,5.76505,14683.6
iteration,2548,5.52534,5.76496,14689.1
iteration,2549,5.60287,5.76489,14694.7
iteration,2550,6.38376,5.76514,14701.1
iteration,2551,5.32895,5.76497,14706.4
iteration,2552,5.91049,5.76502,14712.3
iteration,2553,6.0198,5.76512,14718.4
iteration,2554,5.85322,5.76516,14724.2
iteration,2555,5.51133,5.76506,14729.7
iteration,2556,5.87384,5.7651,14735.6
iteration,2557,5.33298,5.76493,14740.9
iteration,2558,5.85211,5.76497,14746.8
iteration,2559,5.87065,5.76501,14752.7
iteration,2560,6.06749,5.76513,14758.7
iteration,2561,5.61045,5.76506,14764.3
iteration,2562,5.70764,5.76504,14770
iteration,2563,5.47651,5.76493,14775.5
iteration,2564,5.80928,5.76495,14781.3
iteration,2565,6.02451,5.76505,14787.3
iteration,2566,6.04665,5.76516,14793.4
iteration,2567,6.03348,5.76526,14799.4
iteration,2568,5.08051,5.765,14804.5
iteration,2569,5.70433,5.76497,14810.2
iteration,2570,6.25644,5.76516,14816.5
iteration,2571,5.356,5.765,14821.8
iteration,2572,5.67105,5.76497,14827.5
iteration,2573,8.33134,5.76597,14835.8
iteration,2574,5.90078,5.76602,14841.7
iteration,2575,5.55562,5.76594,14847.3
iteration,2576,5.95863,5.76601,14853.2
iteration,2577,5.38485,5.76586,14858.6
iteration,2578,5.28702,5.76568,14863.9
iteration,2579,6.0947,5.7658,14870
iteration,2580,5.47443,5.76569,14875.5
iteration,2581,5.09597,5.76543,14880.6
iteration,2582,4.97077,5.76512,14885.6
iteration,2583,5.3308,5.76496,14890.9
iteration,2584,5.78677,5.76496,14896.7
iteration,2585,6.23523,5.76515,14902.9
iteration,2586,5.79158,5.76516,14908.7
iteration,2587,6.21213,5.76533,14914.9
iteration,2588,5.50552,5.76523,14920.4
iteration,2589,5.05864,5.76496,14925.5
iteration,2590,6.60819,5.76528,14932.1
iteration,2591,5.46652,5.76517,14937.5
iteration,2592,5.47541,5.76505,14943
iteration,2593,5.92441,5.76512,14948.9
iteration,2594,5.43161,5.76499,14954.4
iteration,2595,5.75669,5.76498,14960.1
iteration,2596,5.81728,5.765,14966
iteration,2597,6.17746,5.76516,14972.1
iteration,2598,5.56389,5.76509,14977.7
iteration,2599,5.99012,5.76517,14983.7
iteration,2600,5.48543,5.76507,14989.2
iteration,2601,5.69641,5.76504,14994.9
iteration,2602,5.64727,5.76499,15000.5
iteration,2603,6.08299,5.76512,15006.6
iteration,2604,5.52716,5.76502,15012.1
iteration,2605,5.52786,5.76493,15017.7
iteration,2606,6.36213,5.76516,15024
iteration,2607,5.43739,5.76504,15029.5
iteration,2608,6.77698,5.76542,15036.2
iteration,2609,6.11988,5.76556,15042.3
iteration,2610,5.28657,5.76538,15047.6
iteration,2611,5.00024,5.76508,15052.6
iteration,2612,6.02222,5.76518,15058.7
iteration,2613,5.74258,5.76517,15064.4
iteration,2614,5.03643,5.76489,15069.4
iteration,2615,6.38421,5.76513,15075.8
iteration,2616,5.42237,5.765,15081.2
iteration,2617,5.39942,5.76486,15086.6
iteration,2618,5.61365,5.7648,15092.3
iteration,2619,6.21797,5.76498,15098.5
iteration,2620,5.91002,5.76503,15104.4
iteration,2621,5.87738,5.76507,15110.3
iteration,2622,5.48466,5.76497,15115.7
iteration,2623,5.42005,5.76484,15121.2
iteration,2624,5.59545,5.76477,15126.8
iteration,2625,5.75247,5.76477,15132.5
iteration,2626,6.2195,5.76494,15138.7
iteration,2627,7.61363,5.76564,15146.3
iteration,2628,5.37892,5.7655,15151.7
iteration,2629,4.89161,5.76516,15156.6
iteration,2630,4.9568,5.76486,15161.6
iteration,2631,5.6955,5.76483,15167.3
iteration,2632,6.02317,5.76493,15173.3
iteration,2633,6.06425,5.76504,15179.4
iteration,2634,5.08186,5.76478,15184.4
iteration,2635,5.69909,5.76476,15190.1
iteration,2636,5.70094,5.76473,15195.8
iteration,2637,6.71353,5.76509,15202.6
iteration,2638,5.15643,5.76486,15207.7
iteration,2639,6.20482,5.76503,15213.9
iteration,2640,5.36984,5.76488,15219.3
iteration,2641,5.20008,5.76467,15224.5
iteration,2642,6.18697,5.76483,15230.7
iteration,2643,5.60912,5.76477,15236.3
iteration,2644,5.7262,5.76475,15242
iteration,2645,6.30865,5.76496,15248.3
iteration,2646,5.3552,5.7648,15253.7
iteration,2647,5.28622,5.76462,15259
iteration,2648,5.7188,5.76461,15264.7
iteration,2649,5.78171,5.76461,15270.5
iteration,2650,5.82018,5.76463,15276.3
iteration,2651,6.64691,5.76497,15282.9
iteration,2652,5.1504,5.76473,15288.1
iteration,2653,5.731,5.76472,15293.8
iteration,2654,5.57177,5.76465,15299.4
iteration,2655,5.51378,5.76455,15304.9
iteration,2656,5.71488,5.76453,15310.6
iteration,2657,6.01957,5.76463,15316.6
iteration,2658,5.56014,5.76455,15322.2
iteration,2659,6.21471,5.76472,15328.4
iteration,2660,5.5195,5.76463,15333.9
iteration,2661,5.41313,5.7645,15339.3
iteration,2662,5.74027,5.76449,15345.1
iteration,2663,6.21195,5.76466,15351.3
iteration,2664,5.76652,5.76466,15357.1
iteration,2665,6.04927,5.76477,15363.1
iteration,2666,5.57708,5.7647,15368.7
iteration,2667,5.30141,5.76452,15374
iteration,2668,5.88187,5.76457,15379.9
iteration,2669,5.78507,5.76457,15385.6
iteration,2670,5.79965,5.76459,15391.4
iteration,2671,5.52891,5.7645,15397
iteration,2672,6.09518,5.76462,15403.1
iteration,2673,5.40566,5.76449,15408.5
iteration,2674,5.60634,5.76443,15414.1
iteration,2675,6.87019,5.76484,15421
iteration,2676,5.00077,5.76456,15426
iteration,2677,5.42917,5.76443,15431.4
iteration,2678,6.13358,5.76457,15437.5
iteration,2679,5.5188,5.76448,15443
iteration,2680,5.55429,5.7644,15448.6
iteration,2681,6.34016,5.76461,15454.9
iteration,2682,5.23895,5.76442,15460.2
iteration,2683,5.76899,5.76442,15465.9
iteration,2684,5.77564,5.76442,15471.7
iteration,2685,6.3952,5.76466,15478.1
iteration,2686,5.67649,5.76463,15483.8
iteration,2687,5.71575,5.76461,15489.5
iteration,2688,6.40195,5.76484,15495.9
iteration,2689,4.94829,5.76454,15500.8
iteration,2690,5.47668,5.76443,15506.3
iteration,2691,5.89504,5.76448,15512.2
iteration,2692,6.27725,5.76467,15518.5
iteration,2693,5.43463,5.76455,15523.9
iteration,2694,5.48159,5.76444,15529.4
iteration,2695,5.83186,5.76447,15535.2
iteration,2696,5.75448,5.76447,15541
iteration,2697,5.92889,5.76453,15546.9
iteration,2698,6.00608,5.76462,15552.9
iteration,2699,5.74444,5.76461,15558.7
iteration,2700,5.28472,5.76443,15564
iteration,2701,5.64549,5.76439,15569.6
iteration,2702,5.83393,5.76441,15575.4
iteration,2703,5.86178,5.76445,15581.3
iteration,2704,5.69843,5.76442,15587
iteration,2705,6.36466,5.76465,15593.4
iteration,2706,5.37371,5.7645,15598.7
iteration,2707,5.56942,5.76443,15604.3
iteration,2708,5.8853,5.76447,15610.2
iteration,2709,5.67754,5.76444,15615.9
iteration,2710,5.76672,5.76444,15621.6
iteration,2711,6.42189,5.76469,15628.1
iteration,2712,5.32719,5.76452,15633.4
iteration,2713,5.39345,5.76439,15638.8
iteration,2714,5.95522,5.76446,15644.7
iteration,2715,5.81771,5.76448,15650.6
iteration,2716,6.00248,5.76457,15656.6
iteration,2717,5.87488,5.76461,15662.4
iteration,2718,6.25223,5.76479,15668.7
iteration,2719,5.62085,5.76473,15674.3
iteration,2720,7.008,5.76519,15681.3
iteration,2721,4.84294,5.76485,15686.2
iteration,2722,5.45332,5.76474,15691.6
iteration,2723,4.94796,5.76444,15696.6
iteration,2724,6.00415,5.76452,15702.6
iteration,2725,6.13201,5.76466,15708.7
iteration,2726,5.49734,5.76456,15714.2
iteration,2727,5.48061,5.76446,15719.7
iteration,2728,7.54968,5.76511,15727.2
iteration,2729,4.85354,5.76478,15732.1
iteration,2730,5.44035,5.76466,15737.5
iteration,2731,6.08716,5.76478,15743.6
iteration,2732,5.37801,5.76464,15749
iteration,2733,5.24914,5.76445,15754.2
iteration,2734,6.58432,5.76475,15760.8
iteration,2735,4.96126,5.76445,15765.8
iteration,2736,5.88374,5.7645,15771.7
iteration,2737,6.03799,5.7646,15777.7
iteration,2738,6.17504,5.76475,15783.9
iteration,2739,5.35503,5.7646,15789.2
iteration,2740,6.26527,5.76478,15795.5
iteration,2741,5.32782,5.76462,15800.8
iteration,2742,5.5365,5.76454,15806.4
iteration,2743,5.62099,5.76448,15812
iteration,2744,6.17071,5.76463,15818.2
iteration,2745,5.68168,5.7646,15823.8
iteration,2746,6.10507,5.76473,15829.9
iteration,2747,5.23796,5.76453,15835.2
iteration,2748,5.53452,5.76445,15840.7
iteration,2749,5.84005,5.76448,15846.5
iteration,2750,5.68804,5.76445,15852.2
iteration,2751,6.25848,5.76463,15858.5
iteration,2752,6.2681,5.76481,15864.8
iteration,2753,7.13112,5.76531,15871.9
iteration,2754,5.15819,5.76509,15877.1
iteration,2755,4.95688,5.7648,15882
iteration,2756,4.96419,5.7645,15887
iteration,2757,6.02164,5.7646,15893
iteration,2758,7.07438,5.76507,15900.1
iteration,2759,5.47257,5.76497,15905.5
iteration,2760,5.03655,5.7647,15910.6
iteration,2761,5.20158,5.7645,15915.8
iteration,2762,6.12109,5.76463,15921.9
iteration,2763,6.58892,5.76493,15928.5
iteration,2764,6.06289,5.76503,15934.6
iteration,2765,5.14449,5.76481,15939.7
iteration,2766,5.12762,5.76458,15944.8
iteration,2767,5.51307,5.76449,15950.3
iteration,2768,5.78606,5.7645,15956.1
iteration,2769,5.85929,5.76453,15962
iteration,2770,6.13091,5.76466,15968.1
iteration,2771,5.68511,5.76463,15973.8
iteration,2772,5.64302,5.76459,15979.4
iteration,2773,5.58142,5.76452,15985
iteration,2774,5.55145,5.76445,15990.6
iteration,2775,5.84394,5.76448,15996.4
iteration,2776,6.38202,5.7647,16002.8
iteration,2777,5.60317,5.76464,16008.4
iteration,2778,5.58247,5.76457,16014
iteration,2779,5.5056,5.76448,16019.5
iteration,2780,5.44744,5.76437,16024.9
iteration,2781,7.28022,5.76491,16032.2
iteration,2782,5.37395,5.76477,16037.6
iteration,2783,5.24647,5.76459,16042.8
iteration,2784,5.76776,5.76459,16048.6
iteration,2785,5.51274,5.7645,16054.1
iteration,2786,5.58473,5.76443,16059.7
iteration,2787,5.73921,5.76442,16065.4
iteration,2788,6.32044,5.76462,16071.8
iteration,2789,5.30365,5.76446,16077.1
iteration,2790,5.88835,5.7645,16083
iteration,2791,6.03253,5.7646,16089
iteration,2792,5.64009,5.76455,16094.6
iteration,2793,5.71156,5.76453,16100.3
iteration,2794,6.04519,5.76463,16106.4
iteration,2795,5.56417,5.76456,16112
iteration,2796,5.47763,5.76446,16117.4
iteration,2797,5.99147,5.76454,16123.4
iteration,2798,5.55177,5.76447,16129
iteration,2799,5.43424,5.76435,16134.4
iteration,2800,6.41798,5.76458,16140.8
iteration,2801,5.0993,5.76434,16145.9
iteration,2802,5.80665,5.76436,16151.7
iteration,2803,5.69765,5.76433,16157.4
iteration,2804,6.19666,5.76449,16163.6
iteration,2805,5.66612,5.76445,16169.3
iteration,2806,5.88078,5.76449,16175.2
iteration,2807,5.28182,5.76432,16180.5
iteration,2808,5.93831,5.76439,16186.4
iteration,2809,5.73148,5.76437,16192.1
iteration,2810,6.18904,5.76452,16198.3
iteration,2811,5.39855,5.76439,16203.7
iteration,2812,5.77997,5.7644,16209.5
iteration,2813,5.48214,5.7643,16215
iteration,2814,5.7534,5.7643,16220.7
iteration,2815,5.79024,5.7643,16226.5
iteration,2816,5.70601,5.76428,16232.2
iteration,2817,6.39132,5.76451,16238.6
iteration,2818,5.55456,5.76443,16244.2
iteration,2819,5.53557,5.76435,16249.7
iteration,2820,5.91362,5.7644,16255.6
iteration,2821,5.45167,5.76429,16261.1
iteration,2822,5.90648,5.76434,16267
iteration,2823,5.62782,5.7643,16272.6
iteration,2824,6.27927,5.76448,16278.9
iteration,2825,5.48761,5.76438,16284.4
iteration,2826,5.47746,5.76428,16289.8
iteration,2827,5.7896,5.76429,16295.6
iteration,2828,6.08187,5.7644,16301.7
iteration,2829,5.50068,5.76431,16307.2
iteration,2830,6.04379,5.7644,16313.3
iteration,2831,5.53985,5.76433,16318.8
iteration,2832,5.71795,5.76431,16324.5
iteration,2833,5.80291,5.76432,16330.3
iteration,2834,5.82321,5.76434,16336.1
iteration,2835,6.35438,5.76455,16342.5
iteration,2836,5.09495,5.76432,16347.6
iteration,2837,6.14221,5.76445,16353.7
iteration,2838,5.41377,5.76433,16359.2
iteration,2839,5.71346,5.76431,16364.9
iteration,2840,5.81379,5.76432,16370.7
iteration,2841,6.16004,5.76446,16376.8
iteration,2842,5.39257,5.76433,16382.2
iteration,2843,6.42023,5.76456,16388.7
iteration,2844,5.59529,5.7645,16394.2
iteration,2845,5.3743,5.76437,16399.6
iteration,2846,5.71333,5.76435,16405.3
iteration,2847,6.28148,5.76453,16411.6
iteration,2848,5.18087,5.76433,16416.8
iteration,2849,5.91285,5.76438,16422.7
iteration,2850,6.42333,5.76461,16429.1
iteration,2851,5.32143,5.76445,16434.5
iteration,2852,5.29712,5.76429,16439.8
iteration,2853,6.46035,5.76453,16446.2
iteration,2854,5.12143,5.76431,16451.3
iteration,2855,6.04996,5.76441,16457.4
iteration,2856,5.494,5.76431,16462.9
iteration,2857,6.12264,5.76444,16469
iteration,2858,5.52078,5.76435,16474.5
iteration,2859,7.33503,5.7649,16481.9
iteration,2860,4.76129,5.76455,16486.6
iteration,2861,5.14216,5.76433,16491.8
iteration,2862,5.82173,5.76435,16497.6
iteration,2863,6.01555,5.76444,16503.6
iteration,2864,7.05861,5.76489,16510.7
iteration,2865,5.56122,5.76482,16516.2
iteration,2866,4.86372,5.76451,16521.1
iteration,2867,5.09964,5.76428,16526.2
iteration,2868,5.90944,5.76433,16532.1
iteration,2869,5.5323,5.76425,16537.6
iteration,2870,7.99826,5.76503,16545.6
iteration,2871,5.90303,5.76507,16551.5
iteration,2872,4.99267,5.7648,16556.5
iteration,2873,4.91597,5.76451,16561.4
iteration,2874,5.2566,5.76433,16566.7
iteration,2875,5.75105,5.76433,16572.4
iteration,2876,6.2958,5.76451,16578.7
iteration,2877,5.82315,5.76453,16584.6
iteration,2878,5.01189,5.76427,16589.6
iteration,2879,6.466,5.76452,16596
iteration,2880,5.02241,5.76426,16601.1
iteration,2881,5.96893,5.76433,16607
iteration,2882,5.74306,5.76432,16612.8
iteration,2883,6.54702,5.76459,16619.3
iteration,2884,5.31337,5.76444,16624.6
iteration,2885,5.21041,5.76424,16629.8
iteration,2886,5.89336,5.76429,16635.7
iteration,2887,6.19261,5.76444,16641.9
iteration,2888,5.3121,5.76428,16647.2
iteration,2889,6.40851,5.7645,16653.7
iteration,2890,5.67751,5.76447,16659.3
iteration,2891,5.5534,5.7644,16664.9
iteration,2892,6.66673,5.76471,16671.5
iteration,2893,5.03385,5.76446,16676.6
iteration,2894,5.19829,5.76426,16681.8
iteration,2895,6.29351,5.76445,16688.1
iteration,2896,5.58232,5.76438,16693.7
iteration,2897,5.53242,5.7643,16699.2
iteration,2898,5.62967,5.76426,16704.8
iteration,2899,5.74031,5.76425,16710.6
iteration,2900,5.85544,5.76428,16716.4
iteration,2901,6.40922,5.7645,16722.8
iteration,2902,5.1738,5.7643,16728
iteration,2903,6.11875,5.76442,16734.1
iteration,2904,5.60776,5.76437,16739.7
iteration,2905,7.1959,5.76486,16746.9
iteration,2906,4.97688,5.76459,16751.9
iteration,2907,5.56802,5.76452,16757.5
iteration,2908,5.6591,5.76449,16763.1
iteration,2909,5.99548,5.76456,16769.1
iteration,2910,5.36682,5.76443,16774.5
iteration,2911,5.51804,5.76434,16780
iteration,2912,5.96484,5.76441,16786
iteration,2913,6.12862,5.76454,16792.1
iteration,2914,5.52901,5.76446,16797.6
iteration,2915,5.45181,5.76435,16803.1
iteration,2916,6.14025,5.76448,16809.2
iteration,2917,5.62668,5.76443,16814.8
iteration,2918,5.67487,5.7644,16820.5
iteration,2919,6.81218,5.76476,16827.3
iteration,2920,4.99406,5.7645,16832.3
iteration,2921,5.96557,5.76456,16838.3
iteration,2922,5.81999,5.76458,16844.1
iteration,2923,6.44053,5.76481,16850.6
iteration,2924,5.615,5.76476,16856.2
iteration,2925,6.2527,5.76493,16862.4
iteration,2926,5.39897,5.7648,16867.8
iteration,2927,5.8482,5.76483,16873.7
iteration,2928,6.05762,5.76493,16879.7
iteration,2929,6.28619,5.76511,16886
iteration,2930,5.69355,5.76509,16891.7
iteration,2931,6.64364,5.76539,16898.3
iteration,2932,2.10515,5.76414,16900.5
summary,2932,2.10515,5.76414,16900.5
iteration,1,41.6675,41.6675,41.6675
iteration,2,32.6566,37.1621,74.3241
iteration,3,15.7391,30.0211,90.0632
iteration,4,16.7304,26.6984,106.794
iteration,5,15.0487,24.3685,121.842
iteration,6,12.9851,22.4712,134.827
iteration,7,12.5777,21.0579,147.405
iteration,8,11.2858,19.8364,158.691
iteration,9,11.6431,18.926,170.334
iteration,10,11.3611,18.1695,181.695
iteration,11,10.2374,17.4484,191.932
iteration,12,10.8401,16.8977,202.773
iteration,13,10.9974,16.4438,213.77
iteration,14,10.7148,16.0346,224.485
iteration,15,9.93483,15.628,234.42
iteration,16,9.9843,15.2752,244.404
iteration,17,10.5325,14.9963,254.936
iteration,18,11.2578,14.7886,266.194
iteration,19,9.96297,14.5346,276.157
iteration,20,9.23137,14.2694,285.389
iteration,21,10.3278,14.0817,295.716
iteration,22,9.94543,13.8937,305.662
iteration,23,9.94532,13.722,315.607
iteration,24,9.91317,13.5633,325.52
iteration,25,9.70985,13.4092,335.23
iteration,26,10.138,13.2834,345.368
iteration,27,9.83213,13.1556,355.2
iteration,28,9.76368,13.0344,364.964
iteration,29,10.4467,12.9452,375.411
iteration,30,9.49174,12.8301,384.902
iteration,31,9.20204,12.713,394.104
iteration,32,9.84204,12.6233,403.946
iteration,33,9.97687,12.5431,413.923
iteration,34,9.06602,12.4409,422.989
iteration,35,9.25193,12.3498,432.241
iteration,36,9.19813,12.2622,441.439
iteration,37,9.48564,12.1872,450.925
iteration,38,9.28806,12.1109,460.213
iteration,39,9.37474,12.0407,469.588
iteration,40,9.19859,11.9697,478.786
iteration,41,10.2551,11.9278,489.042
iteration,42,9.18378,11.8625,498.225
iteration,43,9.32801,11.8036,507.553
iteration,44,8.80549,11.7354,516.359
iteration,45,9.78132,11.692,526.14
iteration,46,9.89499,11.6529,536.035
iteration,47,9.64138,11.6101,545.676
iteration,48,9.27519,11.5615,554.952
iteration,49,9.61533,11.5218,564.567
iteration,50,9.78411,11.487,574.351
iteration,51,9.2355,11.4429,583.587
iteration,52,12.0036,11.4537,595.59
iteration,53,10.1564,11.4292,605.747
iteration,54,9.52333,11.3939,615.27
iteration,55,9.3972,11.3576,624.667
iteration,56,10.3369,11.3394,635.004
iteration,57,9.80896,11.3125,644.813
iteration,58,9.54393,11.282,654.357
iteration,59,10.5308,11.2693,664.888
iteration,60,9.57772,11.2411,674.466
iteration,61,10.3842,11.227,684.85
iteration,62,10.2102,11.2106,695.06
iteration,63,9.45806,11.1828,704.518
iteration,64,9.63331,11.1586,714.151
iteration,65,10.0107,11.141,724.162
iteration,66,10.0046,11.1237,734.167
iteration,67,9.69999,11.1025,743.867
iteration,68,11.5266,11.1087,755.393
iteration,69,10.0047,11.0927,765.398
iteration,70,10.2567,11.0808,775.655
iteration,71,9.62699,11.0603,785.282
iteration,72,10.0121,11.0457,795.294
iteration,73,10.387,11.0367,805.681
iteration,74,9.71607,11.0189,815.397
iteration,75,9.72776,11.0017,825.125
iteration,76,9.71195,10.9847,834.837
iteration,77,10.2016,10.9745,845.038
iteration,78,10.3184,10.9661,855.357
iteration,79,10.53,10.9606,865.887
iteration,80,10.3545,10.953,876.241
iteration,81,10.3783,10.9459,886.619
iteration,82,9.74216,10.9312,896.361
iteration,83,9.87238,10.9185,906.234
iteration,84,9.853,10.9058,916.087
iteration,85,10.8473,10.9051,926.934
iteration,86,9.91208,10.8936,936.846
iteration,87,9.44571,10.8769,946.292
iteration,88,10.5656,10.8734,956.857
iteration,89,10.8724,10.8734,967.73
iteration,90,9.42535,10.8573,977.155
iteration,91,10.827,10.8569,987.982
iteration,92,10.4321,10.8523,998.414
iteration,93,10.0171,10.8433,1008.43
iteration,94,9.85929,10.8329,1018.29
iteration,95,9.58271,10.8197,1027.87
iteration,96,9.83158,10.8094,1037.7
iteration,97,9.61047,10.7971,1047.32
iteration,98,9.98201,10.7887,1057.3
iteration,99,10.1017,10.7818,1067.4
iteration,100,10.3062,10.7771,1077.71
iteration,101,10.0467,10.7698,1087.75
iteration,102,10.0979,10.7632,1097.85
iteration,103,10.3942,10.7597,1108.24
iteration,104,9.6362,10.7489,1117.88
iteration,105,8.84837,10.7308,1126.73
iteration,106,8.72103,10.7118,1135.45
iteration,107,9.67035,10.7021,1145.12
iteration,108,9.26979,10.6888,1154.39
iteration,109,8.7758,10.6712,1163.17
iteration,110,9.1945,10.6578,1172.36
iteration,111,10.2098,10.6538,1182.57
iteration,112,9.48364,10.6433,1192.05
iteration,113,8.46381,10.624,1200.52
iteration,114,8.88001,10.6088,1209.4
iteration,115,10.019,10.6036,1219.42
iteration,116,9.46852,10.5938,1228.89
iteration,117,9.40456,10.5837,1238.29
iteration,118,8.97983,10.5701,1247.27
iteration,119,9.25899,10.5591,1256.53
iteration,120,9.01632,10.5462,1265.54
iteration,121,8.99949,10.5334,1274.54
iteration,122,9.02377,10.521,1283.57
iteration,123,9.4777,10.5126,1293.05
iteration,124,9.90973,10.5077,1302.96
iteration,125,9.04841,10.496,1312
iteration,126,9.24139,10.4861,1321.25
iteration,127,9.23027,10.4762,1330.48
iteration,128,9.49077,10.4685,1339.97
iteration,129,9.09537,10.4578,1349.06
iteration,130,9.53144,10.4507,1358.59
iteration,131,10.0195,10.4474,1368.61
iteration,132,9.49365,10.4402,1378.11
iteration,133,8.86686,10.4284,1386.97
iteration,134,11.6631,10.4376,1398.64
iteration,135,9.71332,10.4322,1408.35
iteration,136,9.68031,10.4267,1418.03
iteration,137,10.2418,10.4253,1428.27
iteration,138,9.34608,10.4175,1437.62
iteration,139,8.92151,10.4068,1446.54
iteration,140,10.3268,10.4062,1456.87
iteration,141,9.60252,10.4005,1466.47
iteration,142,9.15423,10.3917,1475.62
iteration,143,12.1611,10.4041,1487.78
iteration,144,10.0723,10.4018,1497.86
iteration,145,9.90892,10.3984,1507.77
iteration,146,9.53625,10.3925,1517.3
iteration,147,10.1352,10.3907,1527.44
iteration,148,10.3187,10.3902,1537.76
iteration,149,9.0469,10.3812,1546.8
iteration,150,9.53436,10.3756,1556.34
iteration,151,10.6337,10.3773,1566.97
iteration,152,9.75116,10.3732,1576.72
iteration,153,9.33709,10.3664,1586.06
iteration,154,9.78755,10.3626,1595.85
iteration,155,11.5524,10.3703,1607.4
iteration,156,9.42361,10.3642,1616.82
iteration,157,10.4565,10.3648,1627.28
iteration,158,9.84743,10.3616,1637.13
iteration,159,9.83036,10.3582,1646.96
iteration,160,9.62215,10.3536,1656.58
iteration,161,9.64672,10.3492,1666.23
iteration,162,9.71059,10.3453,1675.94
iteration,163,10.3122,10.3451,1686.25
iteration,164,10.0164,10.3431,1696.26
iteration,165,9.60495,10.3386,1705.87
iteration,166,9.77553,10.3352,1715.65
iteration,167,10.43,10.3358,1726.07
iteration,168,9.91345,10.3333,1735.99
iteration,169,9.95822,10.331,1745.95
iteration,170,10.3206,10.331,1756.27
iteration,171,10.0781,10.3295,1766.35
iteration,172,10.3,10.3293,1776.65
iteration,173,9.38722,10.3239,1786.03
iteration,174,9.93784,10.3217,1795.97
iteration,175,10.2687,10.3214,1806.24
iteration,176,10.8335,10.3243,1817.07
iteration,177,11.4016,10.3304,1828.47
iteration,178,9.79121,10.3273,1838.27
iteration,179,10.2976,10.3272,1848.56
iteration,180,9.10449,10.3204,1857.67
iteration,181,10.1155,10.3192,1867.78
iteration,182,11.1005,10.3235,1878.88
iteration,183,9.97084,10.3216,1888.85
iteration,184,9.40554,10.3166,1898.26
iteration,185,9.35411,10.3114,1907.61
iteration,186,10.3028,10.3114,1917.92
iteration,187,9.92316,10.3093,1927.84
iteration,188,9.46714,10.3048,1937.31
iteration,189,9.61028,10.3012,1946.92
iteration,190,10.4763,10.3021,1957.39
iteration,191,9.78331,10.2994,1967.18
iteration,192,9.46118,10.295,1976.64
iteration,193,9.7148,10.292,1986.35
iteration,194,10.9967,10.2956,1997.35
iteration,195,9.2156,10.2901,2006.57
iteration,196,9.46565,10.2859,2016.03
iteration,197,9.98282,10.2843,2026.01
iteration,198,10.0169,10.283,2036.03
iteration,199,9.34991,10.2783,2045.38
iteration,200,9.48142,10.2743,2054.86
iteration,201,9.22794,10.2691,2064.09
iteration,202,10.9127,10.2723,2075
iteration,203,9.27824,10.2674,2084.28
iteration,204,9.69622,10.2646,2093.98
iteration,205,9.01821,10.2585,2103
iteration,206,9.97784,10.2572,2112.97
iteration,207,9.09197,10.2515,2122.07
iteration,208,9.97949,10.2502,2132.04
iteration,209,9.21579,10.2453,2141.26
iteration,210,9.62353,10.2423,2150.88
iteration,211,10.3113,10.2426,2161.2
iteration,212,9.79872,10.2405,2170.99
iteration,213,9.97281,10.2393,2180.97
iteration,214,9.9077,10.2377,2190.87
iteration,215,10.0499,10.2369,2200.92
iteration,216,9.04082,10.2313,2209.97
iteration,217,9.14538,10.2263,2219.11
iteration,218,10.1938,10.2262,2229.3
iteration,219,9.73489,10.2239,2239.04
iteration,220,9.30528,10.2197,2248.34
iteration,221,9.7839,10.2178,2258.13
iteration,222,10.1003,10.2172,2268.23
iteration,223,9.83372,10.2155,2278.06
iteration,224,9.31225,10.2115,2287.37
iteration,225,9.66539,10.2091,2297.04
iteration,226,10.243,10.2092,2307.28
iteration,227,9.36597,10.2055,2316.65
iteration,228,9.31226,10.2016,2325.96
iteration,229,10.2717,10.2019,2336.23
iteration,230,10.4724,10.2031,2346.71
iteration,231,9.56317,10.2003,2356.27
iteration,232,9.45312,10.1971,2365.72
iteration,233,9.96317,10.1961,2375.68
iteration,234,10.4277,10.1971,2386.11
iteration,235,9.33408,10.1934,2395.45
iteration,236,9.54978,10.1907,2405
iteration,237,9.87003,10.1893,2414.87
iteration,238,10.0446,10.1887,2424.91
iteration,239,9.15855,10.1844,2434.07
iteration,240,9.82103,10.1829,2443.89
iteration,241,9.52419,10.1801,2453.41
iteration,242,9.68201,10.1781,2463.1
iteration,243,10.2979,10.1786,2473.39
iteration,244,9.33256,10.1751,2482.73
iteration,245,9.17413,10.171,2491.9
iteration,246,9.94472,10.1701,2501.85
iteration,247,10.153,10.17,2512
iteration,248,9.47459,10.1672,2521.47
iteration,249,9.55565,10.1648,2531.03
iteration,250,10.4437,10.1659,2541.47
iteration,251,11.9902,10.1732,2553.46
iteration,252,9.47172,10.1704,2562.93
iteration,253,12.8391,10.1809,2575.77
iteration,254,9.73861,10.1792,2585.51
iteration,255,9.44989,10.1763,2594.96
iteration,256,9.33763,10.173,2604.3
iteration,257,10.6139,10.1748,2614.91
iteration,258,9.73877,10.1731,2624.65
iteration,259,9.47579,10.1704,2634.13
iteration,260,9.57782,10.1681,2643.71
iteration,261,10.2057,10.1682,2653.91
iteration,262,9.91259,10.1673,2663.82
iteration,263,9.62177,10.1652,2673.45
iteration,264,10.1254,10.165,2683.57
iteration,265,10.2345,10.1653,2693.81
iteration,266,10.0262,10.1648,2703.83
iteration,267,9.76484,10.1633,2713.6
iteration,268,9.98579,10.1626,2723.58
iteration,269,9.88494,10.1616,2733.47
iteration,270,9.84071,10.1604,2743.31
iteration,271,10.1415,10.1603,2753.45
iteration,272,9.81187,10.1591,2763.26
iteration,273,13.3092,10.1706,2776.57
iteration,274,9.86112,10.1695,2786.43
iteration,275,10.0812,10.1691,2796.51
iteration,276,9.88316,10.1681,2806.4
iteration,277,10.2047,10.1682,2816.6
iteration,278,10.2391,10.1685,2826.84
iteration,279,9.87238,10.1674,2836.71
iteration,280,10.1482,10.1674,2846.86
iteration,281,10.5384,10.1687,2857.4
iteration,282,10.5016,10.1699,2867.9
iteration,283,10.0186,10.1693,2877.92
iteration,284,11.1685,10.1728,2889.09
iteration,285,10.3396,10.1734,2899.43
iteration,286,9.5668,10.1713,2908.99
iteration,287,10.0458,10.1709,2919.04
iteration,288,11.6726,10.1761,2930.71
iteration,289,10.1868,10.1761,2940.9
iteration,290,9.73008,10.1746,2950.63
iteration,291,11.4064,10.1788,2962.04
iteration,292,10.3597,10.1794,2972.4
iteration,293,10.1664,10.1794,2982.56
iteration,294,10.1775,10.1794,2992.74
iteration,295,10.9904,10.1821,3003.73
iteration,296,10.84,10.1844,3014.57
iteration,297,10.1782,10.1843,3024.75
iteration,298,10.7942,10.1864,3035.54
iteration,299,10.7788,10.1884,3046.32
iteration,300,10.6971,10.1901,3057.02
iteration,301,10.3372,10.1906,3067.36
iteration,302,11.1943,10.1939,3078.55
iteration,303,10.7843,10.1958,3089.33
iteration,304,9.94255,10.195,3099.28
iteration,305,10.0573,10.1945,3109.33
iteration,306,10.374,10.1951,3119.71
iteration,307,10.7502,10.1969,3130.46
iteration,308,10.3811,10.1975,3140.84
iteration,309,9.72423,10.196,3150.56
iteration,310,11.1163,10.199,3161.68
iteration,311,13.7359,10.2103,3175.42
iteration,312,11.942,10.2159,3187.36
iteration,313,10.6182,10.2172,3197.98
iteration,314,11.1624,10.2202,3209.14
iteration,315,9.78561,10.2188,3218.92
iteration,316,9.80004,10.2175,3228.72
iteration,317,11.0068,10.22,3239.73
iteration,318,12.8012,10.2281,3252.53
iteration,319,9.69659,10.2264,3262.23
iteration,320,10.5281,10.2274,3272.76
iteration,321,11.4057,10.231,3284.16
iteration,322,10.5141,10.2319,3294.68
iteration,323,9.60003,10.23,3304.28
iteration,324,11.5153,10.2339,3315.79
iteration,325,10.3549,10.2343,3326.15
iteration,326,9.81725,10.233,3335.96
iteration,327,9.9782,10.2322,3345.94
iteration,328,11.6445,10.2365,3357.59
iteration,329,10.334,10.2368,3367.92
iteration,330,10.3616,10.2372,3378.28
iteration,331,10.6929,10.2386,3388.98
iteration,332,10.2189,10.2385,3399.19
iteration,333,10.1894,10.2384,3409.38
iteration,334,10.3403,10.2387,3419.72
iteration,335,9.78501,10.2373,3429.51
iteration,336,10.1299,10.237,3439.64
iteration,337,9.96324,10.2362,3449.6
iteration,338,10.2586,10.2363,3459.86
iteration,339,10.1056,10.2359,3469.97
iteration,340,10.5623,10.2368,3480.53
iteration,341,10.5237,10.2377,3491.05
iteration,342,10.0456,10.2371,3501.1
iteration,343,10.3946,10.2376,3511.49
iteration,344,10.1539,10.2373,3521.65
iteration,345,10.4526,10.238,3532.1
iteration,346,10.1777,10.2378,3542.28
iteration,347,11.132,10.2404,3553.41
iteration,348,10.2179,10.2403,3563.63
iteration,349,12.1394,10.2457,3575.77
iteration,350,10.7402,10.2472,3586.51
iteration,351,10.2825,10.2473,3596.79
iteration,352,10.4392,10.2478,3607.23
iteration,353,9.24808,10.245,3616.48
iteration,354,10.4789,10.2456,3626.96
iteration,355,10.6301,10.2467,3637.59
iteration,356,9.75627,10.2453,3647.34
iteration,357,9.46754,10.2432,3656.81
iteration,358,10.6881,10.2444,3667.5
iteration,359,10.2847,10.2445,3677.78
iteration,360,10.3324,10.2448,3688.11
iteration,361,10.1119,10.2444,3698.23
iteration,362,10.8002,10.2459,3709.03
iteration,363,10.6175,10.247,3719.64
iteration,364,9.52647,10.245,3729.17
iteration,365,11.0429,10.2472,3740.21
iteration,366,9.71644,10.2457,3749.93
iteration,367,9.94995,10.2449,3759.88
iteration,368,9.79016,10.2437,3769.67
iteration,369,10.0622,10.2432,3779.73
iteration,370,10.3155,10.2434,3790.05
iteration,371,9.75071,10.242,3799.8
iteration,372,10.2465,10.2421,3810.04
iteration,373,9.73069,10.2407,3819.78
iteration,374,9.98167,10.24,3829.76
iteration,375,10.3303,10.2402,3840.09
iteration,376,9.50782,10.2383,3849.6
iteration,377,10.252,10.2383,3859.85
iteration,378,9.30539,10.2359,3869.15
iteration,379,10.1132,10.2355,3879.27
iteration,380,9.13944,10.2326,3888.41
iteration,381,10.014,10.2321,3898.42
iteration,382,10.1166,10.2318,3908.54
iteration,383,10.2195,10.2317,3918.76
iteration,384,9.84362,10.2307,3928.6
iteration,385,11.171,10.2332,3939.77
iteration,386,10.4398,10.2337,3950.21
iteration,387,9.69123,10.2323,3959.9
iteration,388,9.22674,10.2297,3969.13
iteration,389,11.1651,10.2321,3980.29
iteration,390,9.58841,10.2305,3989.88
iteration,391,9.79575,10.2294,3999.68
iteration,392,9.51914,10.2275,4009.2
iteration,393,11.2402,10.2301,4020.44
iteration,394,9.55707,10.2284,4029.99
iteration,395,9.06872,10.2255,4039.06
iteration,396,10.7467,10.2268,4049.81
iteration,397,10.1588,10.2266,4059.97
iteration,398,9.38634,10.2245,4069.35
iteration,399,9.67699,10.2231,4079.03
iteration,400,10.5556,10.224,4089.59
iteration,401,10.5151,10.2247,4100.1
iteration,402,9.77518,10.2236,4109.88
iteration,403,10.4465,10.2241,4120.32
iteration,404,11.0418,10.2262,4131.37
iteration,405,9.63739,10.2247,4141
iteration,406,9.80194,10.2237,4150.8
iteration,407,10.1245,10.2234,4160.93
iteration,408,10.136,10.2232,4171.07
iteration,409,9.88765,10.2224,4180.95
iteration,410,10.5998,10.2233,4191.55
iteration,411,9.56139,10.2217,4201.11
iteration,412,12.1694,10.2264,4213.28
iteration,413,10.4059,10.2269,4223.69
iteration,414,11.9393,10.231,4235.63
iteration,415,10.3319,10.2312,4245.96
iteration,416,10.0944,10.2309,4256.05
iteration,417,10.1255,10.2306,4266.18
iteration,418,9.93408,10.2299,4276.11
iteration,419,10.6071,10.2308,4286.72
iteration,420,10.373,10.2312,4297.09
iteration,421,9.94235,10.2305,4307.04
iteration,422,9.98761,10.2299,4317.02
iteration,423,11.2054,10.2322,4328.23
iteration,424,9.94012,10.2315,4338.17
iteration,425,9.8172,10.2306,4347.99
iteration,426,9.60597,10.2291,4357.59
iteration,427,10.749,10.2303,4368.34
iteration,428,10.594,10.2312,4378.94
iteration,429,9.97957,10.2306,4388.92
iteration,430,10.3573,10.2309,4399.27
iteration,431,11.3977,10.2336,4410.67
iteration,432,10.0604,10.2332,4420.73
iteration,433,10.2052,10.2331,4430.94
iteration,434,11.1074,10.2351,4442.04
iteration,435,9.73036,10.234,4451.77
iteration,436,9.99587,10.2334,4461.77
iteration,437,10.641,10.2344,4472.41
iteration,438,10.7403,10.2355,4483.15
iteration,439,9.8703,10.2347,4493.02
iteration,440,10.1346,10.2344,4503.16
iteration,441,10.376,10.2348,4513.53
iteration,442,10.6303,10.2357,4524.16
iteration,443,10.1817,10.2355,4534.34
iteration,444,12.1461,10.2398,4546.49
iteration,445,10.9874,10.2415,4557.48
iteration,446,9.89254,10.2407,4567.37
iteration,447,10.2523,10.2408,4577.62
iteration,448,9.81102,10.2398,4587.43
iteration,449,10.4989,10.2404,4597.93
iteration,450,10.6372,10.2413,4608.57
iteration,451,10.4642,10.2418,4619.03
iteration,452,9.60158,10.2403,4628.64
iteration,453,10.3319,10.2405,4638.97
iteration,454,10.414,10.2409,4649.38
iteration,455,9.5805,10.2395,4658.96
iteration,456,9.87853,10.2387,4668.84
iteration,457,11.2193,10.2408,4680.06
iteration,458,9.72277,10.2397,4689.78
iteration,459,9.50263,10.2381,4699.29
iteration,460,10.1469,10.2379,4709.43
iteration,461,10.5208,10.2385,4719.95
iteration,462,9.72659,10.2374,4729.68
iteration,463,9.60356,10.236,4739.28
iteration,464,10.7348,10.2371,4750.02
iteration,465,10.3199,10.2373,4760.34
iteration,466,9.99988,10.2368,4770.34
iteration,467,9.79108,10.2358,4780.13
iteration,468,10.745,10.2369,4790.87
iteration,469,10.2127,10.2369,4801.09
iteration,470,9.69613,10.2357,4810.78
iteration,471,10.3061,10.2359,4821.09
iteration,472,10.705,10.2369,4831.79
iteration,473,9.78758,10.2359,4841.58
iteration,474,10.2226,10.2359,4851.8
iteration,475,10.3479,10.2361,4862.15
iteration,476,12.1198,10.2401,4874.27
iteration,477,10.1674,10.2399,4884.44
iteration,478,10.1078,10.2396,4894.55
iteration,479,9.99835,10.2391,4904.55
iteration,480,10.5701,10.2398,4915.12
iteration,481,10.0945,10.2395,4925.21
iteration,482,9.3663,10.2377,4934.58
iteration,483,10.0302,10.2373,4944.61
iteration,484,10.1469,10.2371,4954.75
iteration,485,9.93146,10.2365,4964.68
iteration,486,9.97593,10.2359,4974.66
iteration,487,10.3354,10.2361,4985
iteration,488,10.611,10.2369,4995.61
iteration,489,12.3152,10.2411,5007.92
iteration,490,9.58132,10.2398,5017.5
iteration,491,11.0766,10.2415,5028.58
iteration,492,9.96549,10.2409,5038.55
iteration,493,10.7885,10.2421,5049.33
iteration,494,9.83694,10.2412,5059.17
iteration,495,10.3828,10.2415,5069.55
iteration,496,10.0771,10.2412,5079.63
iteration,497,9.83979,10.2404,5089.47
iteration,498,13.3569,10.2466,5102.83
iteration,499,10.4914,10.2471,5113.32
iteration,500,9.45052,10.2455,5122.77
iteration,501,9.60974,10.2443,5132.38
iteration,502,10.68,10.2451,5143.06
iteration,503,10.0991,10.2448,5153.16
iteration,504,9.89763,10.2442,5163.06
iteration,505,10.463,10.2446,5173.52
iteration,506,10.6327,10.2454,5184.15
iteration,507,9.79535,10.2445,5193.95
iteration,508,10.3451,10.2447,5204.29
iteration,509,11.6574,10.2474,5215.95
iteration,510,9.94341,10.2468,5225.89
iteration,511,10.2531,10.2469,5236.15
iteration,512,10.383,10.2471,5246.53
iteration,513,10.1959,10.247,5256.73
iteration,514,9.88433,10.2463,5266.61
iteration,515,10.3033,10.2464,5276.91
iteration,516,9.68989,10.2454,5286.6
iteration,517,11.1148,10.247,5297.72
iteration,518,9.90546,10.2464,5307.62
iteration,519,10.6145,10.2471,5318.24
iteration,520,9.70604,10.246,5327.94
iteration,521,11.0581,10.2476,5339
iteration,522,10.3986,10.2479,5349.4
iteration,523,10.1966,10.2478,5359.6
iteration,524,9.4672,10.2463,5369.06
iteration,525,11.1695,10.2481,5380.23
iteration,526,10.4437,10.2484,5390.68
iteration,527,10.2762,10.2485,5400.95
iteration,528,10.6176,10.2492,5411.57
iteration,529,10.2197,10.2491,5421.79
iteration,530,9.99053,10.2486,5431.78
iteration,531,10.0243,10.2482,5441.81
iteration,532,10.9224,10.2495,5452.73
iteration,533,10.0096,10.249,5462.74
iteration,534,10.0146,10.2486,5472.75
iteration,535,10.4144,10.2489,5483.17
iteration,536,10.6277,10.2496,5493.79
iteration,537,10.6475,10.2504,5504.44
iteration,538,10.3776,10.2506,5514.82
iteration,539,11.1199,10.2522,5525.94
iteration,540,10.2748,10.2522,5536.21
iteration,541,10.3829,10.2525,5546.6
iteration,542,9.77472,10.2516,5556.37
iteration,543,10.4988,10.2521,5566.87
iteration,544,10.3232,10.2522,5577.19
iteration,545,9.76246,10.2513,5586.96
iteration,546,10.4435,10.2516,5597.4
iteration,547,10.8355,10.2527,5608.24
iteration,548,10.1836,10.2526,5618.42
iteration,549,11.1538,10.2542,5629.57
iteration,550,9.5863,10.253,5639.16
iteration,551,10.6929,10.2538,5649.85
iteration,552,10.6901,10.2546,5660.54
iteration,553,10.5143,10.2551,5671.06
iteration,554,11.2338,10.2568,5682.29
iteration,555,10.0148,10.2564,5692.31
iteration,556,10.556,10.2569,5702.86
iteration,557,10.1996,10.2568,5713.06
iteration,558,10.5194,10.2573,5723.58
iteration,559,10.9305,10.2585,5734.51
iteration,560,9.79375,10.2577,5744.3
iteration,561,12.5208,10.2617,5756.83
iteration,562,10.9965,10.263,5767.82
iteration,563,9.92499,10.2624,5777.75
iteration,564,10.5602,10.263,5788.31
iteration,565,11.3827,10.2649,5799.69
iteration,566,10.3422,10.2651,5810.03
iteration,567,10.0275,10.2647,5820.06
iteration,568,10.1373,10.2644,5830.2
iteration,569,13.2766,10.2697,5843.47
iteration,570,10.2063,10.2696,5853.68
iteration,571,10.371,10.2698,5864.05
iteration,572,11.3131,10.2716,5875.36
iteration,573,10.0803,10.2713,5885.44
iteration,574,9.86624,10.2706,5895.31
iteration,575,12.2908,10.2741,5907.6
iteration,576,11.0429,10.2754,5918.64
iteration,577,10.0997,10.2751,5928.74
iteration,578,10.0518,10.2747,5938.8
iteration,579,10.3748,10.2749,5949.17
iteration,580,11.4304,10.2769,5960.6
iteration,581,10.6948,10.2776,5971.3
iteration,582,10.3812,10.2778,5981.68
iteration,583,11.2113,10.2794,5992.89
iteration,584,9.8243,10.2786,6002.71
iteration,585,10.1276,10.2784,6012.84
iteration,586,10.2749,10.2784,6023.11
iteration,587,10.5256,10.2788,6033.64
iteration,588,9.90068,10.2781,6043.54
iteration,589,9.92727,10.2775,6053.47
iteration,590,9.56963,10.2763,6063.04
iteration,591,10.6264,10.2769,6073.66
iteration,592,12.3732,10.2805,6086.04
iteration,593,10.203,10.2803,6096.24
iteration,594,10.1531,10.2801,6106.39
iteration,595,11.2737,10.2818,6117.67
iteration,596,9.7806,10.281,6127.45
iteration,597,9.92184,10.2804,6137.37
iteration,598,10.2362,10.2803,6147.61
iteration,599,10.4401,10.2805,6158.05
iteration,600,9.98764,10.2801,6168.03
iteration,601,9.65199,10.279,6177.69
iteration,602,10.7299,10.2798,6188.42
iteration,603,10.0731,10.2794,6198.49
iteration,604,9.91968,10.2788,6208.41
iteration,605,9.53928,10.2776,6217.95
iteration,606,11.4777,10.2796,6229.43
iteration,607,10.2866,10.2796,6239.71
iteration,608,10.2285,10.2795,6249.94
iteration,609,10.4854,10.2798,6260.43
iteration,610,10.0315,10.2794,6270.46
iteration,611,9.95775,10.2789,6280.41
iteration,612,10.3463,10.279,6290.76
iteration,613,10.6608,10.2796,6301.42
iteration,614,9.89584,10.279,6311.32
iteration,615,9.69691,10.2781,6321.01
iteration,616,10.7209,10.2788,6331.74
iteration,617,10.5414,10.2792,6342.28
iteration,618,9.71742,10.2783,6351.99
iteration,619,10.4018,10.2785,6362.4
iteration,620,10.0996,10.2782,6372.5
iteration,621,10.923,10.2793,6383.42
iteration,622,10.8904,10.2802,6394.31
iteration,623,9.8204,10.2795,6404.13
iteration,624,10.4564,10.2798,6414.59
iteration,625,10.4784,10.2801,6425.06
iteration,626,9.71737,10.2792,6434.78
iteration,627,9.67653,10.2782,6444.46
iteration,628,10.3559,10.2784,6454.81
iteration,629,10.999,10.2795,6465.81
iteration,630,9.85335,10.2788,6475.67
iteration,631,9.68177,10.2779,6485.35
iteration,632,10.6738,10.2785,6496.02
iteration,633,10.187,10.2784,6506.21
iteration,634,9.63509,10.2774,6515.84
iteration,635,10.0192,10.277,6525.86
iteration,636,10.6531,10.2775,6536.52
iteration,637,9.91999,10.277,6546.44
iteration,638,10.0816,10.2767,6556.52
iteration,639,9.57397,10.2756,6566.09
iteration,640,11.011,10.2767,6577.1
iteration,641,9.5813,10.2756,6586.68
iteration,642,9.49109,10.2744,6596.18
iteration,643,11.1529,10.2758,6607.33
iteration,644,9.98671,10.2753,6617.31
iteration,645,9.7928,10.2746,6627.11
iteration,646,9.71609,10.2737,6636.82
iteration,647,10.1062,10.2735,6646.93
iteration,648,10.6373,10.274,6657.57
iteration,649,9.63314,10.273,6667.2
iteration,650,10.5227,10.2734,6677.72
iteration,651,10.9201,10.2744,6688.64
iteration,652,9.84765,10.2738,6698.49
iteration,653,10.137,10.2735,6708.63
iteration,654,10.5112,10.2739,6719.14
iteration,655,10.7352,10.2746,6729.87
iteration,656,9.88563,10.274,6739.76
iteration,657,10.5214,10.2744,6750.28
iteration,658,12.2359,10.2774,6762.52
iteration,659,10.428,10.2776,6772.95
iteration,660,10.8038,10.2784,6783.75
iteration,661,9.61905,10.2774,6793.37
iteration,662,10.3838,10.2776,6803.75
iteration,663,10.3359,10.2777,6814.09
iteration,664,10.2114,10.2776,6824.3
iteration,665,9.62811,10.2766,6833.93
iteration,666,10.0237,10.2762,6843.95
iteration,667,10.8217,10.277,6854.77
iteration,668,11.8889,10.2794,6866.66
iteration,669,9.52498,10.2783,6876.19
iteration,670,11.2532,10.2798,6887.44
iteration,671,9.76912,10.279,6897.21
iteration,672,9.90983,10.2785,6907.12
iteration,673,9.45919,10.2772,6916.58
iteration,674,10.9525,10.2782,6927.53
iteration,675,10.486,10.2785,6938.02
iteration,676,10.023,10.2782,6948.04
iteration,677,10.5365,10.2785,6958.58
iteration,678,10.5941,10.279,6969.17
iteration,679,9.70208,10.2782,6978.87
iteration,680,9.3346,10.2768,6988.21
iteration,681,10.4764,10.2771,6998.68
iteration,682,10.0962,10.2768,7008.78
iteration,683,10.4279,10.277,7019.21
iteration,684,10.1266,10.2768,7029.33
iteration,685,10.3794,10.277,7039.71
iteration,686,9.99135,10.2765,7049.7
iteration,687,10.6228,10.277,7060.33
iteration,688,9.95746,10.2766,7070.28
iteration,689,11.0248,10.2777,7081.31
iteration,690,9.87241,10.2771,7091.18
iteration,691,10.2496,10.277,7101.43
iteration,692,9.63493,10.2761,7111.07
iteration,693,11.4373,10.2778,7122.5
iteration,694,10.3446,10.2779,7132.85
iteration,695,10.4985,10.2782,7143.35
iteration,696,10.7914,10.2789,7154.14
iteration,697,11.3551,10.2805,7165.49
iteration,698,10.1615,10.2803,7175.65
iteration,699,9.70237,10.2795,7185.36
iteration,700,11.165,10.2807,7196.52
iteration,701,10.5908,10.2812,7207.11
iteration,702,10.3183,10.2812,7217.43
iteration,703,10.3976,10.2814,7227.83
iteration,704,11.1886,10.2827,7239.02
iteration,705,9.82771,10.2821,7248.85
iteration,706,9.77799,10.2813,7258.62
iteration,707,10.9185,10.2822,7269.54
iteration,708,11.495,10.284,7281.04
iteration,709,9.98314,10.2835,7291.02
iteration,710,10.2102,10.2834,7301.23
iteration,711,11.6015,10.2853,7312.83
iteration,712,10.8338,10.286,7323.67
iteration,713,9.84403,10.2854,7333.51
iteration,714,11.8929,10.2877,7345.4
iteration,715,11.7436,10.2897,7357.15
iteration,716,13.6005,10.2943,7370.75
iteration,717,10.7446,10.295,7381.49
iteration,718,11.3177,10.2964,7392.81
iteration,719,10.543,10.2967,7403.35
iteration,720,12.7608,10.3002,7416.11
iteration,721,10.6524,10.3006,7426.76
iteration,722,10.2235,10.3005,7436.99
iteration,723,10.404,10.3007,7447.39
iteration,724,9.74336,10.2999,7457.14
iteration,725,12.7158,10.3032,7469.85
iteration,726,10.419,10.3034,7480.27
iteration,727,11.1607,10.3046,7491.43
iteration,728,11.0799,10.3056,7502.51
iteration,729,10.4811,10.3059,7512.99
iteration,730,10.489,10.3061,7523.48
iteration,731,11.0312,10.3071,7534.51
iteration,732,11.7808,10.3091,7546.29
iteration,733,10.2612,10.3091,7556.55
iteration,734,10.0925,10.3088,7566.65
iteration,735,10.514,10.3091,7577.16
iteration,736,10.9544,10.3099,7588.12
iteration,737,10.64,10.3104,7598.76
iteration,738,11.06,10.3114,7609.82
iteration,739,10.3353,10.3114,7620.15
iteration,740,11.0158,10.3124,7631.17
iteration,741,10.4658,10.3126,7641.63
iteration,742,9.94222,10.3121,7651.57
iteration,743,11.5573,10.3138,7663.13
iteration,744,10.7417,10.3143,7673.87
iteration,745,10.1979,10.3142,7684.07
iteration,746,10.9189,10.315,7694.99
iteration,747,10.7903,10.3156,7705.78
iteration,748,10.1542,10.3154,7715.93
iteration,749,10.5594,10.3157,7726.49
iteration,750,11.3831,10.3172,7737.88
iteration,751,12.888,10.3206,7750.77
iteration,752,9.89533,10.32,7760.66
iteration,753,10.0943,10.3197,7770.75
iteration,754,10.4633,10.3199,7781.22
iteration,755,10.2412,10.3198,7791.46
iteration,756,10.9095,10.3206,7802.37
iteration,757,10.6089,10.321,7812.98
iteration,758,10.3729,10.321,7823.35
iteration,759,10.7744,10.3216,7834.13
iteration,760,10.23,10.3215,7844.36
iteration,761,11.1796,10.3226,7855.53
iteration,762,11.874,10.3247,7867.41
iteration,763,10.1063,10.3244,7877.51
iteration,764,9.73904,10.3236,7887.25
iteration,765,11.0689,10.3246,7898.32
iteration,766,10.654,10.325,7908.98
iteration,767,11.0979,10.326,7920.07
iteration,768,11.4405,10.3275,7931.52
iteration,769,11.3455,10.3288,7942.86
iteration,770,9.89131,10.3282,7952.75
iteration,771,10.1499,10.328,7962.9
iteration,772,10.887,10.3287,7973.79
iteration,773,10.0599,10.3284,7983.85
iteration,774,10.8923,10.3291,7994.74
iteration,775,10.053,10.3288,8004.79
iteration,776,11.5818,10.3304,8016.38
iteration,777,10.0063,10.33,8026.38
iteration,778,9.85789,10.3294,8036.24
iteration,779,10.718,10.3299,8046.96
iteration,780,10.3913,10.3299,8057.35
iteration,781,9.9798,10.3295,8067.33
iteration,782,10.455,10.3296,8077.78
iteration,783,10.6746,10.3301,8088.46
iteration,784,9.80048,10.3294,8098.26
iteration,785,9.81578,10.3288,8108.08
iteration,786,10.5455,10.329,8118.62
iteration,787,10.1626,10.3288,8128.78
iteration,788,10.2265,10.3287,8139.01
iteration,789,10.8268,10.3293,8149.84
iteration,790,10.9552,10.3301,8160.79
iteration,791,10.5941,10.3304,8171.39
iteration,792,10.1299,10.3302,8181.52
iteration,793,10.3623,10.3302,8191.88
iteration,794,10.2815,10.3302,8202.16
iteration,795,10.6199,10.3305,8212.78
iteration,796,10.1774,10.3303,8222.96
iteration,797,10.0075,10.3299,8232.96
iteration,798,11.0513,10.3308,8244.02
iteration,799,11.0272,10.3317,8255.04
iteration,800,9.73334,10.331,8264.78
iteration,801,9.61905,10.3301,8274.4
iteration,802,10.9285,10.3308,8285.32
iteration,803,10.1785,10.3306,8295.5
iteration,804,9.79001,10.33,8305.29
iteration,805,10.9093,10.3307,8316.2
iteration,806,10.7514,10.3312,8326.95
iteration,807,10.6441,10.3316,8337.6
iteration,808,10.1908,10.3314,8347.79
iteration,809,10.7509,10.3319,8358.54
iteration,810,9.92582,10.3314,8368.46
iteration,811,10.6365,10.3318,8379.1
iteration,812,10.2429,10.3317,8389.34
iteration,813,10.6624,10.3321,8400.01
iteration,814,9.84996,10.3315,8409.86
iteration,815,9.47638,10.3305,8419.33
iteration,816,10.4574,10.3306,8429.79
iteration,817,9.77768,10.3299,8439.57
iteration,818,9.85927,10.3294,8449.43
iteration,819,9.62287,10.3285,8459.05
iteration,820,9.81989,10.3279,8468.87
iteration,821,10.663,10.3283,8479.53
iteration,822,9.8919,10.3278,8489.42
iteration,823,10.0007,10.3274,8499.43
iteration,824,10.7537,10.3279,8510.18
iteration,825,10.4374,10.328,8520.62
iteration,826,9.67617,10.3272,8530.29
iteration,827,10.1462,10.327,8540.44
iteration,828,10.8058,10.3276,8551.24
iteration,829,9.92841,10.3271,8561.17
iteration,830,10.5877,10.3274,8571.76
iteration,831,9.84363,10.3268,8581.6
iteration,832,10.2534,10.3268,8591.86
iteration,833,10.2366,10.3266,8602.09
iteration,834,12.4716,10.3292,8614.57
iteration,835,10.0903,10.3289,8624.66
iteration,836,10.8342,10.3295,8635.49
iteration,837,10.1389,10.3293,8645.63
iteration,838,9.72729,10.3286,8655.36
iteration,839,10.2222,10.3285,8665.58
iteration,840,10.6106,10.3288,8676.19
iteration,841,9.7944,10.3282,8685.98
iteration,842,9.98362,10.3278,8695.97
iteration,843,11.5401,10.3292,8707.51
iteration,844,12.7332,10.332,8720.24
iteration,845,9.89492,10.3315,8730.14
iteration,846,9.24122,10.3302,8739.38
iteration,847,10.9899,10.331,8750.37
iteration,848,10.1117,10.3308,8760.48
iteration,849,9.93963,10.3303,8770.42
iteration,850,11.2147,10.3313,8781.63
iteration,851,10.4326,10.3315,8792.07
iteration,852,9.72617,10.3307,8801.79
iteration,853,9.68732,10.33,8811.48
iteration,854,10.6501,10.3304,8822.13
iteration,855,10.9003,10.331,8833.03
iteration,856,9.6669,10.3303,8842.7
iteration,857,10.0988,10.33,8852.8
iteration,858,12.5167,10.3325,8865.31
iteration,859,9.74974,10.3319,8875.06
iteration,860,12.7638,10.3347,8887.83
iteration,861,9.92135,10.3342,8897.75
iteration,862,10.5403,10.3344,8908.29
iteration,863,10.3395,10.3344,8918.63
iteration,864,9.74939,10.3338,8928.38
iteration,865,12.389,10.3361,8940.76
iteration,866,10.558,10.3364,8951.32
iteration,867,11.8596,10.3382,8963.18
iteration,868,10.3574,10.3382,8973.54
iteration,869,10.9984,10.3389,8984.54
iteration,870,10.8817,10.3396,8995.42
iteration,871,10.3109,10.3395,9005.73
iteration,872,10.1251,10.3393,9015.86
iteration,873,11.7562,10.3409,9027.61
iteration,874,10.1983,10.3407,9037.81
iteration,875,9.87611,10.3402,9047.69
iteration,876,10.8596,10.3408,9058.55
iteration,877,9.8376,10.3402,9068.38
iteration,878,9.92254,10.3398,9078.31
iteration,879,10.1678,10.3396,9088.47
iteration,880,11.0811,10.3404,9099.56
iteration,881,10.0997,10.3401,9109.66
iteration,882,10.2505,10.34,9119.91
iteration,883,10.7381,10.3405,9130.64
iteration,884,11.2614,10.3415,9141.91
iteration,885,10.6861,10.3419,9152.59
iteration,886,10.0328,10.3416,9162.62
iteration,887,11.2174,10.3425,9173.84
iteration,888,10.3797,10.3426,9184.22
iteration,889,10.0713,10.3423,9194.29
iteration,890,10.2861,10.3422,9204.58
iteration,891,10.9335,10.3429,9215.51
iteration,892,9.87654,10.3424,9225.39
iteration,893,10.7738,10.3428,9236.16
iteration,894,9.75079,10.3422,9245.91
iteration,895,10.6003,10.3425,9256.51
iteration,896,9.71245,10.3418,9266.23
iteration,897,10.5141,10.342,9276.74
iteration,898,10.7514,10.3424,9287.49
iteration,899,10.9081,10.343,9298.4
iteration,900,10.6177,10.3434,9309.02
iteration,901,10.0475,10.343,9319.06
iteration,902,11.2332,10.344,9330.3
iteration,903,10.5616,10.3443,9340.86
iteration,904,10.1903,10.3441,9351.05
iteration,905,10.1517,10.3439,9361.2
iteration,906,11.1534,10.3448,9372.36
iteration,907,10.3536,10.3448,9382.71
iteration,908,9.98011,10.3444,9392.69
iteration,909,11.6701,10.3458,9404.36
iteration,910,11.947,10.3476,9416.31
iteration,911,9.85821,10.3471,9426.16
iteration,912,10.0423,10.3467,9436.21
iteration,913,11.1442,10.3476,9447.35
iteration,914,9.98876,10.3472,9457.34
iteration,915,9.84445,10.3466,9467.18
iteration,916,10.9338,10.3473,9478.12
iteration,917,11.5922,10.3486,9489.71
iteration,918,10.1418,10.3484,9499.85
iteration,919,9.89998,10.3479,9509.75
iteration,920,11.1262,10.3488,9520.88
iteration,921,10.6135,10.3491,9531.49
iteration,922,11.3407,10.3501,9542.83
iteration,923,10.656,10.3505,9553.49
iteration,924,10.5609,10.3507,9564.05
iteration,925,9.8145,10.3501,9573.86
iteration,926,10.3774,10.3502,9584.24
iteration,927,10.5888,10.3504,9594.83
iteration,928,13.3817,10.3537,9608.21
iteration,929,9.87309,10.3532,9618.08
iteration,930,10.5942,10.3534,9628.68
iteration,931,10.7501,10.3538,9639.43
iteration,932,10.511,10.354,9649.94
iteration,933,10.9903,10.3547,9660.93
iteration,934,10.8138,10.3552,9671.74
iteration,935,10.8329,10.3557,9682.58
iteration,936,10.4855,10.3558,9693.06
iteration,937,9.7527,10.3552,9702.81
iteration,938,10.7032,10.3556,9713.52
iteration,939,10.5116,10.3557,9724.03
iteration,940,11.5658,10.357,9735.6
iteration,941,10.0671,10.3567,9745.66
iteration,942,10.3369,10.3567,9756
iteration,943,11.0788,10.3575,9767.08
iteration,944,9.91552,10.357,9776.99
iteration,945,10.3547,10.357,9787.35
iteration,946,11.2698,10.3579,9798.62
iteration,947,10.4899,10.3581,9809.11
iteration,948,10.2919,10.358,9819.4
iteration,949,10.8533,10.3585,9830.25
iteration,950,10.5739,10.3588,9840.83
iteration,951,9.81649,10.3582,9850.64
iteration,952,10.4992,10.3583,9861.14
iteration,953,11.2589,10.3593,9872.4
iteration,954,10.8886,10.3598,9883.29
iteration,955,10.5225,10.36,9893.81
iteration,956,10.5211,10.3602,9904.33
iteration,957,10.2786,10.3601,9914.61
iteration,958,10.0367,10.3598,9924.65
iteration,959,11.2462,10.3607,9935.9
iteration,960,10.2057,10.3605,9946.1
iteration,961,10.4664,10.3606,9956.57
iteration,962,10.1974,10.3605,9966.77
iteration,963,10.5558,10.3607,9977.32
iteration,964,10.3915,10.3607,9987.71
iteration,965,10.7728,10.3611,9998.49
iteration,966,10.4808,10.3612,10009
iteration,967,10.2234,10.3611,10019.2
iteration,968,10.6504,10.3614,10029.8
iteration,969,10.7254,10.3618,10040.6
iteration,970,10.0286,10.3614,10050.6
iteration,971,11.0243,10.3621,10061.6
iteration,972,11.1258,10.3629,10072.7
iteration,973,10.1067,10.3626,10082.9
iteration,974,12.3146,10.3646,10095.2
iteration,975,11.0362,10.3653,10106.2
iteration,976,10.6242,10.3656,10116.8
iteration,977,9.9666,10.3652,10126.8
iteration,978,10.0343,10.3649,10136.8
iteration,979,13.2385,10.3678,10150.1
iteration,980,10.238,10.3677,10160.3
iteration,981,11.7258,10.369,10172
iteration,982,10.9423,10.3696,10183
iteration,983,10.3284,10.3696,10193.3
iteration,984,9.72577,10.3689,10203
iteration,985,9.95676,10.3685,10213
iteration,986,10.8165,10.369,10223.8
iteration,987,10.3151,10.3689,10234.1
iteration,988,9.2675,10.3678,10243.4
iteration,989,10.2307,10.3677,10253.6
iteration,990,10.7021,10.368,10264.3
iteration,991,9.91307,10.3675,10274.2
iteration,992,10.3585,10.3675,10284.6
iteration,993,9.62279,10.3668,10294.2
iteration,994,10.2306,10.3666,10304.4
iteration,995,10.2268,10.3665,10314.7
iteration,996,10.5733,10.3667,10325.2
iteration,997,12.4905,10.3688,10337.7
iteration,998,9.67889,10.3681,10347.4
iteration,999,10.5616,10.3683,10358
iteration,1000,9.8486,10.3678,10367.8
iteration,1001,10.2808,10.3677,10378.1
iteration,1002,11.1018,10.3685,10389.2
iteration,1003,10.14,10.3682,10399.3
iteration,1004,9.29623,10.3672,10408.6
iteration,1005,10.5193,10.3673,10419.2
iteration,1006,10.9286,10.3679,10430.1
iteration,1007,9.64729,10.3672,10439.7
iteration,1008,9.92627,10.3667,10449.7
iteration,1009,11.1867,10.3675,10460.8
iteration,1010,9.70719,10.3669,10470.6
iteration,1011,9.44075,10.366,10480
iteration,1012,9.51233,10.3651,10489.5
iteration,1013,11.1714,10.3659,10500.7
iteration,1014,10.288,10.3658,10511
iteration,1015,9.87572,10.3654,10520.8
iteration,1016,10.5602,10.3656,10531.4
iteration,1017,10.4556,10.3656,10541.9
iteration,1018,12.0838,10.3673,10553.9
iteration,1019,11.4653,10.3684,10565.4
iteration,1020,10.9071,10.3689,10576.3
iteration,1021,10.2715,10.3688,10586.6
iteration,1022,9.61623,10.3681,10596.2
iteration,1023,11.1442,10.3689,10607.3
iteration,1024,10.8456,10.3693,10618.2
iteration,1025,9.82086,10.3688,10628
iteration,1026,10.7777,10.3692,10638.8
iteration,1027,10.834,10.3696,10649.6
iteration,1028,9.97974,10.3693,10659.6
iteration,1029,10.4208,10.3693,10670
iteration,1030,9.79521,10.3688,10679.8
iteration,1031,10.7381,10.3691,10690.6
iteration,1032,10.4259,10.3692,10701
iteration,1033,11.0328,10.3698,10712
iteration,1034,10.0113,10.3695,10722
iteration,1035,9.86286,10.369,10731.9
iteration,1036,10.1474,10.3688,10742
iteration,1037,9.65633,10.3681,10751.7
iteration,1038,9.49798,10.3672,10761.2
iteration,1039,10.4485,10.3673,10771.6
iteration,1040,10.9551,10.3679,10782.6
iteration,1041,10.3072,10.3678,10792.9
iteration,1042,11.4563,10.3689,10804.4
iteration,1043,10.0488,10.3686,10814.4
iteration,1044,9.77711,10.368,10824.2
iteration,1045,10.5365,10.3682,10834.7
iteration,1046,10.8322,10.3686,10845.6
iteration,1047,10.2403,10.3685,10855.8
iteration,1048,9.88316,10.368,10865.7
iteration,1049,9.83396,10.3675,10875.5
iteration,1050,11.8703,10.3689,10887.4
iteration,1051,11.3506,10.3699,10898.7
iteration,1052,10.0956,10.3696,10908.8
iteration,1053,10.9385,10.3701,10919.8
iteration,1054,10.6651,10.3704,10930.4
iteration,1055,10.0694,10.3701,10940.5
iteration,1056,10.1865,10.37,10950.7
iteration,1057,10.4814,10.3701,10961.2
iteration,1058,10.2072,10.3699,10971.4
iteration,1059,10.1935,10.3698,10981.6
iteration,1060,10.5717,10.3699,10992.1
iteration,1061,10.7511,10.3703,11002.9
iteration,1062,10.2118,10.3702,11013.1
iteration,1063,11.025,10.3708,11024.1
iteration,1064,11.0261,10.3714,11035.2
iteration,1065,10.5621,10.3716,11045.7
iteration,1066,10.5428,10.3717,11056.3
iteration,1067,9.66608,10.3711,11065.9
iteration,1068,10.858,10.3715,11076.8
iteration,1069,11.9839,10.373,11088.8
iteration,1070,10.6376,10.3733,11099.4
iteration,1071,10.8898,10.3738,11110.3
iteration,1072,10.5111,10.3739,11120.8
iteration,1073,10.6311,10.3741,11131.4
iteration,1074,10.1884,10.374,11141.6
iteration,1075,10.5329,10.3741,11152.2
iteration,1076,11.2196,10.3749,11163.4
iteration,1077,9.95872,10.3745,11173.3
iteration,1078,9.9016,10.3741,11183.2
iteration,1079,11.4906,10.3751,11194.7
iteration,1080,10.1291,10.3749,11204.9
iteration,1081,10.036,10.3746,11214.9
iteration,1082,10.9536,10.3751,11225.8
iteration,1083,12.2255,10.3768,11238.1
iteration,1084,9.85015,10.3763,11247.9
iteration,1085,10.2433,10.3762,11258.2
iteration,1086,11.2681,10.377,11269.4
iteration,1087,10.7384,10.3773,11280.2
iteration,1088,10.5104,10.3775,11290.7
iteration,1089,10.8968,10.3779,11301.6
iteration,1090,10.6694,10.3782,11312.3
iteration,1091,10.5045,10.3783,11322.8
iteration,1092,9.70552,10.3777,11332.5
iteration,1093,10.7023,10.378,11343.2
iteration,1094,11.4502,10.379,11354.6
iteration,1095,9.90572,10.3786,11364.5
iteration,1096,10.7231,10.3789,11375.2
iteration,1097,12.9518,10.3812,11388.2
iteration,1098,10.211,10.3811,11398.4
iteration,1099,10.5122,10.3812,11408.9
iteration,1100,11.6871,10.3824,11420.6
iteration,1101,11.239,10.3831,11431.8
iteration,1102,11.0269,10.3837,11442.9
iteration,1103,10.6473,10.384,11453.5
iteration,1104,10.239,10.3838,11463.8
iteration,1105,10.7198,10.3841,11474.5
iteration,1106,12.6109,10.3862,11487.1
iteration,1107,9.77619,10.3856,11496.9
iteration,1108,14.1305,10.389,11511
iteration,1109,9.96903,10.3886,11521
iteration,1110,10.1097,10.3884,11531.1
iteration,1111,10.5239,10.3885,11541.6
iteration,1112,11.5014,10.3895,11553.1
iteration,1113,9.97546,10.3891,11563.1
iteration,1114,10.0267,10.3888,11573.1
iteration,1115,10.5111,10.3889,11583.6
iteration,1116,10.4128,10.3889,11594
iteration,1117,10.2797,10.3888,11604.3
iteration,1118,10.9291,10.3893,11615.2
iteration,1119,11.1529,10.39,11626.4
iteration,1120,9.83935,10.3895,11636.2
iteration,1121,9.85888,10.389,11646.1
iteration,1122,10.4032,10.389,11656.5
iteration,1123,13.9649,10.3922,11670.5
iteration,1124,9.99475,10.3919,11680.4
iteration,1125,10.6728,10.3921,11691.1
iteration,1126,11.4198,10.393,11702.5
iteration,1127,9.78795,10.3925,11712.3
iteration,1128,10.9505,10.393,11723.3
iteration,1129,9.17795,10.3919,11732.5
iteration,1130,10.939,10.3924,11743.4
iteration,1131,9.87617,10.3919,11753.3
iteration,1132,10.742,10.3922,11764
iteration,1133,11.4749,10.3932,11775.5
iteration,1134,9.92549,10.3928,11785.4
iteration,1135,11.0716,10.3934,11796.5
iteration,1136,9.88547,10.3929,11806.4
iteration,1137,10.8655,10.3933,11817.2
iteration,1138,10.4035,10.3934,11827.6
iteration,1139,9.8798,10.3929,11837.5
iteration,1140,9.94828,10.3925,11847.5
iteration,1141,10.6374,10.3927,11858.1
iteration,1142,10.0646,10.3924,11868.2
iteration,1143,9.43108,10.3916,11877.6
iteration,1144,10.1627,10.3914,11887.8
iteration,1145,10.3647,10.3914,11898.1
iteration,1146,10.0291,10.3911,11908.2
iteration,1147,10.0532,10.3908,11918.2
iteration,1148,9.89541,10.3903,11928.1
iteration,1149,11.2741,10.3911,11939.4
iteration,1150,10.1444,10.3909,11949.5
iteration,1151,9.90311,10.3905,11959.4
iteration,1152,10.8568,10.3909,11970.3
iteration,1153,10.064,10.3906,11980.3
iteration,1154,9.61536,10.3899,11990
iteration,1155,10.4662,10.39,12000.4
iteration,1156,13.2399,10.3924,12013.7
iteration,1157,9.77454,10.3919,12023.4
iteration,1158,10.0184,10.3916,12033.5
iteration,1159,10.0686,10.3913,12043.5
iteration,1160,10.8796,10.3917,12054.4
iteration,1161,10.1052,10.3915,12064.5
iteration,1162,9.92348,10.3911,12074.4
iteration,1163,11.5378,10.3921,12086
iteration,1164,9.92841,10.3917,12095.9
iteration,1165,10.5402,10.3918,12106.4
iteration,1166,9.64173,10.3912,12116.1
iteration,1167,10.0136,10.3908,12126.1
iteration,1168,9.91035,10.3904,12136
iteration,1169,10.9499,10.3909,12147
iteration,1170,10.0481,10.3906,12157
iteration,1171,10.6604,10.3908,12167.7
iteration,1172,10.7812,10.3912,12178.4
iteration,1173,9.61623,10.3905,12188.1
iteration,1174,9.98271,10.3902,12198
iteration,1175,10.2958,10.3901,12208.3
iteration,1176,10.4883,10.3902,12218.8
iteration,1177,10.0515,10.3899,12228.9
iteration,1178,9.78793,10.3894,12238.7
iteration,1179,10.6897,10.3896,12249.4
iteration,1180,10.5987,10.3898,12260
iteration,1181,9.59164,10.3891,12269.6
iteration,1182,11.0163,10.3897,12280.6
iteration,1183,10.5581,10.3898,12291.1
iteration,1184,9.55466,10.3891,12300.7
iteration,1185,9.60286,10.3884,12310.3
iteration,1186,10.4043,10.3884,12320.7
iteration,1187,10.0375,10.3881,12330.7
iteration,1188,11.728,10.3893,12342.5
iteration,1189,10.434,10.3893,12352.9
iteration,1190,10.1914,10.3891,12363.1
iteration,1191,10.5825,10.3893,12373.7
iteration,1192,10.045,10.389,12383.7
iteration,1193,10.5566,10.3892,12394.3
iteration,1194,10.4875,10.3892,12404.8
iteration,1195,9.69179,10.3887,12414.4
iteration,1196,10.2259,10.3885,12424.7
iteration,1197,10.4795,10.3886,12435.1
iteration,1198,10.0744,10.3883,12445.2
iteration,1199,10.1043,10.3881,12455.3
iteration,1200,10.1581,10.3879,12465.5
iteration,1201,11.0051,10.3884,12476.5
iteration,1202,9.72039,10.3879,12486.2
iteration,1203,10.3598,10.3878,12496.6
iteration,1204,9.95993,10.3875,12506.5
iteration,1205,10.8302,10.3879,12517.4
iteration,1206,10.3203,10.3878,12527.7
iteration,1207,9.88675,10.3874,12537.6
iteration,1208,10.0053,10.3871,12547.6
iteration,1209,10.9003,10.3875,12558.5
iteration,1210,10.0708,10.3872,12568.5
iteration,1211,9.76179,10.3867,12578.3
iteration,1212,11.3294,10.3875,12589.6
iteration,1213,10.4124,10.3875,12600
iteration,1214,9.75136,10.387,12609.8
iteration,1215,9.6722,10.3864,12619.5
iteration,1216,10.9037,10.3868,12630.4
iteration,1217,10.6467,10.387,12641
iteration,1218,9.73463,10.3865,12650.8
iteration,1219,9.85119,10.3861,12660.6
iteration,1220,11.021,10.3866,12671.6
iteration,1221,10.1194,10.3864,12681.7
iteration,1222,9.8051,10.3859,12691.6
iteration,1223,10.042,10.3856,12701.6
iteration,1224,10.6182,10.3858,12712.2
iteration,1225,9.83217,10.3853,12722
iteration,1226,9.34337,10.3845,12731.4
iteration,1227,10.7618,10.3848,12742.2
iteration,1228,11.1498,10.3854,12753.3
iteration,1229,9.64589,10.3848,12762.9
iteration,1230,10.1473,10.3846,12773.1
iteration,1231,10.6461,10.3848,12783.7
iteration,1232,10.3852,10.3848,12794.1
iteration,1233,12.0628,10.3862,12806.2
iteration,1234,11.9856,10.3875,12818.2
iteration,1235,10.6031,10.3877,12828.8
iteration,1236,9.9196,10.3873,12838.7
iteration,1237,10.6333,10.3875,12849.3
iteration,1238,10.5254,10.3876,12859.9
iteration,1239,10.8535,10.388,12870.7
iteration,1240,9.98664,10.3877,12880.7
iteration,1241,10.0971,10.3874,12890.8
iteration,1242,10.609,10.3876,12901.4
iteration,1243,11.0384,10.3881,12912.4
iteration,1244,9.84766,10.3877,12922.3
iteration,1245,9.96151,10.3873,12932.2
iteration,1246,11.2903,10.3881,12943.5
iteration,1247,10.5633,10.3882,12954.1
iteration,1248,10.612,10.3884,12964.7
iteration,1249,10.0832,10.3881,12974.8
iteration,1250,11.2406,10.3888,12986
iteration,1251,9.62808,10.3882,12995.7
iteration,1252,10.0585,10.388,13005.7
iteration,1253,11.0578,10.3885,13016.8
iteration,1254,10.8748,10.3889,13027.7
iteration,1255,10.2986,10.3888,13038
iteration,1256,10.2525,10.3887,13048.2
iteration,1257,11.6862,10.3897,13059.9
iteration,1258,10.2801,10.3896,13070.2
iteration,1259,9.88792,10.3892,13080.1
iteration,1260,11.0654,10.3898,13091.1
iteration,1261,11.2855,10.3905,13102.4
iteration,1262,10.2872,10.3904,13112.7
iteration,1263,10.5642,10.3905,13123.3
iteration,1264,10.7792,10.3909,13134
iteration,1265,10.3517,10.3908,13144.4
iteration,1266,10.9023,10.3912,13155.3
iteration,1267,10.0245,10.3909,13165.3
iteration,1268,11.4953,10.3918,13176.8
iteration,1269,10.2126,10.3917,13187
iteration,1270,11.1074,10.3922,13198.1
iteration,1271,10.1629,10.3921,13208.3
iteration,1272,10.9872,10.3925,13219.3
iteration,1273,10.2795,10.3924,13229.6
iteration,1274,10.6066,10.3926,13240.2
iteration,1275,10.2941,10.3925,13250.5
iteration,1276,10.2638,10.3924,13260.7
iteration,1277,10.7055,10.3927,13271.4
iteration,1278,9.40871,10.3919,13280.8
iteration,1279,13.2849,10.3942,13294.1
iteration,1280,10.8274,10.3945,13305
iteration,1281,9.30337,10.3936,13314.3
iteration,1282,12.7941,10.3955,13327.1
iteration,1283,10.6233,10.3957,13337.7
iteration,1284,10.0736,10.3954,13347.8
iteration,1285,9.69568,10.3949,13357.4
iteration,1286,11.2663,10.3956,13368.7
iteration,1287,10.0914,10.3953,13378.8
iteration,1288,10.2643,10.3952,13389.1
iteration,1289,9.89405,10.3949,13399
iteration,1290,10.6277,10.395,13409.6
iteration,1291,10.9017,10.3954,13420.5
iteration,1292,10.1198,10.3952,13430.6
iteration,1293,10.788,10.3955,13441.4
iteration,1294,10.4594,10.3956,13451.9
iteration,1295,10.1668,10.3954,13462
iteration,1296,9.56103,10.3947,13471.6
iteration,1297,11.0598,10.3953,13482.6
iteration,1298,10.6351,10.3954,13493.3
iteration,1299,9.67509,10.3949,13503
iteration,1300,10.2014,10.3947,13513.2
iteration,1301,10.4925,10.3948,13523.7
iteration,1302,9.74434,10.3943,13533.4
iteration,1303,10.3733,10.3943,13543.8
iteration,1304,9.94216,10.394,13553.7
iteration,1305,11.1869,10.3946,13564.9
iteration,1306,9.68281,10.394,13574.6
iteration,1307,10.6001,10.3942,13585.2
iteration,1308,10.0578,10.3939,13595.2
iteration,1309,10.8763,10.3943,13606.1
iteration,1310,10.7079,10.3945,13616.8
iteration,1311,9.43805,10.3938,13626.3
iteration,1312,10.662,10.394,13636.9
iteration,1313,11.5936,10.3949,13648.5
iteration,1314,9.79413,10.3945,13658.3
iteration,1315,10.2125,10.3943,13668.5
iteration,1316,10.9857,10.3948,13679.5
iteration,1317,10.6344,10.3949,13690.1
iteration,1318,9.59604,10.3943,13699.7
iteration,1319,9.78546,10.3939,13709.5
iteration,1320,11.9469,10.3951,13721.5
iteration,1321,10.0495,10.3948,13731.5
iteration,1322,10.0948,10.3946,13741.6
iteration,1323,13.0654,10.3966,13754.7
iteration,1324,10.0581,10.3963,13764.7
iteration,1325,9.24517,10.3955,13774
iteration,1326,9.97618,10.3951,13784
iteration,1327,11.2128,10.3958,13795.2
iteration,1328,10.4269,10.3958,13805.6
iteration,1329,9.67561,10.3952,13815.3
iteration,1330,10.4113,10.3953,13825.7
iteration,1331,10.2862,10.3952,13836
iteration,1332,9.76604,10.3947,13845.7
iteration,1333,9.65217,10.3941,13855.4
iteration,1334,10.7541,10.3944,13866.1
iteration,1335,11.0667,10.3949,13877.2
iteration,1336,10.0332,10.3946,13887.2
iteration,1337,10.4723,10.3947,13897.7
iteration,1338,10.4602,10.3948,13908.2
iteration,1339,10.1576,10.3946,13918.3
iteration,1340,10.3376,10.3945,13928.7
iteration,1341,9.89047,10.3942,13938.6
iteration,1342,10.1945,10.394,13948.8
iteration,1343,10.0284,10.3937,13958.8
iteration,1344,10.1746,10.3936,13969
iteration,1345,9.45999,10.3929,13978.4
iteration,1346,10.4024,10.3929,13988.8
iteration,1347,10.8774,10.3932,13999.7
iteration,1348,9.75958,10.3928,14009.5
iteration,1349,9.90604,10.3924,14019.4
iteration,1350,10.8031,10.3927,14030.2
iteration,1351,10.7714,10.393,14040.9
iteration,1352,9.51364,10.3923,14050.5
iteration,1353,9.8748,10.392,14060.3
iteration,1354,13.4345,10.3942,14073.8
iteration,1355,10.1067,10.394,14083.9
iteration,1356,9.95664,10.3937,14093.8
iteration,1357,10.5406,10.3938,14104.4
iteration,1358,13.8773,10.3964,14118.2
iteration,1359,10.1863,10.3962,14128.4
iteration,1360,10.684,10.3964,14139.1
iteration,1361,10.3383,10.3964,14149.5
iteration,1362,9.82307,10.3959,14159.3
iteration,1363,10.4962,10.396,14169.8
iteration,1364,10.9373,10.3964,14180.7
iteration,1365,10.3234,10.3964,14191
iteration,1366,9.92871,10.396,14201
iteration,1367,10.6422,10.3962,14211.6
iteration,1368,10.3923,10.3962,14222
iteration,1369,10.0716,10.396,14232.1
iteration,1370,9.51576,10.3953,14241.6
iteration,1371,10.4175,10.3953,14252
iteration,1372,10.3611,10.3953,14262.4
iteration,1373,9.55282,10.3947,14271.9
iteration,1374,10.6705,10.3949,14282.6
iteration,1375,10.3678,10.3949,14293
iteration,1376,10.3223,10.3948,14303.3
iteration,1377,11.6182,10.3957,14314.9
iteration,1378,9.40104,10.395,14324.3
iteration,1379,10.236,10.3949,14334.5
iteration,1380,10.3506,10.3948,14344.9
iteration,1381,9.74121,10.3944,14354.6
iteration,1382,9.49456,10.3937,14364.1
iteration,1383,10.2406,10.3936,14374.4
iteration,1384,10.6116,10.3938,14385
iteration,1385,9.47648,10.3931,14394.4
iteration,1386,9.8415,10.3927,14404.3
iteration,1387,11.0066,10.3931,14415.3
iteration,1388,10.3406,10.3931,14425.6
iteration,1389,9.6368,10.3926,14435.3
iteration,1390,10.1195,10.3924,14445.4
iteration,1391,10.958,10.3928,14456.4
iteration,1392,10.2632,10.3927,14466.6
iteration,1393,9.8412,10.3923,14476.5
iteration,1394,10.7786,10.3926,14487.2
iteration,1395,10.4796,10.3926,14497.7
iteration,1396,9.44329,10.3919,14507.2
iteration,1397,9.63213,10.3914,14516.8
iteration,1398,11.2391,10.392,14528
iteration,1399,10.8952,10.3924,14538.9
iteration,1400,9.66107,10.3918,14548.6
iteration,1401,10.7828,10.3921,14559.4
iteration,1402,10.2407,10.392,14569.6
iteration,1403,10.4712,10.3921,14580.1
iteration,1404,9.6306,10.3915,14589.7
iteration,1405,10.7979,10.3918,14600.5
iteration,1406,10.4292,10.3918,14610.9
iteration,1407,10.1826,10.3917,14621.1
iteration,1408,10.2136,10.3916,14631.3
iteration,1409,9.87497,10.3912,14641.2
iteration,1410,10.666,10.3914,14651.9
iteration,1411,10.5065,10.3915,14662.4
iteration,1412,10.2628,10.3914,14672.6
iteration,1413,9.71771,10.3909,14682.4
iteration,1414,10.658,10.3911,14693
iteration,1415,10.7766,10.3914,14703.8
iteration,1416,10.1055,10.3912,14713.9
iteration,1417,10.4405,10.3912,14724.3
iteration,1418,11.1908,10.3918,14735.5
iteration,1419,9.96071,10.3915,14745.5
iteration,1420,9.71998,10.391,14755.2
iteration,1421,10.8619,10.3913,14766.1
iteration,1422,10.9342,10.3917,14777
iteration,1423,9.91465,10.3914,14786.9
iteration,1424,9.75715,10.3909,14796.7
iteration,1425,10.9562,10.3913,14807.6
iteration,1426,10.093,10.3911,14817.7
iteration,1427,10.3204,10.3911,14828.1
iteration,1428,10.7201,10.3913,14838.8
iteration,1429,10.938,10.3917,14849.7
iteration,1430,9.97422,10.3914,14859.7
iteration,1431,9.96104,10.3911,14869.6
iteration,1432,11.4305,10.3918,14881.1
iteration,1433,10.586,10.3919,14891.7
iteration,1434,9.93109,10.3916,14901.6
iteration,1435,10.9762,10.392,14912.6
iteration,1436,10.7475,10.3923,14923.3
iteration,1437,9.98538,10.392,14933.3
iteration,1438,10.3605,10.392,14943.7
iteration,1439,9.85391,10.3916,14953.5
iteration,1440,13.3439,10.3937,14966.9
iteration,1441,10.9161,10.394,14977.8
iteration,1442,10.1205,10.3938,14987.9
iteration,1443,10.4931,10.3939,14998.4
iteration,1444,11.3691,10.3946,15009.8
iteration,1445,10.1264,10.3944,15019.9
iteration,1446,9.8784,10.394,15029.8
iteration,1447,11.3791,10.3947,15041.1
iteration,1448,10.0702,10.3945,15051.2
iteration,1449,10.0433,10.3942,15061.3
iteration,1450,9.52269,10.3936,15070.8
iteration,1451,11.4722,10.3944,15082.3
iteration,1452,10.5793,10.3945,15092.8
iteration,1453,9.78698,10.3941,15102.6
iteration,1454,10.2863,10.394,15112.9
iteration,1455,10.4307,10.394,15123.3
iteration,1456,10.2314,10.3939,15133.6
iteration,1457,9.94922,10.3936,15143.5
iteration,1458,10.9864,10.394,15154.5
iteration,1459,10.0415,10.3938,15164.5
iteration,1460,10.2371,10.3937,15174.8
iteration,1461,9.90841,10.3934,15184.7
iteration,1462,11.5198,10.3941,15196.2
iteration,1463,10.365,10.3941,15206.6
iteration,1464,11.5247,10.3949,15218.1
iteration,1465,10.422,10.3949,15228.5
iteration,1466,10.5409,10.395,15239.1
iteration,1467,12.5884,10.3965,15251.6
iteration,1468,10.3029,10.3964,15262
iteration,1469,11.0672,10.3969,15273
iteration,1470,9.75736,10.3964,15282.8
iteration,1471,10.6659,10.3966,15293.4
iteration,1472,10.3083,10.3966,15303.8
iteration,1473,10.5972,10.3967,15314.3
iteration,1474,10.2421,10.3966,15324.6
iteration,1475,10.0327,10.3964,15334.6
iteration,1476,10.2747,10.3963,15344.9
iteration,1477,10.158,10.3961,15355.1
iteration,1478,10.7576,10.3964,15365.8
iteration,1479,10.1829,10.3962,15376
iteration,1480,9.99191,10.3959,15386
iteration,1481,10.3043,10.3959,15396.3
iteration,1482,10.0624,10.3957,15406.4
iteration,1483,10.1181,10.3955,15416.5
iteration,1484,10.5469,10.3956,15427
iteration,1485,10.526,10.3957,15437.5
iteration,1486,9.80444,10.3953,15447.3
iteration,1487,9.93071,10.3949,15457.3
iteration,1488,12.7517,10.3965,15470
iteration,1489,10.5234,10.3966,15480.6
iteration,1490,9.51026,10.396,15490.1
iteration,1491,10.3686,10.396,15500.4
iteration,1492,10.7939,10.3963,15511.2
iteration,1493,10.5817,10.3964,15521.8
iteration,1494,9.44871,10.3958,15531.3
iteration,1495,11.4085,10.3964,15542.7
iteration,1496,10.0546,10.3962,15552.7
iteration,1497,10.2177,10.3961,15562.9
iteration,1498,12.6698,10.3976,15575.6
iteration,1499,10.5399,10.3977,15586.1
iteration,1500,9.53111,10.3971,15595.7
iteration,1501,9.98216,10.3968,15605.7
iteration,1502,10.5225,10.3969,15616.2
iteration,1503,10.3666,10.3969,15626.6
iteration,1504,10.2871,10.3968,15636.8
iteration,1505,10.048,10.3966,15646.9
iteration,1506,10.1781,10.3965,15657.1
iteration,1507,10.3645,10.3964,15667.4
iteration,1508,10.1546,10.3963,15677.6
iteration,1509,10.4032,10.3963,15688
iteration,1510,10.7211,10.3965,15698.7
iteration,1511,9.54354,10.3959,15708.3
iteration,1512,10.2184,10.3958,15718.5
iteration,1513,9.92936,10.3955,15728.4
iteration,1514,10.1658,10.3954,15738.6
iteration,1515,9.37925,10.3947,15747.9
iteration,1516,10.5943,10.3948,15758.5
iteration,1517,9.96958,10.3945,15768.5
iteration,1518,10.3694,10.3945,15778.9
iteration,1519,10.5641,10.3946,15789.4
iteration,1520,10.0054,10.3944,15799.4
iteration,1521,10.6631,10.3945,15810.1
iteration,1522,10.5362,10.3946,15820.6
iteration,1523,10.3259,10.3946,15831
iteration,1524,9.7139,10.3942,15840.7
iteration,1525,10.1733,10.394,15850.9
iteration,1526,10.96,10.3944,15861.8
iteration,1527,9.74117,10.3939,15871.6
iteration,1528,12.0005,10.395,15883.6
iteration,1529,10.7481,10.3952,15894.3
iteration,1530,9.73784,10.3948,15904
iteration,1531,9.49843,10.3942,15913.5
iteration,1532,9.82367,10.3938,15923.4
iteration,1533,10.9038,10.3942,15934.3
iteration,1534,10.3579,10.3942,15944.6
iteration,1535,9.75412,10.3937,15954.4
iteration,1536,9.93529,10.3934,15964.3
iteration,1537,10.4604,10.3935,15974.8
iteration,1538,9.94409,10.3932,15984.7
iteration,1539,9.43047,10.3926,15994.2
iteration,1540,11.3724,10.3932,16005.5
iteration,1541,10.4078,10.3932,16015.9
iteration,1542,9.7397,10.3928,16025.7
iteration,1543,10.3001,10.3927,16036
iteration,1544,10.022,10.3925,16046
iteration,1545,10.3725,10.3925,16056.4
iteration,1546,10.4414,10.3925,16066.8
iteration,1547,9.99203,10.3922,16076.8
iteration,1548,10.1046,10.3921,16086.9
iteration,1549,10.2718,10.392,16097.2
iteration,1550,10.0559,10.3918,16107.2
iteration,1551,9.60914,10.3913,16116.8
iteration,1552,10.4721,10.3913,16127.3
iteration,1553,10.7627,10.3916,16138.1
iteration,1554,9.87919,10.3912,16148
iteration,1555,10.3129,10.3912,16158.3
iteration,1556,10.3739,10.3912,16168.6
iteration,1557,10.1673,10.391,16178.8
iteration,1558,9.80798,10.3906,16188.6
iteration,1559,10.0123,10.3904,16198.6
iteration,1560,10.7303,10.3906,16209.4
iteration,1561,9.71142,10.3902,16219.1
iteration,1562,9.69784,10.3897,16228.8
iteration,1563,10.0769,10.3895,16238.8
iteration,1564,10.8996,10.3899,16249.7
iteration,1565,10.056,10.3897,16259.8
iteration,1566,9.83059,10.3893,16269.6
iteration,1567,10.0291,10.3891,16279.7
iteration,1568,10.789,10.3893,16290.5
iteration,1569,10.5279,10.3894,16301
iteration,1570,10.0293,10.3892,16311
iteration,1571,11.5785,10.3899,16322.6
iteration,1572,9.56387,10.3894,16332.2
iteration,1573,9.43874,10.3888,16341.6
iteration,1574,10.5913,10.3889,16352.2
iteration,1575,13.7509,10.3911,16365.9
iteration,1576,9.67401,10.3906,16375.6
iteration,1577,10.3549,10.3906,16386
iteration,1578,10.2701,10.3905,16396.2
iteration,1579,10.1645,10.3904,16406.4
iteration,1580,9.9905,10.3901,16416.4
iteration,1581,10.2128,10.39,16426.6
iteration,1582,10.8261,10.3903,16437.4
iteration,1583,9.90114,10.39,16447.3
iteration,1584,10.0801,10.3898,16457.4
iteration,1585,9.77052,10.3894,16467.2
iteration,1586,11.1188,10.3898,16478.3
iteration,1587,10.5808,10.39,16488.9
iteration,1588,10.1038,10.3898,16499
iteration,1589,9.54173,10.3893,16508.5
iteration,1590,10.8056,10.3895,16519.3
iteration,1591,10.3976,10.3895,16529.7
iteration,1592,10.3035,10.3895,16540
iteration,1593,9.90959,10.3892,16549.9
iteration,1594,11.2456,10.3897,16561.2
iteration,1595,9.79914,10.3893,16571
iteration,1596,10.6526,10.3895,16581.6
iteration,1597,10.8809,10.3898,16592.5
iteration,1598,10.244,10.3897,16602.8
iteration,1599,9.94253,10.3894,16612.7
iteration,1600,10.2756,10.3894,16623
iteration,1601,10.9069,10.3897,16633.9
iteration,1602,10.5182,10.3898,16644.4
iteration,1603,10.1408,10.3896,16654.5
iteration,1604,10.676,10.3898,16665.2
iteration,1605,10.5118,10.3899,16675.7
iteration,1606,10.6827,10.39,16686.4
iteration,1607,9.82429,10.3897,16696.2
iteration,1608,11.8967,10.3906,16708.1
iteration,1609,10.368,10.3906,16718.5
iteration,1610,10.0153,10.3904,16728.5
iteration,1611,10.7266,10.3906,16739.2
iteration,1612,13.4024,10.3925,16752.7
iteration,1613,9.81471,10.3921,16762.5
iteration,1614,10.1834,10.392,16772.6
iteration,1615,10.698,10.3922,16783.3
iteration,1616,10.5668,10.3923,16793.9
iteration,1617,9.92951,10.392,16803.8
iteration,1618,13.7881,10.3941,16817.6
iteration,1619,10.575,10.3942,16828.2
iteration,1620,10.794,10.3944,16839
iteration,1621,10.0679,10.3942,16849.1
iteration,1622,9.98629,10.394,16859.1
iteration,1623,11.4904,10.3947,16870.5
iteration,1624,11.9962,10.3957,16882.5
iteration,1625,10.3593,10.3956,16892.9
iteration,1626,11.5111,10.3963,16904.4
iteration,1627,10.7054,10.3965,16915.1
iteration,1628,9.72452,10.3961,16924.8
iteration,1629,9.96026,10.3958,16934.8
iteration,1630,11.6201,10.3966,16946.4
iteration,1631,9.96102,10.3963,16956.4
iteration,1632,9.76972,10.3959,16966.2
iteration,1633,10.332,10.3959,16976.5
iteration,1634,11.3192,10.3965,16987.8
iteration,1635,9.72237,10.396,16997.5
iteration,1636,10.3466,10.396,17007.9
iteration,1637,11.3273,10.3966,17019.2
iteration,1638,11.9066,10.3975,17031.1
iteration,1639,9.93553,10.3972,17041
iteration,1640,10.3894,10.3972,17051.4
iteration,1641,12.3387,10.3984,17063.8
iteration,1642,10.2513,10.3983,17074
iteration,1643,11.1713,10.3988,17085.2
iteration,1644,11.6476,10.3995,17096.8
iteration,1645,10.0947,10.3994,17106.9
iteration,1646,9.95317,10.3991,17116.9
iteration,1647,10.039,10.3989,17126.9
iteration,1648,10.1992,10.3987,17137.1
iteration,1649,10.4244,10.3988,17147.6
iteration,1650,10.5499,10.3988,17158.1
iteration,1651,9.9843,10.3986,17168.1
iteration,1652,10.296,10.3985,17178.4
iteration,1653,9.62291,10.3981,17188
iteration,1654,10.3152,10.398,17198.3
iteration,1655,10.2559,10.3979,17208.6
iteration,1656,10.8318,10.3982,17219.4
iteration,1657,10.87,10.3985,17230.3
iteration,1658,9.91636,10.3982,17240.2
iteration,1659,9.48717,10.3976,17249.7
iteration,1660,11.9414,10.3986,17261.6
iteration,1661,10.6642,10.3987,17272.3
iteration,1662,9.77429,10.3984,17282.1
iteration,1663,10.2548,10.3983,17292.3
iteration,1664,10.4544,10.3983,17302.8
iteration,1665,9.70587,10.3979,17312.5
iteration,1666,9.73866,10.3975,17322.2
iteration,1667,10.8196,10.3977,17333
iteration,1668,9.93847,10.3975,17343
iteration,1669,10.5992,10.3976,17353.6
iteration,1670,10.1814,10.3975,17363.8
iteration,1671,10.0969,10.3973,17373.8
iteration,1672,9.7184,10.3969,17383.6
iteration,1673,9.79593,10.3965,17393.4
iteration,1674,10.7261,10.3967,17404.1
iteration,1675,10.7638,10.3969,17414.9
iteration,1676,9.91473,10.3966,17424.8
iteration,1677,10.0816,10.3965,17434.8
iteration,1678,10.4649,10.3965,17445.3
iteration,1679,9.92882,10.3962,17455.2
iteration,1680,10.3214,10.3962,17465.6
iteration,1681,10.4805,10.3962,17476
iteration,1682,10.3608,10.3962,17486.4
iteration,1683,9.5265,10.3957,17495.9
iteration,1684,10.4964,10.3957,17506.4
iteration,1685,10.1271,10.3956,17516.6
iteration,1686,11.2006,10.3961,17527.8
iteration,1687,10.1843,10.3959,17537.9
iteration,1688,12.9789,10.3975,17550.9
iteration,1689,9.94734,10.3972,17560.9
iteration,1690,10.3581,10.3972,17571.2
iteration,1691,10.4358,10.3972,17581.7
iteration,1692,10.0392,10.397,17591.7
iteration,1693,10.7131,10.3972,17602.4
iteration,1694,11.0477,10.3976,17613.5
iteration,1695,9.93562,10.3973,17623.4
iteration,1696,9.65091,10.3968,17633
iteration,1697,10.2915,10.3968,17643.3
iteration,1698,10.7255,10.397,17654.1
iteration,1699,10.6527,10.3971,17664.7
iteration,1700,10.8789,10.3974,17675.6
iteration,1701,11.0261,10.3978,17686.6
iteration,1702,9.8044,10.3974,17696.4
iteration,1703,10.1868,10.3973,17706.6
iteration,1704,10.8504,10.3976,17717.5
iteration,1705,10.7963,10.3978,17728.3
iteration,1706,9.97097,10.3976,17738.2
iteration,1707,9.94081,10.3973,17748.2
iteration,1708,11.2679,10.3978,17759.4
iteration,1709,9.69476,10.3974,17769.1
iteration,1710,9.31675,10.3968,17778.5
iteration,1711,10.6887,10.3969,17789.1
iteration,1712,10.4722,10.397,17799.6
iteration,1713,9.54389,10.3965,17809.2
iteration,1714,9.98565,10.3962,17819.1
iteration,1715,10.438,10.3963,17829.6
iteration,1716,10.4025,10.3963,17840
iteration,1717,10.4857,10.3963,17850.5
iteration,1718,10.6209,10.3964,17861.1
iteration,1719,10.2916,10.3964,17871.4
iteration,1720,12.9235,10.3979,17884.3
iteration,1721,10.9771,10.3982,17895.3
iteration,1722,10.0944,10.398,17905.4
iteration,1723,10.7011,10.3982,17916.1
iteration,1724,9.91119,10.3979,17926
iteration,1725,10.176,10.3978,17936.2
iteration,1726,10.3518,10.3977,17946.5
iteration,1727,9.65674,10.3973,17956.2
iteration,1728,10.155,10.3972,17966.3
iteration,1729,10.2143,10.3971,17976.5
iteration,1730,10.417,10.3971,17987
iteration,1731,11.0718,10.3975,17998
iteration,1732,9.41604,10.3969,18007.4
iteration,1733,9.79143,10.3966,18017.2
iteration,1734,10.4724,10.3966,18027.7
iteration,1735,10.8031,10.3968,18038.5
iteration,1736,10.2093,10.3967,18048.7
iteration,1737,9.85239,10.3964,18058.6
iteration,1738,10.5564,10.3965,18069.1
iteration,1739,10.1002,10.3963,18079.2
iteration,1740,9.19354,10.3956,18088.4
iteration,1741,9.94073,10.3954,18098.4
iteration,1742,11.109,10.3958,18109.5
iteration,1743,10.4324,10.3958,18119.9
iteration,1744,10.2394,10.3957,18130.1
iteration,1745,10.5275,10.3958,18140.7
iteration,1746,12.9864,10.3973,18153.7
iteration,1747,10.1149,10.3971,18163.8
iteration,1748,10.5446,10.3972,18174.3
iteration,1749,11.2811,10.3977,18185.6
iteration,1750,9.99703,10.3975,18195.6
iteration,1751,9.87183,10.3972,18205.5
iteration,1752,10.1291,10.397,18215.6
iteration,1753,10.3166,10.397,18225.9
iteration,1754,10.438,10.397,18236.4
iteration,1755,10.686,10.3972,18247
iteration,1756,10.6032,10.3973,18257.6
iteration,1757,10.8527,10.3976,18268.5
iteration,1758,9.98283,10.3973,18278.5
iteration,1759,9.86811,10.397,18288.3
iteration,1760,10.494,10.3971,18298.8
iteration,1761,10.5386,10.3971,18309.4
iteration,1762,10.3051,10.3971,18319.7
iteration,1763,10.1172,10.3969,18329.8
iteration,1764,10.8187,10.3972,18340.6
iteration,1765,10.1434,10.397,18350.8
iteration,1766,10.0288,10.3968,18360.8
iteration,1767,11.4005,10.3974,18372.2
iteration,1768,10.6605,10.3975,18382.9
iteration,1769,10.8002,10.3978,18393.7
iteration,1770,10.1597,10.3976,18403.8
iteration,1771,10.0864,10.3975,18413.9
iteration,1772,13.4893,10.3992,18427.4
iteration,1773,10.6802,10.3994,18438.1
iteration,1774,10.4104,10.3994,18448.5
iteration,1775,10.4644,10.3994,18458.9
iteration,1776,12.0831,10.4004,18471
iteration,1777,10.3156,10.4003,18481.3
iteration,1778,10.9229,10.4006,18492.3
iteration,1779,10.9952,10.4009,18503.3
iteration,1780,9.72305,10.4006,18513
iteration,1781,9.78499,10.4002,18522.8
iteration,1782,10.9043,10.4005,18533.7
iteration,1783,10.0818,10.4003,18543.8
iteration,1784,10.3999,10.4003,18554.2
iteration,1785,11.7373,10.4011,18565.9
iteration,1786,10.6979,10.4012,18576.6
iteration,1787,9.98184,10.401,18586.6
iteration,1788,10.8849,10.4013,18597.5
iteration,1789,10.0741,10.4011,18607.5
iteration,1790,10.9847,10.4014,18618.5
iteration,1791,10.7197,10.4016,18629.2
iteration,1792,10.459,10.4016,18639.7
iteration,1793,10.5887,10.4017,18650.3
iteration,1794,9.75947,10.4014,18660
iteration,1795,10.7216,10.4015,18670.8
iteration,1796,10.1389,10.4014,18680.9
iteration,1797,11.3761,10.4019,18692.3
iteration,1798,11.3056,10.4024,18703.6
iteration,1799,9.71573,10.4021,18713.3
iteration,1800,10.5186,10.4021,18723.8
iteration,1801,10.536,10.4022,18734.4
iteration,1802,10.2884,10.4021,18744.6
iteration,1803,10.1885,10.402,18754.8
iteration,1804,11.3515,10.4025,18766.2
iteration,1805,10.7958,10.4028,18777
iteration,1806,10.1901,10.4026,18787.2
iteration,1807,9.81514,10.4023,18797
iteration,1808,10.7441,10.4025,18807.7
iteration,1809,10.5674,10.4026,18818.3
iteration,1810,9.5228,10.4021,18827.8
iteration,1811,9.80082,10.4018,18837.6
iteration,1812,10.574,10.4019,18848.2
iteration,1813,9.93385,10.4016,18858.1
iteration,1814,9.85949,10.4013,18868
iteration,1815,11.0167,10.4017,18879
iteration,1816,9.96737,10.4014,18889
iteration,1817,10.2072,10.4013,18899.2
iteration,1818,10.2901,10.4012,18909.5
iteration,1819,10.9951,10.4016,18920.5
iteration,1820,9.76835,10.4012,18930.2
iteration,1821,9.41383,10.4007,18939.6
iteration,1822,10.7487,10.4009,18950.4
iteration,1823,12.2306,10.4019,18962.6
iteration,1824,9.91082,10.4016,18972.5
iteration,1825,10.233,10.4015,18982.8
iteration,1826,10.0574,10.4013,18992.8
iteration,1827,10.9658,10.4016,19003.8
iteration,1828,11.0495,10.402,19014.8
iteration,1829,10.2357,10.4019,19025.1
iteration,1830,13.0121,10.4033,19038.1
iteration,1831,9.88335,10.403,19048
iteration,1832,10.3026,10.403,19058.3
iteration,1833,11.8413,10.4038,19070.1
iteration,1834,10.4636,10.4038,19080.6
iteration,1835,10.0651,10.4036,19090.6
iteration,1836,9.51658,10.4031,19100.2
iteration,1837,9.99011,10.4029,19110.2
iteration,1838,10.6784,10.4031,19120.8
iteration,1839,10.431,10.4031,19131.3
iteration,1840,11.0411,10.4034,19142.3
iteration,1841,10.6015,10.4035,19152.9
iteration,1842,10.7307,10.4037,19163.6
iteration,1843,9.77905,10.4034,19173.4
iteration,1844,9.87392,10.4031,19183.3
iteration,1845,10.8605,10.4033,19194.1
iteration,1846,10.7341,10.4035,19204.9
iteration,1847,10.2708,10.4034,19215.2
iteration,1848,10.1872,10.4033,19225.3
iteration,1849,11.7327,10.404,19237.1
iteration,1850,12.2873,10.4051,19249.4
iteration,1851,9.61,10.4046,19259
iteration,1852,10.4319,10.4046,19269.4
iteration,1853,10.5765,10.4047,19280
iteration,1854,9.32437,10.4042,19289.3
iteration,1855,10.9015,10.4044,19300.2
iteration,1856,9.94801,10.4042,19310.2
iteration,1857,10.1379,10.404,19320.3
iteration,1858,9.59806,10.4036,19329.9
iteration,1859,10.7847,10.4038,19340.7
iteration,1860,10.6846,10.404,19351.4
iteration,1861,10.1716,10.4038,19361.5
iteration,1862,10.1913,10.4037,19371.7
iteration,1863,9.52069,10.4032,19381.2
iteration,1864,10.3505,10.4032,19391.6
iteration,1865,11.7994,10.404,19403.4
iteration,1866,9.82013,10.4037,19413.2
iteration,1867,11.3123,10.4041,19424.5
iteration,1868,10.0185,10.4039,19434.5
iteration,1869,10.4322,10.4039,19445
iteration,1870,9.15879,10.4033,19454.1
iteration,1871,10.3435,10.4032,19464.5
iteration,1872,10.8891,10.4035,19475.4
iteration,1873,9.76656,10.4032,19485.1
iteration,1874,12.1945,10.4041,19497.3
iteration,1875,11.1036,10.4045,19508.4
iteration,1876,9.82409,10.4042,19518.3
iteration,1877,10.2118,10.4041,19528.5
iteration,1878,12.5129,10.4052,19541
iteration,1879,10.8163,10.4054,19551.8
iteration,1880,10.2141,10.4053,19562
iteration,1881,9.43734,10.4048,19571.4
iteration,1882,10.6059,10.4049,19582.1
iteration,1883,10.5485,10.405,19592.6
iteration,1884,10.5168,10.4051,19603.1
iteration,1885,10.5124,10.4051,19613.6
iteration,1886,10.2747,10.405,19623.9
iteration,1887,9.92026,10.4048,19633.8
iteration,1888,9.89856,10.4045,19643.7
iteration,1889,10.9012,10.4048,19654.6
iteration,1890,10.3928,10.4048,19665
iteration,1891,9.83532,10.4045,19674.9
iteration,1892,10.6746,10.4046,19685.5
iteration,1893,9.91524,10.4044,19695.4
iteration,1894,10.1794,10.4042,19705.6
iteration,1895,9.6599,10.4038,19715.3
iteration,1896,10.8573,10.4041,19726.1
iteration,1897,10.2939,10.404,19736.4
iteration,1898,10.3499,10.404,19746.8
iteration,1899,10.4955,10.404,19757.3
iteration,1900,10.2721,10.404,19767.6
iteration,1901,10.1241,10.4038,19777.7
iteration,1902,11.4328,10.4044,19789.1
iteration,1903,9.78676,10.404,19798.9
iteration,1904,10.1721,10.4039,19809.1
iteration,1905,10.1231,10.4038,19819.2
iteration,1906,10.3417,10.4037,19829.5
iteration,1907,10.2094,10.4036,19839.7
iteration,1908,10.2802,10.4036,19850
iteration,1909,10.5134,10.4036,19860.5
iteration,1910,9.92757,10.4034,19870.5
iteration,1911,10.0795,10.4032,19880.5
iteration,1912,10.0807,10.403,19890.6
iteration,1913,10.4688,10.4031,19901.1
iteration,1914,9.71437,10.4027,19910.8
iteration,1915,10.8299,10.4029,19921.6
iteration,1916,11.2929,10.4034,19932.9
iteration,1917,9.89647,10.4031,19942.8
iteration,1918,9.71672,10.4028,19952.5
iteration,1919,9.6393,10.4024,19962.2
iteration,1920,11.3759,10.4029,19973.6
iteration,1921,10.7118,10.4031,19984.3
iteration,1922,11.9367,10.4039,19996.2
iteration,1923,10.9626,10.4041,20007.2
iteration,1924,10.0247,10.4039,20017.2
iteration,1925,10.0592,10.4038,20027.3
iteration,1926,11.0144,10.4041,20038.3
iteration,1927,10.7031,10.4042,20049
iteration,1928,9.69265,10.4039,20058.7
iteration,1929,10.0751,10.4037,20068.7
iteration,1930,10.4904,10.4037,20079.2
iteration,1931,10.7048,10.4039,20089.9
iteration,1932,9.99637,10.4037,20099.9
iteration,1933,10.7756,10.4039,20110.7
iteration,1934,10.2115,10.4038,20120.9
iteration,1935,11.0036,10.4041,20131.9
iteration,1936,9.96432,10.4039,20141.9
iteration,1937,10.2064,10.4038,20152.1
iteration,1938,10.4015,10.4038,20162.5
iteration,1939,13.9099,10.4056,20176.4
iteration,1940,10.0162,10.4054,20186.4
iteration,1941,9.6014,10.405,20196
iteration,1942,10.7748,10.4051,20206.8
iteration,1943,11.0346,10.4055,20217.8
iteration,1944,9.56865,10.405,20227.4
iteration,1945,10.2311,10.405,20237.6
iteration,1946,10.7113,10.4051,20248.3
iteration,1947,10.1756,10.405,20258.5
iteration,1948,10.1906,10.4049,20268.7
iteration,1949,10.2992,10.4048,20279
iteration,1950,10.4203,10.4048,20289.4
iteration,1951,9.8785,10.4046,20299.3
iteration,1952,10.5768,10.4047,20309.9
iteration,1953,11.5956,10.4053,20321.5
iteration,1954,10.7154,10.4054,20332.2
iteration,1955,10.0525,10.4052,20342.2
iteration,1956,10.8701,10.4055,20353.1
iteration,1957,10.6215,10.4056,20363.7
iteration,1958,10.8013,10.4058,20374.5
iteration,1959,10.0363,10.4056,20384.6
iteration,1960,10.5855,10.4057,20395.2
iteration,1961,10.8395,10.4059,20406
iteration,1962,9.91683,10.4057,20415.9
iteration,1963,10.9278,10.4059,20426.8
iteration,1964,10.5961,10.406,20437.4
iteration,1965,9.83746,10.4057,20447.3
iteration,1966,11.3054,10.4062,20458.6
iteration,1967,10.2096,10.4061,20468.8
iteration,1968,10.8174,10.4063,20479.6
iteration,1969,9.9733,10.4061,20489.6
iteration,1970,10.5164,10.4061,20500.1
iteration,1971,10.9988,10.4064,20511.1
iteration,1972,10.2419,10.4064,20521.3
iteration,1973,10.6022,10.4065,20531.9
iteration,1974,10.51,10.4065,20542.5
iteration,1975,9.96831,10.4063,20552.4
iteration,1976,11.426,10.4068,20563.8
iteration,1977,10.4044,10.4068,20574.3
iteration,1978,11.0736,10.4071,20585.3
iteration,1979,10.9771,10.4074,20596.3
iteration,1980,10.1975,10.4073,20606.5
iteration,1981,10.2534,10.4072,20616.8
iteration,1982,10.4953,10.4073,20627.2
iteration,1983,11.1856,10.4077,20638.4
iteration,1984,9.84521,10.4074,20648.3
iteration,1985,9.6274,10.407,20657.9
iteration,1986,10.4633,10.407,20668.4
iteration,1987,10.7176,10.4072,20679.1
iteration,1988,9.82963,10.4069,20688.9
iteration,1989,10.3991,10.4069,20699.3
iteration,1990,11.4514,10.4074,20710.8
iteration,1991,10.3245,10.4074,20721.1
iteration,1992,9.94357,10.4071,20731
iteration,1993,11.4141,10.4077,20742.4
iteration,1994,10.3602,10.4076,20752.8
iteration,1995,11.0869,10.408,20763.9
iteration,1996,10.0842,10.4078,20774
iteration,1997,9.99064,10.4076,20784
iteration,1998,10.2345,10.4075,20794.2
iteration,1999,9.83559,10.4072,20804
iteration,2000,10.8317,10.4074,20814.9
iteration,2001,10.28,10.4074,20825.2
iteration,2002,10.0262,10.4072,20835.2
iteration,2003,10.6466,10.4073,20845.8
iteration,2004,10.2092,10.4072,20856
iteration,2005,10.5069,10.4073,20866.5
iteration,2006,10.3525,10.4072,20876.9
iteration,2007,9.32532,10.4067,20886.2
iteration,2008,10.6386,10.4068,20896.9
iteration,2009,10.3906,10.4068,20907.2
iteration,2010,10.0159,10.4066,20917.3
iteration,2011,12.5418,10.4077,20929.8
iteration,2012,10.1465,10.4075,20940
iteration,2013,13.9044,10.4093,20953.9
iteration,2014,11.9594,10.41,20965.8
iteration,2015,9.74637,10.4097,20975.6
iteration,2016,10.7322,10.4099,20986.3
iteration,2017,10.6329,10.41,20996.9
iteration,2018,9.63959,10.4096,21006.6
iteration,2019,10.7785,10.4098,21017.3
iteration,2020,10.0523,10.4096,21027.4
iteration,2021,9.85372,10.4093,21037.3
iteration,2022,10.6004,10.4094,21047.9
iteration,2023,10.7662,10.4096,21058.6
iteration,2024,9.91457,10.4094,21068.5
iteration,2025,9.88494,10.4091,21078.4
iteration,2026,11.4711,10.4096,21089.9
iteration,2027,12.3489,10.4106,21102.2
iteration,2028,9.68908,10.4102,21111.9
iteration,2029,10.1522,10.4101,21122.1
iteration,2030,10.3271,10.4101,21132.4
iteration,2031,10.5792,10.4101,21143
iteration,2032,10.4493,10.4102,21153.4
iteration,2033,9.86008,10.4099,21163.3
iteration,2034,10.5555,10.41,21173.9
iteration,2035,10.3078,10.4099,21184.2
iteration,2036,10.2275,10.4098,21194.4
iteration,2037,9.83217,10.4095,21204.2
iteration,2038,11.4318,10.41,21215.7
iteration,2039,9.60787,10.4096,21225.3
iteration,2040,10.1809,10.4095,21235.4
iteration,2041,9.36689,10.409,21244.8
iteration,2042,10.7187,10.4092,21255.5
iteration,2043,12.5685,10.4102,21268.1
iteration,2044,10.5692,10.4103,21278.7
iteration,2045,11.0334,10.4106,21289.7
iteration,2046,10.5513,10.4107,21300.2
iteration,2047,10.6179,10.4108,21310.9
iteration,2048,10.173,10.4107,21321
iteration,2049,10.8238,10.4109,21331.9
iteration,2050,10.7948,10.4111,21342.7
iteration,2051,10.0468,10.4109,21352.7
iteration,2052,9.9633,10.4107,21362.7
iteration,2053,11.993,10.4114,21374.7
iteration,2054,10.2972,10.4114,21385
iteration,2055,9.64223,10.411,21394.6
iteration,2056,11.2516,10.4114,21405.9
iteration,2057,10.524,10.4115,21416.4
iteration,2058,9.98675,10.4113,21426.4
iteration,2059,9.71406,10.4109,21436.1
iteration,2060,10.9615,10.4112,21447
iteration,2061,10.3028,10.4111,21457.3
iteration,2062,10.3096,10.4111,21467.6
iteration,2063,11.2473,10.4115,21478.9
iteration,2064,10.2522,10.4114,21489.1
iteration,2065,8.95936,10.4107,21498.1
iteration,2066,10.716,10.4109,21508.8
iteration,2067,10.5001,10.4109,21519.3
iteration,2068,10.5595,10.411,21529.9
iteration,2069,10.3987,10.411,21540.3
iteration,2070,10.2323,10.4109,21550.5
iteration,2071,10.3392,10.4108,21560.9
iteration,2072,10.4755,10.4109,21571.3
iteration,2073,10.2834,10.4108,21581.6
iteration,2074,9.74302,10.4105,21591.4
iteration,2075,11.4214,10.411,21602.8
iteration,2076,10.518,10.411,21613.3
iteration,2077,9.67704,10.4107,21623
iteration,2078,9.80622,10.4104,21632.8
iteration,2079,10.5104,10.4104,21643.3
iteration,2080,10.2237,10.4103,21653.5
iteration,2081,9.8356,10.4101,21663.3
iteration,2082,9.90945,10.4098,21673.3
iteration,2083,10.5309,10.4099,21683.8
iteration,2084,9.12729,10.4093,21692.9
iteration,2085,10.0225,10.4091,21702.9
iteration,2086,10.6559,10.4092,21713.6
iteration,2087,10.5853,10.4093,21724.2
iteration,2088,9.6997,10.4089,21733.9
iteration,2089,10.3809,10.4089,21744.3
iteration,2090,10.7467,10.4091,21755
iteration,2091,10.2465,10.409,21765.3
iteration,2092,9.9126,10.4088,21775.2
iteration,2093,9.77665,10.4085,21784.9
iteration,2094,10.932,10.4087,21795.9
iteration,2095,10.076,10.4086,21806
iteration,2096,9.95489,10.4084,21815.9
iteration,2097,10.5355,10.4084,21826.4
iteration,2098,10.3215,10.4084,21836.8
iteration,2099,12.4473,10.4093,21849.2
iteration,2100,10.2659,10.4093,21859.5
iteration,2101,10.6344,10.4094,21870.1
iteration,2102,10.2416,10.4093,21880.4
iteration,2103,10.0372,10.4091,21890.4
iteration,2104,10.1152,10.409,21900.5
iteration,2105,9.93766,10.4088,21910.4
iteration,2106,10.8178,10.409,21921.3
iteration,2107,10.5285,10.409,21931.8
iteration,2108,9.43404,10.4085,21941.2
iteration,2109,10.6397,10.4087,21951.9
iteration,2110,10.152,10.4085,21962
iteration,2111,10.2053,10.4084,21972.2
iteration,2112,10.039,10.4083,21982.3
iteration,2113,10.5431,10.4083,21992.8
iteration,2114,10.7005,10.4085,22003.5
iteration,2115,10.1154,10.4083,22013.6
iteration,2116,10.0182,10.4081,22023.6
iteration,2117,10.4553,10.4082,22034.1
iteration,2118,11.0199,10.4085,22045.1
iteration,2119,10.0369,10.4083,22055.1
iteration,2120,11.048,10.4086,22066.2
iteration,2121,10.2524,10.4085,22076.4
iteration,2122,9.78728,10.4082,22086.2
iteration,2123,10.1307,10.4081,22096.4
iteration,2124,10.9026,10.4083,22107.3
iteration,2125,9.8864,10.4081,22117.2
iteration,2126,10.4101,10.4081,22127.6
iteration,2127,9.82388,10.4078,22137.4
iteration,2128,10.7469,10.408,22148.1
iteration,2129,9.9786,10.4078,22158.1
iteration,2130,10.9101,10.408,22169
iteration,2131,10.7601,10.4082,22179.8
iteration,2132,10.4734,10.4082,22190.3
iteration,2133,12.2867,10.4091,22202.5
iteration,2134,10.6186,10.4092,22213.2
iteration,2135,11.5312,10.4097,22224.7
iteration,2136,9.89809,10.4095,22234.6
iteration,2137,9.93496,10.4092,22244.5
iteration,2138,10.5359,10.4093,22255.1
iteration,2139,10.1753,10.4092,22265.2
iteration,2140,9.83347,10.4089,22275.1
iteration,2141,10.4196,10.4089,22285.5
iteration,2142,10.6089,10.409,22296.1
iteration,2143,10.4464,10.409,22306.5
iteration,2144,10.2547,10.409,22316.8
iteration,2145,9.79597,10.4087,22326.6
iteration,2146,9.8812,10.4084,22336.5
iteration,2147,10.0238,10.4082,22346.5
iteration,2148,10.4226,10.4083,22356.9
iteration,2149,9.98676,10.4081,22366.9
iteration,2150,10.5033,10.4081,22377.4
iteration,2151,10.4279,10.4081,22387.8
iteration,2152,10.3027,10.4081,22398.1
iteration,2153,9.89466,10.4078,22408
iteration,2154,11.5843,10.4084,22419.6
iteration,2155,10.4441,10.4084,22430.1
iteration,2156,9.40052,10.4079,22439.5
iteration,2157,10.769,10.4081,22450.2
iteration,2158,11.2232,10.4085,22461.5
iteration,2159,9.6968,10.4081,22471.2
iteration,2160,10.2485,10.4081,22481.4
iteration,2161,11.2762,10.4085,22492.7
iteration,2162,11.3258,10.4089,22504
iteration,2163,9.77451,10.4086,22513.8
iteration,2164,9.45393,10.4082,22523.2
iteration,2165,10.7945,10.4083,22534
iteration,2166,10.2227,10.4082,22544.3
iteration,2167,9.75012,10.4079,22554
iteration,2168,10.5913,10.408,22564.6
iteration,2169,10.8525,10.4082,22575.4
iteration,2170,11.9302,10.4089,22587.4
iteration,2171,10.7055,10.4091,22598.1
iteration,2172,10.1055,10.4089,22608.2
iteration,2173,10.3776,10.4089,22618.6
iteration,2174,12.2644,10.4098,22630.8
iteration,2175,9.87864,10.4095,22640.7
iteration,2176,10.3512,10.4095,22651.1
iteration,2177,9.86843,10.4092,22660.9
iteration,2178,10.3597,10.4092,22671.3
iteration,2179,11.0249,10.4095,22682.3
iteration,2180,10.4685,10.4095,22692.8
iteration,2181,10.6358,10.4096,22703.4
iteration,2182,9.60578,10.4093,22713
iteration,2183,9.96535,10.4091,22723
iteration,2184,10.0476,10.4089,22733
iteration,2185,12.6624,10.4099,22745.7
iteration,2186,9.58574,10.4096,22755.3
iteration,2187,10.0482,10.4094,22765.3
iteration,2188,10.6729,10.4095,22776
iteration,2189,9.96517,10.4093,22786
iteration,2190,10.3312,10.4093,22796.3
iteration,2191,10.7121,10.4094,22807
iteration,2192,12.3632,10.4103,22819.4
iteration,2193,9.51602,10.4099,22828.9
iteration,2194,9.99469,10.4097,22838.9
iteration,2195,10.7724,10.4099,22849.7
iteration,2196,9.98684,10.4097,22859.6
iteration,2197,9.93248,10.4095,22869.6
iteration,2198,10.0947,10.4093,22879.7
iteration,2199,10.2117,10.4092,22889.9
iteration,2200,9.70487,10.4089,22899.6
iteration,2201,10.0067,10.4087,22909.6
iteration,2202,10.6664,10.4088,22920.3
iteration,2203,9.55629,10.4085,22929.8
iteration,2204,9.70281,10.4081,22939.5
iteration,2205,10.1606,10.408,22949.7
iteration,2206,10.2444,10.4079,22959.9
iteration,2207,9.85711,10.4077,22969.8
iteration,2208,9.65254,10.4074,22979.4
iteration,2209,10.3238,10.4073,22989.8
iteration,2210,10.2333,10.4072,23000
iteration,2211,10.3489,10.4072,23010.3
iteration,2212,10.2724,10.4072,23020.6
iteration,2213,9.68185,10.4068,23030.3
iteration,2214,10.2788,10.4068,23040.6
iteration,2215,10.1645,10.4067,23050.7
iteration,2216,10.6672,10.4068,23061.4
iteration,2217,9.71035,10.4065,23071.1
iteration,2218,10.2175,10.4064,23081.3
iteration,2219,10.5763,10.4065,23091.9
iteration,2220,9.79864,10.4062,23101.7
iteration,2221,10.6829,10.4063,23112.4
iteration,2222,10.9073,10.4065,23123.3
iteration,2223,10.1724,10.4064,23133.5
iteration,2224,9.71894,10.4061,23143.2
iteration,2225,9.93052,10.4059,23153.1
iteration,2226,11.1325,10.4062,23164.3
iteration,2227,9.23993,10.4057,23173.5
iteration,2228,9.51518,10.4053,23183
iteration,2229,10.6432,10.4054,23193.7
iteration,2230,10.0109,10.4052,23203.7
iteration,2231,9.5952,10.4049,23213.3
iteration,2232,10.9485,10.4051,23224.2
iteration,2233,10.7954,10.4053,23235
iteration,2234,10.1208,10.4052,23245.1
iteration,2235,9.8125,10.4049,23254.9
iteration,2236,10.4968,10.4049,23265.4
iteration,2237,11.055,10.4052,23276.5
iteration,2238,10.0143,10.4051,23286.5
iteration,2239,10.1729,10.4049,23296.7
iteration,2240,10.848,10.4051,23307.5
iteration,2241,10.2012,10.4051,23317.7
iteration,2242,9.26648,10.4045,23327
iteration,2243,10.1102,10.4044,23337.1
iteration,2244,10.4375,10.4044,23347.5
iteration,2245,10.1196,10.4043,23357.7
iteration,2246,9.62992,10.404,23367.3
iteration,2247,10.0575,10.4038,23377.3
iteration,2248,10.1288,10.4037,23387.5
iteration,2249,10.5108,10.4037,23398
iteration,2250,10.0771,10.4036,23408.1
iteration,2251,9.8466,10.4033,23417.9
iteration,2252,10.7217,10.4035,23428.6
iteration,2253,10.462,10.4035,23439.1
iteration,2254,9.96857,10.4033,23449.1
iteration,2255,10.2302,10.4032,23459.3
iteration,2256,11.2761,10.4036,23470.6
iteration,2257,10.4901,10.4037,23481.1
iteration,2258,10.0827,10.4035,23491.1
iteration,2259,9.93409,10.4033,23501.1
iteration,2260,15.4531,10.4055,23516.5
iteration,2261,10.2051,10.4055,23526.7
iteration,2262,9.91174,10.4052,23536.6
iteration,2263,11.0731,10.4055,23547.7
iteration,2264,9.76205,10.4052,23557.5
iteration,2265,10.6396,10.4054,23568.1
iteration,2266,10.1426,10.4052,23578.3
iteration,2267,10.1126,10.4051,23588.4
iteration,2268,10.3034,10.4051,23598.7
iteration,2269,10.2181,10.405,23608.9
iteration,2270,10.7015,10.4051,23619.6
iteration,2271,10.3714,10.4051,23630
iteration,2272,10.097,10.405,23640.1
iteration,2273,9.96644,10.4048,23650
iteration,2274,11.3772,10.4052,23661.4
iteration,2275,9.93025,10.405,23671.3
iteration,2276,10.2537,10.4049,23681.6
iteration,2277,10.4035,10.4049,23692
iteration,2278,10.5096,10.405,23702.5
iteration,2279,9.90755,10.4047,23712.4
iteration,2280,10.545,10.4048,23723
iteration,2281,10.1705,10.4047,23733.1
iteration,2282,11.0948,10.405,23744.2
iteration,2283,9.77396,10.4047,23754
iteration,2284,10.745,10.4049,23764.7
iteration,2285,10.3963,10.4049,23775.1
iteration,2286,10.3256,10.4048,23785.5
iteration,2287,10.524,10.4049,23796
iteration,2288,10.2851,10.4048,23806.3
iteration,2289,10.4779,10.4049,23816.8
iteration,2290,12.5883,10.4058,23829.3
iteration,2291,9.78864,10.4056,23839.1
iteration,2292,10.1666,10.4055,23849.3
iteration,2293,10.4575,10.4055,23859.8
iteration,2294,10.6386,10.4056,23870.4
iteration,2295,10.0563,10.4054,23880.5
iteration,2296,10.3591,10.4054,23890.8
iteration,2297,10.7829,10.4056,23901.6
iteration,2298,9.96408,10.4054,23911.6
iteration,2299,10.1456,10.4053,23921.7
iteration,2300,10.8664,10.4055,23932.6
iteration,2301,10.1632,10.4054,23942.7
iteration,2302,10.3776,10.4053,23953.1
iteration,2303,9.77147,10.4051,23962.9
iteration,2304,11.5265,10.4056,23974.4
iteration,2305,10.2298,10.4055,23984.6
iteration,2306,10.5174,10.4055,23995.2
iteration,2307,10.5422,10.4056,24005.7
iteration,2308,10.9146,10.4058,24016.6
iteration,2309,10.2903,10.4058,24026.9
iteration,2310,9.81794,10.4055,24036.7
iteration,2311,10.3595,10.4055,24047.1
iteration,2312,10.4568,10.4055,24057.5
iteration,2313,9.58652,10.4052,24067.1
iteration,2314,10.3693,10.4051,24077.5
iteration,2315,10.2939,10.4051,24087.8
iteration,2316,10.5542,10.4052,24098.3
iteration,2317,10.1816,10.4051,24108.5
iteration,2318,12.541,10.406,24121.1
iteration,2319,10.6375,10.4061,24131.7
iteration,2320,10.3075,10.406,24142
iteration,2321,10.7758,10.4062,24152.8
iteration,2322,10.5102,10.4062,24163.3
iteration,2323,10.5712,10.4063,24173.9
iteration,2324,10.5626,10.4064,24184.4
iteration,2325,12.0644,10.4071,24196.5
iteration,2326,9.52556,10.4067,24206
iteration,2327,10.8887,10.4069,24216.9
iteration,2328,9.96315,10.4067,24226.9
iteration,2329,9.83306,10.4065,24236.7
iteration,2330,10.1457,10.4064,24246.8
iteration,2331,10.7442,10.4065,24257.6
iteration,2332,10.0288,10.4064,24267.6
iteration,2333,12.6414,10.4073,24280.3
iteration,2334,10.4862,10.4073,24290.7
iteration,2335,10.6331,10.4074,24301.4
iteration,2336,10.5521,10.4075,24311.9
iteration,2337,10.6937,10.4076,24322.6
iteration,2338,10.5779,10.4077,24333.2
iteration,2339,9.78151,10.4074,24343
iteration,2340,10.1718,10.4073,24353.2
iteration,2341,11.3147,10.4077,24364.5
iteration,2342,9.73837,10.4074,24374.2
iteration,2343,9.24505,10.4069,24383.5
iteration,2344,10.4836,10.407,24393.9
iteration,2345,10.3338,10.4069,24404.3
iteration,2346,9.45925,10.4065,24413.7
iteration,2347,9.86739,10.4063,24423.6
iteration,2348,10.7807,10.4065,24434.4
iteration,2349,10.3364,10.4064,24444.7
iteration,2350,9.87638,10.4062,24454.6
iteration,2351,10.307,10.4062,24464.9
iteration,2352,10.0052,10.406,24474.9
iteration,2353,10.5741,10.4061,24485.5
iteration,2354,10.0695,10.4059,24495.5
iteration,2355,9.84769,10.4057,24505.4
iteration,2356,10.1843,10.4056,24515.6
iteration,2357,10.139,10.4055,24525.7
iteration,2358,10.4102,10.4055,24536.1
iteration,2359,9.26695,10.405,24545.4
iteration,2360,10.2878,10.405,24555.7
iteration,2361,10.2312,10.4049,24565.9
iteration,2362,9.97771,10.4047,24575.9
iteration,2363,9.74747,10.4044,24585.6
iteration,2364,10.3091,10.4044,24596
iteration,2365,10.6561,10.4045,24606.6
iteration,2366,9.62874,10.4042,24616.2
iteration,2367,9.66441,10.4038,24625.9
iteration,2368,11.1026,10.4041,24637
iteration,2369,10.517,10.4042,24647.5
iteration,2370,10.1545,10.4041,24657.7
iteration,2371,10.3171,10.404,24668
iteration,2372,10.6752,10.4042,24678.7
iteration,2373,9.96367,10.404,24688.6
iteration,2374,9.89922,10.4038,24698.5
iteration,2375,12.3017,10.4046,24710.8
iteration,2376,10.202,10.4045,24721
iteration,2377,9.83648,10.4042,24730.9
iteration,2378,10.5115,10.4043,24741.4
iteration,2379,10.8042,10.4044,24752.2
iteration,2380,9.72326,10.4042,24761.9
iteration,2381,9.44554,10.4038,24771.4
iteration,2382,9.89156,10.4035,24781.2
iteration,2383,10.7443,10.4037,24792
iteration,2384,9.55368,10.4033,24801.5
iteration,2385,10.251,10.4033,24811.8
iteration,2386,10.5332,10.4033,24822.3
iteration,2387,13.0458,10.4044,24835.4
iteration,2388,10.6383,10.4045,24846
iteration,2389,9.91101,10.4043,24855.9
iteration,2390,10.2753,10.4043,24866.2
iteration,2391,10.3822,10.4043,24876.6
iteration,2392,10.2511,10.4042,24886.8
iteration,2393,9.27893,10.4037,24896.1
iteration,2394,10.6578,10.4038,24906.8
iteration,2395,11.0873,10.4041,24917.9
iteration,2396,9.76617,10.4038,24927.6
iteration,2397,10.2333,10.4038,24937.9
iteration,2398,10.813,10.4039,24948.7
iteration,2399,9.87296,10.4037,24958.5
iteration,2400,9.92718,10.4035,24968.5
iteration,2401,9.73141,10.4032,24978.2
iteration,2402,10.997,10.4035,24989.2
iteration,2403,9.94653,10.4033,24999.1
iteration,2404,9.41303,10.4029,25008.6
iteration,2405,11.6976,10.4034,25020.3
iteration,2406,10.2684,10.4034,25030.5
iteration,2407,9.85622,10.4031,25040.4
iteration,2408,10.3709,10.4031,25050.7
iteration,2409,10.9992,10.4034,25061.7
iteration,2410,9.9485,10.4032,25071.7
iteration,2411,10.0097,10.403,25081.7
iteration,2412,10.1952,10.4029,25091.9
iteration,2413,9.82598,10.4027,25101.7
iteration,2414,10.9344,10.4029,25112.7
iteration,2415,10.0739,10.4028,25122.7
iteration,2416,10.737,10.4029,25133.5
iteration,2417,11.1374,10.4032,25144.6
iteration,2418,9.73017,10.403,25154.3
iteration,2419,10.5096,10.403,25164.9
iteration,2420,10.261,10.4029,25175.1
iteration,2421,10.401,10.4029,25185.5
iteration,2422,9.49054,10.4026,25195
iteration,2423,10.4723,10.4026,25205.5
iteration,2424,10.4519,10.4026,25215.9
iteration,2425,9.83788,10.4024,25225.8
iteration,2426,12.8303,10.4034,25238.6
iteration,2427,10.4107,10.4034,25249
iteration,2428,10.1953,10.4033,25259.2
iteration,2429,10.6191,10.4034,25269.8
iteration,2430,9.91271,10.4032,25279.7
iteration,2431,9.96911,10.403,25289.7
iteration,2432,10.2361,10.4029,25299.9
iteration,2433,10.7841,10.4031,25310.7
iteration,2434,9.65775,10.4028,25320.4
iteration,2435,10.5586,10.4028,25330.9
iteration,2436,10.5659,10.4029,25341.5
iteration,2437,10.4719,10.4029,25352
iteration,2438,10.2073,10.4029,25362.2
iteration,2439,10.5809,10.4029,25372.8
iteration,2440,9.72022,10.4027,25382.5
iteration,2441,9.97156,10.4025,25392.5
iteration,2442,10.0792,10.4023,25402.5
iteration,2443,10.8757,10.4025,25413.4
iteration,2444,9.74404,10.4023,25423.2
iteration,2445,9.45408,10.4019,25432.6
iteration,2446,10.6942,10.402,25443.3
iteration,2447,10.7873,10.4022,25454.1
iteration,2448,9.88246,10.402,25464
iteration,2449,9.86556,10.4017,25473.8
iteration,2450,10.7457,10.4019,25484.6
iteration,2451,10.4701,10.4019,25495.1
iteration,2452,10.0798,10.4018,25505.1
iteration,2453,10.6255,10.4019,25515.8
iteration,2454,10.7005,10.402,25526.5
iteration,2455,9.97337,10.4018,25536.4
iteration,2456,10.47,10.4018,25546.9
iteration,2457,9.79527,10.4016,25556.7
iteration,2458,10.3552,10.4016,25567.1
iteration,2459,10.1332,10.4015,25577.2
iteration,2460,10.4855,10.4015,25587.7
iteration,2461,12.7117,10.4024,25600.4
iteration,2462,9.91184,10.4022,25610.3
iteration,2463,10.247,10.4022,25620.5
iteration,2464,10.0603,10.402,25630.6
iteration,2465,10.3343,10.402,25640.9
iteration,2466,10.7607,10.4021,25651.7
iteration,2467,9.48836,10.4018,25661.2
iteration,2468,10.0605,10.4016,25671.2
iteration,2469,10.2914,10.4016,25681.5
iteration,2470,11.2039,10.4019,25692.7
iteration,2471,9.58407,10.4016,25702.3
iteration,2472,12.6696,10.4025,25715
iteration,2473,11.1131,10.4028,25726.1
iteration,2474,9.90125,10.4026,25736
iteration,2475,10.4286,10.4026,25746.4
iteration,2476,10.7582,10.4027,25757.2
iteration,2477,10.6776,10.4029,25767.9
iteration,2478,9.3544,10.4024,25777.2
iteration,2479,10.2723,10.4024,25787.5
iteration,2480,10.7795,10.4025,25798.3
iteration,2481,10.0253,10.4024,25808.3
iteration,2482,10.2135,10.4023,25818.5
iteration,2483,10.3858,10.4023,25828.9
iteration,2484,11.158,10.4026,25840.1
iteration,2485,10.0129,10.4024,25850.1
iteration,2486,9.46095,10.4021,25859.5
iteration,2487,10.5278,10.4021,25870.1
iteration,2488,10.8323,10.4023,25880.9
iteration,2489,9.57815,10.402,25890.5
iteration,2490,10.4095,10.402,25900.9
iteration,2491,10.3562,10.4019,25911.2
iteration,2492,11.4669,10.4024,25922.7
iteration,2493,9.95418,10.4022,25932.7
iteration,2494,9.99497,10.402,25942.7
iteration,2495,12.9386,10.403,25955.6
iteration,2496,9.73051,10.4028,25965.3
iteration,2497,10.5835,10.4028,25975.9
iteration,2498,10.0273,10.4027,25985.9
iteration,2499,10.3754,10.4027,25996.3
iteration,2500,10.1555,10.4026,26006.5
iteration,2501,10.2081,10.4025,26016.7
iteration,2502,10.4249,10.4025,26027.1
iteration,2503,11.2274,10.4028,26038.3
iteration,2504,9.91182,10.4027,26048.2
iteration,2505,10.0967,10.4025,26058.3
iteration,2506,10.3184,10.4025,26068.7
iteration,2507,11.0808,10.4028,26079.7
iteration,2508,9.74976,10.4025,26089.5
iteration,2509,10.3168,10.4025,26099.8
iteration,2510,10.5512,10.4025,26110.4
iteration,2511,10.1929,10.4024,26120.5
iteration,2512,9.63992,10.4021,26130.2
iteration,2513,10.2949,10.4021,26140.5
iteration,2514,11.4385,10.4025,26151.9
iteration,2515,9.89932,10.4023,26161.8
iteration,2516,9.92826,10.4021,26171.7
iteration,2517,10.1499,10.402,26181.9
iteration,2518,10.6212,10.4021,26192.5
iteration,2519,9.72864,10.4018,26202.2
iteration,2520,10.329,10.4018,26212.6
iteration,2521,13.0156,10.4029,26225.6
iteration,2522,9.58081,10.4025,26235.2
iteration,2523,10.576,10.4026,26245.8
iteration,2524,9.48545,10.4022,26255.2
iteration,2525,9.9777,10.4021,26265.2
iteration,2526,10.1379,10.402,26275.4
iteration,2527,10.3401,10.4019,26285.7
iteration,2528,9.81963,10.4017,26295.5
iteration,2529,10.276,10.4017,26305.8
iteration,2530,10.3136,10.4016,26316.1
iteration,2531,9.77837,10.4014,26325.9
iteration,2532,10.0545,10.4012,26335.9
iteration,2533,10.257,10.4012,26346.2
iteration,2534,10.2583,10.4011,26356.4
iteration,2535,9.7231,10.4009,26366.2
iteration,2536,10.6996,10.401,26376.9
iteration,2537,10.6784,10.4011,26387.6
iteration,2538,10.3233,10.4011,26397.9
iteration,2539,9.53181,10.4007,26407.4
iteration,2540,10.6726,10.4008,26418.1
iteration,2541,10.5292,10.4009,26428.6
iteration,2542,9.90036,10.4007,26438.5
iteration,2543,9.78356,10.4004,26448.3
iteration,2544,10.8041,10.4006,26459.1
iteration,2545,9.74572,10.4003,26468.8
iteration,2546,10.1951,10.4002,26479
iteration,2547,10.0043,10.4001,26489
iteration,2548,10.8754,10.4003,26499.9
iteration,2549,9.57553,10.4,26509.5
iteration,2550,9.82916,10.3997,26519.3
iteration,2551,13.0402,10.4008,26532.4
iteration,2552,10.3744,10.4008,26542.7
iteration,2553,9.77722,10.4005,26552.5
iteration,2554,10.6046,10.4006,26563.1
iteration,2555,10.6129,10.4007,26573.7
iteration,2556,9.76703,10.4004,26583.5
iteration,2557,9.78423,10.4002,26593.3
iteration,2558,10.2614,10.4001,26603.5
iteration,2559,10.9931,10.4004,26614.5
iteration,2560,10.6175,10.4005,26625.2
iteration,2561,9.88076,10.4002,26635
iteration,2562,10.2139,10.4002,26645.2
iteration,2563,10.6897,10.4003,26655.9
iteration,2564,10.553,10.4003,26666.5
iteration,2565,10.477,10.4004,26677
iteration,2566,10.4589,10.4004,26687.4
iteration,2567,10.3769,10.4004,26697.8
iteration,2568,10.0072,10.4002,26707.8
iteration,2569,9.44993,10.3999,26717.3
iteration,2570,10.1633,10.3998,26727.4
iteration,2571,13.5847,10.401,26741
iteration,2572,10.7043,10.4011,26751.7
iteration,2573,10.0552,10.401,26761.8
iteration,2574,11.1225,10.4013,26772.9
iteration,2575,9.69454,10.401,26782.6
iteration,2576,10.5516,10.4011,26793.1
iteration,2577,10.2022,10.401,26803.3
iteration,2578,11.0614,10.4012,26814.4
iteration,2579,10.1823,10.4012,26824.6
iteration,2580,10.1195,10.401,26834.7
iteration,2581,10.5144,10.4011,26845.2
iteration,2582,10.5735,10.4012,26855.8
iteration,2583,9.57803,10.4008,26865.4
iteration,2584,11.2702,10.4012,26876.6
iteration,2585,10.2097,10.4011,26886.8
iteration,2586,10.4931,10.4011,26897.3
iteration,2587,9.7227,10.4009,26907.1
iteration,2588,10.4473,10.4009,26917.5
iteration,2589,10.3529,10.4009,26927.9
iteration,2590,10.4189,10.4009,26938.3
iteration,2591,10.7807,10.401,26949.1
iteration,2592,10.0845,10.4009,26959.1
iteration,2593,10.3514,10.4009,26969.5
iteration,2594,11.5902,10.4013,26981.1
iteration,2595,10.3979,10.4013,26991.5
iteration,2596,10.7859,10.4015,27002.3
iteration,2597,10.9923,10.4017,27013.3
iteration,2598,10.1856,10.4016,27023.5
iteration,2599,12.2896,10.4024,27035.7
iteration,2600,10.7534,10.4025,27046.5
iteration,2601,10.3348,10.4025,27056.8
iteration,2602,10.1798,10.4024,27067
iteration,2603,11.5321,10.4028,27078.5
iteration,2604,10.3644,10.4028,27088.9
iteration,2605,9.86358,10.4026,27098.8
iteration,2606,9.72004,10.4023,27108.5
iteration,2607,11.0948,10.4026,27119.6
iteration,2608,10.8415,10.4028,27130.4
iteration,2609,10.5646,10.4028,27141
iteration,2610,10.4021,10.4028,27151.4
iteration,2611,11.3622,10.4032,27162.8
iteration,2612,9.68198,10.4029,27172.4
iteration,2613,9.93462,10.4027,27182.4
iteration,2614,11.1928,10.403,27193.6
iteration,2615,10.6379,10.4031,27204.2
iteration,2616,9.95276,10.403,27214.2
iteration,2617,10.1052,10.4029,27224.3
iteration,2618,11.7049,10.4033,27236
iteration,2619,10.4071,10.4033,27246.4
iteration,2620,10.3252,10.4033,27256.7
iteration,2621,11.2698,10.4036,27268
iteration,2622,10.5152,10.4037,27278.5
iteration,2623,9.57794,10.4034,27288.1
iteration,2624,10.8024,10.4035,27298.9
iteration,2625,10.5394,10.4036,27309.4
iteration,2626,10.4614,10.4036,27319.9
iteration,2627,10.1953,10.4035,27330.1
iteration,2628,10.8569,10.4037,27340.9
iteration,2629,10.6764,10.4038,27351.6
iteration,2630,12.22,10.4045,27363.8
iteration,2631,10.2445,10.4044,27374.1
iteration,2632,10.088,10.4043,27384.1
iteration,2633,10.4884,10.4043,27394.6
iteration,2634,10.5826,10.4044,27405.2
iteration,2635,10.0667,10.4043,27415.3
iteration,2636,10.2062,10.4042,27425.5
iteration,2637,10.3204,10.4042,27435.8
iteration,2638,10.3971,10.4042,27446.2
iteration,2639,9.88424,10.404,27456.1
iteration,2640,11.5622,10.4044,27467.7
iteration,2641,10.1637,10.4043,27477.8
iteration,2642,9.75239,10.4041,27487.6
iteration,2643,9.56854,10.4038,27497.1
iteration,2644,11.5041,10.4042,27508.6
iteration,2645,10.0018,10.404,27518.6
iteration,2646,10.1466,10.4039,27528.8
iteration,2647,10.9597,10.4041,27539.7
iteration,2648,11.7287,10.4046,27551.5
iteration,2649,9.73216,10.4044,27561.2
iteration,2650,9.58854,10.4041,27570.8
iteration,2651,11.3417,10.4044,27582.1
iteration,2652,10.4749,10.4045,27592.6
iteration,2653,12.2665,10.4052,27604.9
iteration,2654,10.739,10.4053,27615.6
iteration,2655,10.6405,10.4054,27626.3
iteration,2656,10.074,10.4052,27636.3
iteration,2657,9.96165,10.4051,27646.3
iteration,2658,11.8743,10.4056,27658.2
iteration,2659,10.3449,10.4056,27668.5
iteration,2660,9.78773,10.4054,27678.3
iteration,2661,12.4228,10.4061,27690.7
iteration,2662,10.1087,10.406,27700.8
iteration,2663,10.4391,10.406,27711.3
iteration,2664,11.0526,10.4063,27722.3
iteration,2665,10.0224,10.4061,27732.3
iteration,2666,10.4551,10.4062,27742.8
iteration,2667,9.89407,10.406,27752.7
iteration,2668,9.90533,10.4058,27762.6
iteration,2669,10.4805,10.4058,27773.1
iteration,2670,11.4682,10.4062,27784.6
iteration,2671,10.9438,10.4064,27795.5
iteration,2672,9.96506,10.4062,27805.5
iteration,2673,10.2447,10.4062,27815.7
iteration,2674,11.1279,10.4064,27826.8
iteration,2675,9.87393,10.4062,27836.7
iteration,2676,10.6262,10.4063,27847.3
iteration,2677,11.2103,10.4066,27858.5
iteration,2678,10.3002,10.4066,27868.8
iteration,2679,9.91449,10.4064,27878.8
iteration,2680,10.7112,10.4065,27889.5
iteration,2681,10.8208,10.4067,27900.3
iteration,2682,10.9579,10.4069,27911.2
iteration,2683,10.935,10.4071,27922.2
iteration,2684,10.615,10.4072,27932.8
iteration,2685,11.1949,10.4074,27944
iteration,2686,9.6905,10.4072,27953.7
iteration,2687,10.3059,10.4071,27964
iteration,2688,11.3289,10.4075,27975.3
iteration,2689,10.3639,10.4075,27985.7
iteration,2690,9.91053,10.4073,27995.6
iteration,2691,9.76975,10.407,28005.4
iteration,2692,10.692,10.4072,28016.1
iteration,2693,9.9679,10.407,28026
iteration,2694,10.7659,10.4071,28036.8
iteration,2695,10.3716,10.4071,28047.2
iteration,2696,10.0112,10.407,28057.2
iteration,2697,9.92498,10.4068,28067.1
iteration,2698,10.3318,10.4068,28077.4
iteration,2699,10.3018,10.4067,28087.7
iteration,2700,10.0632,10.4066,28097.8
iteration,2701,10.6625,10.4067,28108.5
iteration,2702,10.2764,10.4066,28118.7
iteration,2703,10.2533,10.4066,28129
iteration,2704,10.27,10.4065,28139.3
iteration,2705,10.5296,10.4066,28149.8
iteration,2706,10.2869,10.4065,28160.1
iteration,2707,11.0103,10.4068,28171.1
iteration,2708,10.81,10.4069,28181.9
iteration,2709,9.75369,10.4067,28191.6
iteration,2710,9.9716,10.4065,28201.6
iteration,2711,10.7029,10.4066,28212.3
iteration,2712,9.63026,10.4063,28222
iteration,2713,10.1458,10.4062,28232.1
iteration,2714,10.8748,10.4064,28243
iteration,2715,10.5718,10.4065,28253.5
iteration,2716,9.82381,10.4062,28263.4
iteration,2717,10.1686,10.4062,28273.5
iteration,2718,10.6823,10.4063,28284.2
iteration,2719,10.1862,10.4062,28294.4
iteration,2720,11.2077,10.4065,28305.6
iteration,2721,13.3588,10.4076,28319
iteration,2722,10.5191,10.4076,28329.5
iteration,2723,9.99247,10.4074,28339.5
iteration,2724,10.1282,10.4073,28349.6
iteration,2725,11.6421,10.4078,28361.3
iteration,2726,10.8452,10.408,28372.1
iteration,2727,10.0282,10.4078,28382.1
iteration,2728,10.7107,10.4079,28392.8
iteration,2729,10.6392,10.408,28403.5
iteration,2730,9.8541,10.4078,28413.3
iteration,2731,10.4405,10.4078,28423.8
iteration,2732,11.3847,10.4082,28435.2
iteration,2733,12.4167,10.4089,28447.6
iteration,2734,10.8883,10.4091,28458.5
iteration,2735,10.0369,10.409,28468.5
iteration,2736,13.4068,10.4101,28481.9
iteration,2737,10.4232,10.4101,28492.3
iteration,2738,10.3241,10.41,28502.7
iteration,2739,10.1909,10.4099,28512.8
iteration,2740,10.3018,10.4099,28523.1
iteration,2741,10.46,10.4099,28533.6
iteration,2742,10.1916,10.4098,28543.8
iteration,2743,11.1421,10.4101,28554.9
iteration,2744,11.5266,10.4105,28566.5
iteration,2745,11.5716,10.4109,28578
iteration,2746,11.0227,10.4112,28589.1
iteration,2747,11.4359,10.4115,28600.5
iteration,2748,11.3051,10.4119,28611.8
iteration,2749,11.3995,10.4122,28623.2
iteration,2750,10.9863,10.4124,28634.2
iteration,2751,11.2843,10.4127,28645.5
iteration,2752,11.6702,10.4132,28657.1
iteration,2753,12.3968,10.4139,28669.5
iteration,2754,11.3153,10.4143,28680.9
iteration,2755,11.5665,10.4147,28692.4
iteration,2756,11.233,10.415,28703.7
iteration,2757,11.2417,10.4153,28714.9
iteration,2758,11.4942,10.4157,28726.4
iteration,2759,11.223,10.416,28737.6
iteration,2760,10.7502,10.4161,28748.4
iteration,2761,11.0277,10.4163,28759.4
iteration,2762,10.1821,10.4162,28769.6
iteration,2763,11.5128,10.4166,28781.1
iteration,2764,11.1135,10.4169,28792.2
iteration,2765,11.8977,10.4174,28804.1
iteration,2766,11.5714,10.4178,28815.7
iteration,2767,10.9449,10.418,28826.6
iteration,2768,11.9781,10.4186,28838.6
iteration,2769,11.2694,10.4189,28849.9
iteration,2770,11.6089,10.4193,28861.5
iteration,2771,11.9691,10.4199,28873.4
iteration,2772,11.3163,10.4202,28884.8
iteration,2773,11.6491,10.4206,28896.4
iteration,2774,10.6446,10.4207,28907
iteration,2775,12.3958,10.4214,28919.4
iteration,2776,11.6309,10.4219,28931.1
iteration,2777,11.9309,10.4224,28943
iteration,2778,11.2177,10.4227,28954.2
iteration,2779,11.0014,10.4229,28965.2
iteration,2780,14.3749,10.4243,28979.6
iteration,2781,11.8293,10.4248,28991.4
iteration,2782,11.3186,10.4251,29002.7
iteration,2783,11.6483,10.4256,29014.4
iteration,2784,13.7927,10.4268,29028.2
iteration,2785,11.3762,10.4271,29039.6
iteration,2786,12.4501,10.4279,29052
iteration,2787,11.6362,10.4283,29063.6
iteration,2788,10.9566,10.4285,29074.6
iteration,2789,12.2644,10.4291,29086.9
iteration,2790,11.3504,10.4295,29098.2
iteration,2791,11.3152,10.4298,29109.5
iteration,2792,11.3045,10.4301,29120.8
iteration,2793,11.9019,10.4306,29132.7
iteration,2794,11.157,10.4309,29143.9
iteration,2795,11.2504,10.4312,29155.1
iteration,2796,11.3732,10.4315,29166.5
iteration,2797,11.0318,10.4317,29177.6
iteration,2798,11.2193,10.432,29188.8
iteration,2799,11.4486,10.4324,29200.2
iteration,2800,11.2541,10.4327,29211.5
iteration,2801,11.9013,10.4332,29223.4
iteration,2802,11.4973,10.4336,29234.9
iteration,2803,11.005,10.4338,29245.9
iteration,2804,10.797,10.4339,29256.7
iteration,2805,11.9853,10.4345,29268.7
iteration,2806,11.0412,10.4347,29279.7
iteration,2807,10.8233,10.4348,29290.5
iteration,2808,11.5393,10.4352,29302.1
iteration,2809,11.9755,10.4358,29314
iteration,2810,11.7055,10.4362,29325.7
iteration,2811,11.3231,10.4365,29337.1
iteration,2812,12.302,10.4372,29349.4
iteration,2813,11.3318,10.4375,29360.7
iteration,2814,10.6522,10.4376,29371.4
iteration,2815,11.2814,10.4379,29382.6
iteration,2816,12.3573,10.4386,29395
iteration,2817,11.6772,10.439,29406.7
iteration,2818,14.6219,10.4405,29421.3
iteration,2819,10.5974,10.4405,29431.9
iteration,2820,12.4702,10.4413,29444.4
iteration,2821,10.6093,10.4413,29455
iteration,2822,11.0888,10.4416,29466.1
iteration,2823,11.1832,10.4418,29477.2
iteration,2824,11.8853,10.4423,29489.1
iteration,2825,11.4014,10.4427,29500.5
iteration,2826,11.0347,10.4429,29511.6
iteration,2827,11.8377,10.4434,29523.4
iteration,2828,11.2049,10.4436,29534.6
iteration,2829,11.6405,10.4441,29546.2
iteration,2830,10.7427,10.4442,29557
iteration,2831,11.0071,10.4444,29568
iteration,2832,9.89325,10.4442,29577.9
iteration,2833,10.2597,10.4441,29588.2
iteration,2834,10.7232,10.4442,29598.9
iteration,2835,10.3005,10.4442,29609.2
iteration,2836,10.6355,10.4442,29619.8
iteration,2837,10.3965,10.4442,29630.2
iteration,2838,10.0916,10.4441,29640.3
iteration,2839,10.3627,10.4441,29650.7
iteration,2840,10.9491,10.4442,29661.6
iteration,2841,10.0028,10.4441,29671.6
iteration,2842,10.048,10.4439,29681.7
iteration,2843,10.8809,10.4441,29692.5
iteration,2844,9.54066,10.4438,29702.1
iteration,2845,9.71222,10.4435,29711.8
iteration,2846,10.4194,10.4435,29722.2
iteration,2847,10.4675,10.4435,29732.7
iteration,2848,9.61058,10.4432,29742.3
iteration,2849,10.2561,10.4432,29752.5
iteration,2850,11.1778,10.4434,29763.7
iteration,2851,10.1908,10.4433,29773.9
iteration,2852,10.5707,10.4434,29784.5
iteration,2853,10.2374,10.4433,29794.7
iteration,2854,11.193,10.4436,29805.9
iteration,2855,9.69017,10.4433,29815.6
iteration,2856,9.96237,10.4431,29825.6
iteration,2857,11.0899,10.4434,29836.7
iteration,2858,10.702,10.4434,29847.4
iteration,2859,10.6348,10.4435,29858
iteration,2860,9.89568,10.4433,29867.9
iteration,2861,10.2785,10.4433,29878.2
iteration,2862,10.978,10.4434,29889.1
iteration,2863,10.0104,10.4433,29899.2
iteration,2864,10.5747,10.4433,29909.7
iteration,2865,10.4208,10.4433,29920.2
iteration,2866,10.4144,10.4433,29930.6
iteration,2867,10.2745,10.4433,29940.8
iteration,2868,9.93027,10.4431,29950.8
iteration,2869,10.7549,10.4432,29961.5
iteration,2870,10.144,10.4431,29971.7
iteration,2871,9.80191,10.4429,29981.5
iteration,2872,13.0364,10.4438,29994.5
iteration,2873,10.3159,10.4437,30004.8
iteration,2874,12.4301,10.4444,30017.3
iteration,2875,9.98116,10.4443,30027.2
iteration,2876,10.9874,10.4444,30038.2
iteration,2877,10.8009,10.4446,30049
iteration,2878,10.0086,10.4444,30059
iteration,2879,9.92314,10.4442,30069
iteration,2880,10.7852,10.4444,30079.7
iteration,2881,9.84518,10.4441,30089.6
iteration,2882,9.99467,10.444,30099.6
iteration,2883,11.0664,10.4442,30110.6
iteration,2884,10.3957,10.4442,30121
iteration,2885,9.96598,10.444,30131
iteration,2886,9.8039,10.4438,30140.8
iteration,2887,11.5839,10.4442,30152.4
iteration,2888,9.70621,10.4439,30162.1
iteration,2889,10.0297,10.4438,30172.1
iteration,2890,10.6765,10.4439,30182.8
iteration,2891,10.9953,10.4441,30193.8
iteration,2892,9.955,10.4439,30203.8
iteration,2893,10.176,10.4438,30213.9
iteration,2894,10.5216,10.4438,30224.5
iteration,2895,10.5884,10.4439,30235
iteration,2896,10.1526,10.4438,30245.2
iteration,2897,10.4982,10.4438,30255.7
iteration,2898,12.068,10.4444,30267.8
iteration,2899,10.038,10.4442,30277.8
iteration,2900,9.96616,10.4441,30287.8
iteration,2901,9.94824,10.4439,30297.7
iteration,2902,10.4162,10.4439,30308.1
iteration,2903,10.4976,10.4439,30318.6
iteration,2904,10.399,10.4439,30329
iteration,2905,10.5743,10.4439,30339.6
iteration,2906,10.0572,10.4438,30349.7
iteration,2907,10.2384,10.4437,30359.9
iteration,2908,10.5147,10.4437,30370.4
iteration,2909,12.9917,10.4446,30383.4
iteration,2910,10.7169,10.4447,30394.1
iteration,2911,9.69525,10.4445,30403.8
iteration,2912,11.2002,10.4447,30415
iteration,2913,13.4015,10.4457,30428.4
iteration,2914,11.4583,10.4461,30439.9
iteration,2915,10.0108,10.4459,30449.9
iteration,2916,10.0892,10.4458,30460
iteration,2917,10.1277,10.4457,30470.1
iteration,2918,9.83892,10.4455,30479.9
iteration,2919,10.7165,10.4456,30490.7
iteration,2920,11.3008,10.4459,30502
iteration,2921,10.2968,10.4458,30512.3
iteration,2922,10.176,10.4457,30522.4
iteration,2923,10.4039,10.4457,30532.8
iteration,2924,3.15591,10.4432,30536
summary,2924,3.15591,10.4432,30536
iteration,1,17.667,17.667,17.667
iteration,2,14.2408,15.9539,31.9078
iteration,3,16.2717,16.0598,48.1795
iteration,4,15.4279,15.9018,63.6074
iteration,5,14.3753,15.5965,77.9826
iteration,6,15.8383,15.6368,93.821
iteration,7,15.3166,15.5911,109.138
iteration,8,15.2481,15.5482,124.386
iteration,9,15.9607,15.594,140.346
iteration,10,14.2414,15.4588,154.588
iteration,11,16.3031,15.5355,170.891
iteration,12,14.472,15.4469,185.363
iteration,13,14.5734,15.3797,199.936
iteration,14,14.9931,15.3521,214.929
iteration,15,14.3841,15.2876,229.313
iteration,16,15.723,15.3148,245.036
iteration,17,14.319,15.2562,259.355
iteration,18,14.7834,15.2299,274.139
iteration,19,15.8844,15.2644,290.023
iteration,20,15.4098,15.2716,305.433
iteration,21,14.794,15.2489,320.227
iteration,22,15.8511,15.2763,336.078
iteration,23,14.7183,15.252,350.796
iteration,24,15.7276,15.2718,366.524
iteration,25,15.9045,15.2971,382.429
iteration,26,14.7587,15.2764,397.187
iteration,27,15.0488,15.268,412.236
iteration,28,14.7015,15.2478,426.938
iteration,29,16.0808,15.2765,443.018
iteration,30,14.7009,15.2573,457.719
iteration,31,14.3856,15.2292,472.105
iteration,32,16.1587,15.2582,488.264
iteration,33,15.5323,15.2665,503.796
iteration,34,15.509,15.2737,519.305
iteration,35,15.9735,15.2937,535.278
iteration,36,14.8358,15.2809,550.114
iteration,37,16.5646,15.3156,566.679
iteration,38,15.8334,15.3293,582.512
iteration,39,15.521,15.3342,598.033
iteration,40,15.8169,15.3463,613.85
iteration,41,15.27,15.3444,629.12
iteration,42,16.8571,15.3804,645.977
iteration,43,15.8918,15.3923,661.869
iteration,44,15.3718,15.3918,677.241
iteration,45,16.4806,15.416,693.721
iteration,46,16.1318,15.4316,709.853
iteration,47,16.2464,15.4489,726.1
iteration,48,15.3509,15.4469,741.45
iteration,49,15.4609,15.4472,756.911
iteration,50,16.6325,15.4709,773.544
iteration,51,15.1948,15.4655,788.739
iteration,52,16.528,15.4859,805.267
iteration,53,15.2312,15.4811,820.498
iteration,54,16.9208,15.5078,837.419
iteration,55,15.9998,15.5167,853.418
iteration,56,15.1546,15.5102,868.573
iteration,57,16.4063,15.526,884.979
iteration,58,16.5783,15.5441,901.558
iteration,59,15.2719,15.5395,916.83
iteration,60,16.2269,15.5509,933.056
iteration,61,15.2926,15.5467,948.349
iteration,62,16.401,15.5605,964.75
iteration,63,15.5309,15.56,980.281
iteration,64,15.7075,15.5623,995.988
iteration,65,16.5133,15.5769,1012.5
iteration,66,15.7003,15.5788,1028.2
iteration,67,16.8051,15.5971,1045.01
iteration,68,15.6424,15.5978,1060.65
iteration,69,16.1696,15.6061,1076.82
iteration,70,16.4012,15.6174,1093.22
iteration,71,16.1568,15.625,1109.38
iteration,72,16.3728,15.6354,1125.75
iteration,73,15.7213,15.6366,1141.47
iteration,74,16.7774,15.652,1158.25
iteration,75,16.7583,15.6668,1175.01
iteration,76,15.76,15.668,1190.77
iteration,77,16.6423,15.6806,1207.41
iteration,78,16.0125,15.6849,1223.42
iteration,79,16.9353,15.7007,1240.36
iteration,80,15.4223,15.6972,1255.78
iteration,81,15.8409,15.699,1271.62
iteration,82,16.7471,15.7118,1288.37
iteration,83,16.7821,15.7247,1305.15
iteration,84,17.0742,15.7408,1322.22
iteration,85,15.7635,15.741,1337.99
iteration,86,15.9048,15.7429,1353.89
iteration,87,15.9383,15.7452,1369.83
iteration,88,15.6599,15.7442,1385.49
iteration,89,16.7572,15.7556,1402.25
iteration,90,15.7185,15.7552,1417.97
iteration,91,17.5886,15.7753,1435.55
iteration,92,16.5245,15.7835,1452.08
iteration,93,16.0522,15.7864,1468.13
iteration,94,16.6436,15.7955,1484.77
iteration,95,16.1515,15.7992,1500.93
iteration,96,17.4092,15.816,1518.34
iteration,97,16.1109,15.819,1534.45
iteration,98,17.0545,15.8316,1551.5
iteration,99,17.2006,15.8455,1568.7
iteration,100,15.7189,15.8442,1584.42
iteration,101,16.831,15.854,1601.25
iteration,102,15.863,15.8541,1617.11
iteration,103,17.5213,15.8702,1634.64
iteration,104,15.2563,15.8643,1649.89
iteration,105,15.667,15.8625,1665.56
iteration,106,15.8614,15.8625,1681.42
iteration,107,16.651,15.8698,1698.07
iteration,108,16.0845,15.8718,1714.16
iteration,109,15.1758,15.8654,1729.33
iteration,110,16.1126,15.8677,1745.44
iteration,111,16.603,15.8743,1762.05
iteration,112,15.7835,15.8735,1777.83
iteration,113,16.3013,15.8773,1794.13
iteration,114,15.8852,15.8773,1810.02
iteration,115,17.0683,15.8877,1827.09
iteration,116,16.0483,15.8891,1843.13
iteration,117,15.4345,15.8852,1858.57
iteration,118,16.7575,15.8926,1875.33
iteration,119,16.0751,15.8941,1891.4
iteration,120,15.3585,15.8897,1906.76
iteration,121,16.1109,15.8915,1922.87
iteration,122,15.419,15.8876,1938.29
iteration,123,17.4898,15.9006,1955.78
iteration,124,15.2821,15.8957,1971.06
iteration,125,16.6015,15.9013,1987.66
iteration,126,15.7559,15.9001,2003.42
iteration,127,16.7865,15.9071,2020.2
iteration,128,16.4199,15.9111,2036.62
iteration,129,15.6662,15.9092,2052.29
iteration,130,16.2117,15.9116,2068.5
iteration,131,16.5634,15.9165,2085.07
iteration,132,15.7004,15.9149,2100.77
iteration,133,16.1969,15.917,2116.96
iteration,134,15.9066,15.9169,2132.87
iteration,135,17.011,15.925,2149.88
iteration,136,16.246,15.9274,2166.13
iteration,137,15.5715,15.9248,2181.7
iteration,138,16.4722,15.9288,2198.17
iteration,139,15.9745,15.9291,2214.15
iteration,140,17.3494,15.9392,2231.49
iteration,141,15.6824,15.9374,2247.18
iteration,142,15.866,15.9369,2263.04
iteration,143,16.5392,15.9411,2279.58
iteration,144,16.1009,15.9422,2295.68
iteration,145,17.1432,15.9505,2312.83
iteration,146,15.5115,15.9475,2328.34
iteration,147,17.364,15.9572,2345.7
iteration,148,16.3227,15.9596,2362.02
iteration,149,16.1555,15.9609,2378.18
iteration,150,16.3868,15.9638,2394.57
iteration,151,16.5206,15.9675,2411.09
iteration,152,17.0528,15.9746,2428.14
iteration,153,16.0738,15.9753,2444.21
iteration,154,16.2307,15.9769,2460.44
iteration,155,16.146,15.978,2476.59
iteration,156,16.3358,15.9803,2492.93
iteration,157,15.9199,15.9799,2508.85
iteration,158,14.9386,15.9733,2523.79
iteration,159,14.7313,15.9655,2538.52
iteration,160,15.3196,15.9615,2553.84
iteration,161,15.4045,15.958,2569.24
iteration,162,16.8435,15.9635,2586.08
iteration,163,15.657,15.9616,2601.74
iteration,164,17.1917,15.9691,2618.93
iteration,165,15.7251,15.9676,2634.66
iteration,166,15.9842,15.9677,2650.64
iteration,167,16.5714,15.9713,2667.21
iteration,168,15.917,15.971,2683.13
iteration,169,16.2304,15.9725,2699.36
iteration,170,15.514,15.9699,2714.87
iteration,171,16.2775,15.9717,2731.15
iteration,172,15.7392,15.9703,2746.89
iteration,173,16.1048,15.9711,2763
iteration,174,16.4254,15.9737,2779.42
iteration,175,15.9304,15.9734,2795.35
iteration,176,16.9923,15.9792,2812.34
iteration,177,15.5221,15.9766,2827.87
iteration,178,16.0499,15.9771,2843.92
iteration,179,9.18243,15.9391,2853.1
summary,179,9.18243,15.9391,2853.1
iteration,1,12.8089,12.8089,12.8089
iteration,2,10.8576,11.8332,23.6665
iteration,3,10.8793,11.5153,34.5458
iteration,4,9.26781,10.9534,43.8136
iteration,5,8.98792,10.5603,52.8015
iteration,6,9.30552,10.3512,62.1071
iteration,7,9.43378,10.2201,71.5408
iteration,8,10.0204,10.1952,81.5613
iteration,9,9.49808,10.1177,91.0594
iteration,10,9.24395,10.0303,100.303
iteration,11,9.3362,9.96723,109.64
iteration,12,8.56404,9.8503,118.204
iteration,13,8.8108,9.77033,127.014
iteration,14,8.68528,9.69283,135.7
iteration,15,8.50582,9.6137,144.205
iteration,16,9.57621,9.61135,153.782
iteration,17,9.34838,9.59588,163.13
iteration,18,8.99863,9.5627,172.129
iteration,19,8.92555,9.52917,181.054
iteration,20,9.5364,9.52953,190.591
iteration,21,8.77943,9.49381,199.37
iteration,22,8.8404,9.46411,208.21
iteration,23,8.42056,9.41874,216.631
iteration,24,9.11257,9.40598,225.744
iteration,25,8.22991,9.35894,233.973
iteration,26,8.69906,9.33356,242.673
iteration,27,8.89535,9.31733,251.568
iteration,28,8.76465,9.29759,260.333
iteration,29,9.10337,9.29089,269.436
iteration,30,9.01875,9.28182,278.455
iteration,31,9.06788,9.27492,287.523
iteration,32,8.2191,9.24193,295.742
iteration,33,9.82369,9.25956,305.565
iteration,34,8.67686,9.24242,314.242
iteration,35,8.12455,9.21048,322.367
iteration,36,9.10589,9.20757,331.473
iteration,37,8.49396,9.18829,339.967
iteration,38,9.1626,9.18761,349.129
iteration,39,8.77018,9.17691,357.899
iteration,40,9.11342,9.17532,367.013
iteration,41,8.68149,9.16328,375.694
iteration,42,9.02475,9.15998,384.719
iteration,43,8.96691,9.15549,393.686
iteration,44,8.27274,9.13542,401.959
iteration,45,8.59499,9.12342,410.554
iteration,46,9.08639,9.12261,419.64
iteration,47,8.99042,9.1198,428.63
iteration,48,8.56875,9.10832,437.199
iteration,49,8.75869,9.10118,445.958
iteration,50,8.70992,9.09336,454.668
iteration,51,8.90475,9.08966,463.573
iteration,52,9.02937,9.0885,472.602
iteration,53,9.79481,9.10183,482.397
iteration,54,8.81475,9.09651,491.212
iteration,55,9.61879,9.10601,500.83
iteration,56,8.97834,9.10373,509.809
iteration,57,9.30813,9.10731,519.117
iteration,58,8.4149,9.09537,527.532
iteration,59,8.71245,9.08888,536.244
iteration,60,9.44395,9.0948,545.688
iteration,61,8.95837,9.09257,554.646
iteration,62,8.81081,9.08802,563.457
iteration,63,9.34911,9.09216,572.806
iteration,64,9.21747,9.09412,582.024
iteration,65,8.87599,9.09077,590.9
iteration,66,8.93627,9.08843,599.836
iteration,67,9.20327,9.09014,609.039
iteration,68,9.22684,9.09215,618.266
iteration,69,9.38968,9.09646,627.656
iteration,70,8.76925,9.09179,636.425
iteration,71,8.66707,9.08581,645.092
iteration,72,8.68957,9.0803,653.782
iteration,73,8.95696,9.07861,662.739
iteration,74,8.76581,9.07439,671.505
iteration,75,9.49832,9.08004,681.003
iteration,76,8.86327,9.07719,689.866
iteration,77,9.12046,9.07775,698.987
iteration,78,8.97932,9.07649,707.966
iteration,79,8.87508,9.07394,716.841
iteration,80,8.85642,9.07122,725.697
iteration,81,9.04405,9.07088,734.742
iteration,82,9.22941,9.07282,743.971
iteration,83,8.87923,9.07048,752.85
iteration,84,8.45682,9.06318,761.307
iteration,85,9.35671,9.06663,770.664
iteration,86,8.89215,9.0646,779.556
iteration,87,8.83761,9.06199,788.393
iteration,88,9.55199,9.06756,797.945
iteration,89,9.13554,9.06833,807.081
iteration,90,9.86832,9.07721,816.949
iteration,91,9.51437,9.08202,826.464
iteration,92,8.77576,9.07869,835.239
iteration,93,8.68879,9.0745,843.928
iteration,94,8.40582,9.06738,852.334
iteration,95,9.37942,9.07067,861.713
iteration,96,8.66286,9.06642,870.376
iteration,97,9.5026,9.07092,879.879
iteration,98,8.91394,9.06931,888.793
iteration,99,9.2072,9.07071,898
iteration,100,8.52456,9.06525,906.525
iteration,101,7.91312,9.05384,914.438
iteration,102,8.73517,9.05071,923.173
iteration,103,9.149,9.05167,932.322
iteration,104,9.06393,9.05179,941.386
iteration,105,7.74724,9.03936,949.133
iteration,106,7.77178,9.0274,956.905
iteration,107,8.64972,9.02387,965.555
iteration,108,8.47418,9.01878,974.029
iteration,109,7.83081,9.00789,981.86
iteration,110,7.75863,8.99653,989.618
iteration,111,8.27659,8.99004,997.895
iteration,112,9.42856,8.99396,1007.32
iteration,113,7.91719,8.98443,1015.24
iteration,114,7.86592,8.97462,1023.11
iteration,115,7.84175,8.96477,1030.95
iteration,116,7.59878,8.95299,1038.55
iteration,117,8.82976,8.95194,1047.38
iteration,118,7.85086,8.94261,1055.23
iteration,119,8.24333,8.93673,1063.47
iteration,120,7.89787,8.92807,1071.37
iteration,121,8.37032,8.92346,1079.74
iteration,122,8.18004,8.91737,1087.92
iteration,123,7.75328,8.90791,1095.67
iteration,124,7.67194,8.89794,1103.34
iteration,125,8.51729,8.89489,1111.86
iteration,126,8.20371,8.88941,1120.07
iteration,127,8.57938,8.88697,1128.64
iteration,128,8.32177,8.88255,1136.97
iteration,129,7.88934,8.87485,1144.86
iteration,130,8.18293,8.86953,1153.04
iteration,131,8.51306,8.86681,1161.55
iteration,132,7.75167,8.85836,1169.3
iteration,133,7.9562,8.85158,1177.26
iteration,134,8.19508,8.84668,1185.45
iteration,135,8.05034,8.84078,1193.51
iteration,136,9.04575,8.84229,1202.55
iteration,137,7.78674,8.83458,1210.34
iteration,138,8.29264,8.83065,1218.63
iteration,139,7.83984,8.82353,1226.47
iteration,140,7.61232,8.81487,1234.08
iteration,141,8.56979,8.81314,1242.65
iteration,142,8.06173,8.80785,1250.71
iteration,143,9.21161,8.81067,1259.93
iteration,144,8.10485,8.80577,1268.03
iteration,145,8.32605,8.80246,1276.36
iteration,146,8.5634,8.80082,1284.92
iteration,147,8.54319,8.79907,1293.46
iteration,148,8.0536,8.79403,1301.52
iteration,149,8.11066,8.78945,1309.63
iteration,150,8.55113,8.78786,1318.18
iteration,151,9.27445,8.79108,1327.45
iteration,152,8.43158,8.78871,1335.88
iteration,153,8.09163,8.78416,1343.98
iteration,154,8.35434,8.78137,1352.33
iteration,155,8.94548,8.78243,1361.28
iteration,156,8.06437,8.77782,1369.34
iteration,157,7.9054,8.77227,1377.25
iteration,158,8.04189,8.76764,1385.29
iteration,159,9.27791,8.77085,1394.57
iteration,160,8.60078,8.76979,1403.17
iteration,161,8.00117,8.76502,1411.17
iteration,162,7.81595,8.75916,1418.98
iteration,163,7.94815,8.75418,1426.93
iteration,164,8.9341,8.75528,1435.87
iteration,165,8.55326,8.75405,1444.42
iteration,166,8.23192,8.75091,1452.65
iteration,167,8.33743,8.74843,1460.99
iteration,168,8.71766,8.74825,1469.71
iteration,169,8.28467,8.74551,1477.99
iteration,170,8.12643,8.74187,1486.12
iteration,171,7.96981,8.73735,1494.09
iteration,172,8.48366,8.73588,1502.57
iteration,173,8.42594,8.73408,1511
iteration,174,8.62564,8.73346,1519.62
iteration,175,8.98915,8.73492,1528.61
iteration,176,8.70881,8.73477,1537.32
iteration,177,8.20947,8.73181,1545.53
iteration,178,9.01851,8.73342,1554.55
iteration,179,8.32332,8.73112,1562.87
iteration,180,8.71057,8.73101,1571.58
iteration,181,8.01327,8.72705,1579.6
iteration,182,8.9101,8.72805,1588.51
iteration,183,8.7431,8.72813,1597.25
iteration,184,8.66426,8.72779,1605.91
iteration,185,8.32493,8.72561,1614.24
iteration,186,8.263,8.72312,1622.5
iteration,187,8.54556,8.72217,1631.05
iteration,188,9.10639,8.72422,1640.15
iteration,189,8.41333,8.72257,1648.57
iteration,190,8.53324,8.72157,1657.1
iteration,191,8.44078,8.7201,1665.54
iteration,192,8.30987,8.71797,1673.85
iteration,193,8.65555,8.71764,1682.51
iteration,194,8.07952,8.71435,1690.58
iteration,195,7.97537,8.71057,1698.56
iteration,196,8.32651,8.70861,1706.89
iteration,197,8.80733,8.70911,1715.69
iteration,198,8.44276,8.70776,1724.14
iteration,199,7.94552,8.70393,1732.08
iteration,200,7.82582,8.69954,1739.91
iteration,201,8.73513,8.69972,1748.64
iteration,202,7.89769,8.69575,1756.54
iteration,203,7.98782,8.69226,1764.53
iteration,204,7.99588,8.68885,1772.52
iteration,205,8.72898,8.68904,1781.25
iteration,206,8.73324,8.68926,1789.99
iteration,207,8.18394,8.68682,1798.17
iteration,208,8.14907,8.68423,1806.32
iteration,209,8.0718,8.6813,1814.39
iteration,210,8.62139,8.68101,1823.01
iteration,211,8.87338,8.68193,1831.89
iteration,212,8.07088,8.67904,1839.96
iteration,213,8.61679,8.67875,1848.57
iteration,214,8.57602,8.67827,1857.15
iteration,215,8.78148,8.67875,1865.93
iteration,216,8.3238,8.67711,1874.26
iteration,217,7.92485,8.67364,1882.18
iteration,218,8.47742,8.67274,1890.66
iteration,219,7.94162,8.6694,1898.6
iteration,220,8.59527,8.66907,1907.19
iteration,221,8.79712,8.66965,1915.99
iteration,222,8.60328,8.66935,1924.59
iteration,223,8.00126,8.66635,1932.6
iteration,224,8.43821,8.66533,1941.03
iteration,225,8.6195,8.66513,1949.65
iteration,226,8.65337,8.66508,1958.31
iteration,227,8.16793,8.66289,1966.48
iteration,228,8.47797,8.66208,1974.95
iteration,229,9.26274,8.6647,1984.22
iteration,230,8.79013,8.66524,1993.01
iteration,231,8.11513,8.66286,2001.12
iteration,232,8.23124,8.661,2009.35
iteration,233,8.06261,8.65843,2017.42
iteration,234,8.82855,8.65916,2026.24
iteration,235,8.86798,8.66005,2035.11
iteration,236,8.79139,8.66061,2043.9
iteration,237,8.79509,8.66117,2052.7
iteration,238,10.1318,8.66735,2062.83
iteration,239,8.21483,8.66546,2071.04
iteration,240,8.2726,8.66382,2079.32
iteration,241,8.22942,8.66202,2087.55
iteration,242,8.08457,8.65963,2095.63
iteration,243,9.66566,8.66377,2105.3
iteration,244,8.98832,8.6651,2114.29
iteration,245,8.19476,8.66318,2122.48
iteration,246,8.12246,8.66099,2130.6
iteration,247,9.32744,8.66368,2139.93
iteration,248,8.18063,8.66174,2148.11
iteration,249,8.17151,8.65977,2156.28
iteration,250,8.1326,8.65766,2164.41
iteration,251,8.87292,8.65852,2173.29
iteration,252,9.16732,8.66054,2182.45
iteration,253,8.18524,8.65866,2190.64
iteration,254,8.10799,8.65649,2198.75
iteration,255,8.64773,8.65645,2207.4
iteration,256,8.13504,8.65442,2215.53
iteration,257,8.90247,8.65538,2224.43
iteration,258,8.26151,8.65386,2232.69
iteration,259,9.07604,8.65549,2241.77
iteration,260,8.16367,8.65359,2249.93
iteration,261,8.84512,8.65433,2258.78
iteration,262,8.20881,8.65263,2266.99
iteration,263,8.7336,8.65294,2275.72
iteration,264,8.1565,8.65106,2283.88
iteration,265,8.13809,8.64912,2292.02
iteration,266,9.19337,8.65117,2301.21
iteration,267,9.01218,8.65252,2310.22
iteration,268,8.31422,8.65126,2318.54
iteration,269,8.04469,8.649,2326.58
iteration,270,9.02876,8.65041,2335.61
iteration,271,8.41024,8.64952,2344.02
iteration,272,8.84281,8.65023,2352.86
iteration,273,8.34386,8.64911,2361.21
iteration,274,8.87642,8.64994,2370.08
iteration,275,9.1384,8.65172,2379.22
iteration,276,8.55415,8.65136,2387.78
iteration,277,8.22672,8.64983,2396
iteration,278,8.04354,8.64765,2404.05
iteration,279,8.05565,8.64553,2412.1
iteration,280,8.95954,8.64665,2421.06
iteration,281,8.64664,8.64665,2429.71
iteration,282,8.45776,8.64598,2438.17
iteration,283,8.35357,8.64494,2446.52
iteration,284,8.95233,8.64603,2455.47
iteration,285,8.08798,8.64407,2463.56
iteration,286,8.01505,8.64187,2471.57
iteration,287,7.87209,8.63919,2479.45
iteration,288,8.7416,8.63954,2488.19
iteration,289,9.05476,8.64098,2497.24
iteration,290,8.01845,8.63883,2505.26
iteration,291,7.8208,8.63602,2513.08
iteration,292,8.91666,8.63698,2522
iteration,293,8.36361,8.63605,2530.36
iteration,294,8.21525,8.63462,2538.58
iteration,295,8.07194,8.63271,2546.65
iteration,296,8.52108,8.63233,2555.17
iteration,297,9.04963,8.63374,2564.22
iteration,298,8.6464,8.63378,2572.87
iteration,299,8.13424,8.63211,2581
iteration,300,8.49013,8.63164,2589.49
iteration,301,8.17748,8.63013,2597.67
iteration,302,8.77876,8.63062,2606.45
iteration,303,8.57705,8.63044,2615.02
iteration,304,8.42412,8.62977,2623.45
iteration,305,8.81468,8.63037,2632.26
iteration,306,8.66702,8.63049,2640.93
iteration,307,8.80654,8.63106,2649.74
iteration,308,8.22415,8.62974,2657.96
iteration,309,8.74489,8.63012,2666.71
iteration,310,8.33722,8.62917,2675.04
iteration,311,9.048,8.63052,2684.09
iteration,312,9.36449,8.63287,2693.46
iteration,313,8.40392,8.63214,2701.86
iteration,314,8.36316,8.63128,2710.22
iteration,315,9.04578,8.6326,2719.27
iteration,316,8.44657,8.63201,2727.72
iteration,317,8.63653,8.63202,2736.35
iteration,318,8.08194,8.63029,2744.43
iteration,319,8.41999,8.62963,2752.85
iteration,320,9.43054,8.63214,2762.28
iteration,321,8.64852,8.63219,2770.93
iteration,322,8.14615,8.63068,2779.08
iteration,323,8.24509,8.62949,2787.32
iteration,324,8.23318,8.62826,2795.56
iteration,325,9.56174,8.63113,2805.12
iteration,326,8.34273,8.63025,2813.46
iteration,327,8.21955,8.62899,2821.68
iteration,328,8.1565,8.62755,2829.84
iteration,329,9.34521,8.62973,2839.18
iteration,330,8.26333,8.62862,2847.45
iteration,331,8.17536,8.62725,2855.62
iteration,332,8.22951,8.62606,2863.85
iteration,333,9.02018,8.62724,2872.87
iteration,334,8.4921,8.62684,2881.36
iteration,335,8.2091,8.62559,2889.57
iteration,336,8.05844,8.6239,2897.63
iteration,337,8.53385,8.62363,2906.16
iteration,338,8.36209,8.62286,2914.53
iteration,339,8.28486,8.62186,2922.81
iteration,340,7.96354,8.61993,2930.78
iteration,341,8.43864,8.61939,2939.21
iteration,342,7.79203,8.61698,2947.01
iteration,343,8.62424,8.617,2955.63
iteration,344,7.96104,8.61509,2963.59
iteration,345,8.31302,8.61421,2971.9
iteration,346,7.94425,8.61228,2979.85
iteration,347,7.95885,8.6104,2987.81
iteration,348,8.73498,8.61075,2996.54
iteration,349,8.06385,8.60919,3004.61
iteration,350,8.56212,8.60905,3013.17
iteration,351,8.16838,8.6078,3021.34
iteration,352,8.75888,8.60823,3030.1
iteration,353,8.16586,8.60697,3038.26
iteration,354,8.52232,8.60673,3046.78
iteration,355,8.17103,8.60551,3054.95
iteration,356,8.06052,8.60397,3063.02
iteration,357,8.77054,8.60444,3071.79
iteration,358,8.60695,8.60445,3080.39
iteration,359,8.14535,8.60317,3088.54
iteration,360,8.0894,8.60174,3096.63
iteration,361,8.02635,8.60015,3104.65
iteration,362,9.09406,8.60151,3113.75
iteration,363,8.10868,8.60016,3121.86
iteration,364,8.0657,8.59869,3129.92
iteration,365,8.10518,8.59733,3138.03
iteration,366,8.90275,8.59817,3146.93
iteration,367,8.20213,8.59709,3155.13
iteration,368,8.10117,8.59574,3163.23
iteration,369,8.10332,8.59441,3171.34
iteration,370,8.16447,8.59325,3179.5
iteration,371,9.38331,8.59538,3188.88
iteration,372,8.15206,8.59418,3197.04
iteration,373,8.12037,8.59291,3205.16
iteration,374,8.09199,8.59157,3213.25
iteration,375,9.16162,8.59309,3222.41
iteration,376,8.23236,8.59214,3230.64
iteration,377,8.03423,8.59066,3238.68
iteration,378,8.06752,8.58927,3246.74
iteration,379,8.50309,8.58904,3255.25
iteration,380,8.77182,8.58952,3264.02
iteration,381,8.28407,8.58872,3272.3
iteration,382,8.04561,8.5873,3280.35
iteration,383,8.43034,8.58689,3288.78
iteration,384,7.99889,8.58536,3296.78
iteration,385,8.68985,8.58563,3305.47
iteration,386,8.39298,8.58513,3313.86
iteration,387,8.4812,8.58486,3322.34
iteration,388,8.12559,8.58368,3330.47
iteration,389,8.94994,8.58462,3339.42
iteration,390,8.3321,8.58397,3347.75
iteration,391,8.65325,8.58415,3356.4
iteration,392,8.16962,8.58309,3364.57
iteration,393,8.0618,8.58177,3372.63
iteration,394,8.87767,8.58252,3381.51
iteration,395,8.76826,8.58299,3390.28
iteration,396,8.18049,8.58197,3398.46
iteration,397,8.17662,8.58095,3406.64
iteration,398,8.68114,8.5812,3415.32
iteration,399,8.25396,8.58038,3423.57
iteration,400,8.47182,8.58011,3432.04
iteration,401,8.0196,8.57871,3440.06
iteration,402,8.13442,8.57761,3448.2
iteration,403,8.60548,8.57768,3456.8
iteration,404,8.61179,8.57776,3465.42
iteration,405,7.92955,8.57616,3473.35
iteration,406,7.85662,8.57439,3481.2
iteration,407,7.94836,8.57285,3489.15
iteration,408,9.07566,8.57408,3498.23
iteration,409,8.23871,8.57326,3506.46
iteration,410,7.89124,8.5716,3514.36
iteration,411,7.95707,8.57011,3522.31
iteration,412,9.20074,8.57164,3531.51
iteration,413,8.50905,8.57148,3540.02
iteration,414,8.03959,8.5702,3548.06
iteration,415,7.99763,8.56882,3556.06
iteration,416,8.54932,8.56877,3564.61
iteration,417,8.76584,8.56925,3573.38
iteration,418,8.16742,8.56828,3581.54
iteration,419,8.03022,8.567,3589.57
iteration,420,8.15492,8.56602,3597.73
iteration,421,8.59961,8.5661,3606.33
iteration,422,8.91374,8.56692,3615.24
iteration,423,8.23271,8.56613,3623.47
iteration,424,8.09221,8.56501,3631.57
iteration,425,8.70266,8.56534,3640.27
iteration,426,8.58794,8.56539,3648.86
iteration,427,8.63064,8.56554,3657.49
iteration,428,8.06021,8.56436,3665.55
iteration,429,8.6201,8.56449,3674.17
iteration,430,8.25846,8.56378,3682.43
iteration,431,8.7876,8.5643,3691.21
iteration,432,8.35359,8.56381,3699.57
iteration,433,8.58633,8.56387,3708.15
iteration,434,8.14632,8.5629,3716.3
iteration,435,8.61951,8.56303,3724.92
iteration,436,8.7106,8.56337,3733.63
iteration,437,8.59711,8.56345,3742.23
iteration,438,8.25458,8.56274,3750.48
iteration,439,8.23197,8.56199,3758.71
iteration,440,8.97528,8.56293,3767.69
iteration,441,8.60225,8.56302,3776.29
iteration,442,8.14207,8.56207,3784.43
iteration,443,8.25582,8.56138,3792.69
iteration,444,8.02102,8.56016,3800.71
iteration,445,9.19607,8.56159,3809.91
iteration,446,8.82613,8.56218,3818.73
iteration,447,8.33802,8.56168,3827.07
iteration,448,8.21483,8.5609,3835.29
iteration,449,9.19452,8.56232,3844.48
iteration,450,8.67617,8.56257,3853.16
iteration,451,8.30074,8.56199,3861.46
iteration,452,8.42164,8.56168,3869.88
iteration,453,8.97218,8.56258,3878.85
iteration,454,8.92453,8.56338,3887.78
iteration,455,8.4559,8.56314,3896.23
iteration,456,8.37947,8.56274,3904.61
iteration,457,8.57938,8.56278,3913.19
iteration,458,8.95127,8.56363,3922.14
iteration,459,8.19634,8.56283,3930.34
iteration,460,8.12345,8.56187,3938.46
iteration,461,8.16238,8.561,3946.62
iteration,462,9.05116,8.56207,3955.67
iteration,463,8.58342,8.56211,3964.26
iteration,464,8.33305,8.56162,3972.59
iteration,465,8.09625,8.56062,3980.69
iteration,466,8.29594,8.56005,3988.98
iteration,467,8.2998,8.55949,3997.28
iteration,468,8.31894,8.55898,4005.6
iteration,469,8.03331,8.55786,4013.64
iteration,470,8.35681,8.55743,4021.99
iteration,471,7.97751,8.5562,4029.97
iteration,472,8.85211,8.55683,4038.82
iteration,473,8.15694,8.55598,4046.98
iteration,474,8.4542,8.55577,4055.43
iteration,475,7.85162,8.55428,4063.28
iteration,476,8.03959,8.5532,4071.32
iteration,477,8.62937,8.55336,4079.95
iteration,478,8.68052,8.55363,4088.63
iteration,479,8.05088,8.55258,4096.68
iteration,480,7.84756,8.55111,4104.53
iteration,481,8.78168,8.55159,4113.31
iteration,482,8.26754,8.551,4121.58
iteration,483,8.67337,8.55125,4130.25
iteration,484,8.09502,8.55031,4138.35
iteration,485,8.08753,8.54936,4146.44
iteration,486,8.81532,8.5499,4155.25
iteration,487,8.46374,8.54973,4163.72
iteration,488,8.18189,8.54897,4171.9
iteration,489,8.18196,8.54822,4180.08
iteration,490,8.10662,8.54732,4188.19
iteration,491,8.76788,8.54777,4196.95
iteration,492,8.5607,8.5478,4205.52
iteration,493,8.09237,8.54687,4213.61
iteration,494,7.97405,8.54571,4221.58
iteration,495,9.18181,8.547,4230.76
iteration,496,8.39716,8.5467,4239.16
iteration,497,8.32244,8.54624,4247.48
iteration,498,8.25387,8.54566,4255.74
iteration,499,8.66978,8.54591,4264.41
iteration,500,8.96808,8.54675,4273.37
iteration,501,8.22364,8.54611,4281.6
iteration,502,8.22369,8.54546,4289.82
iteration,503,8.63142,8.54563,4298.45
iteration,504,8.95454,8.54644,4307.41
iteration,505,8.29431,8.54595,4315.7
iteration,506,8.16592,8.54519,4323.87
iteration,507,8.79041,8.54568,4332.66
iteration,508,8.3774,8.54535,4341.04
iteration,509,9.04449,8.54633,4350.08
iteration,510,8.31644,8.54588,4358.4
iteration,511,8.74408,8.54626,4367.14
iteration,512,8.26173,8.54571,4375.4
iteration,513,8.6527,8.54592,4384.06
iteration,514,8.84411,8.5465,4392.9
iteration,515,8.72206,8.54684,4401.62
iteration,516,8.0921,8.54596,4409.71
iteration,517,8.39026,8.54566,4418.1
iteration,518,8.62374,8.54581,4426.73
iteration,519,8.32046,8.54537,4435.05
iteration,520,8.6834,8.54564,4443.73
iteration,521,7.94752,8.54449,4451.68
iteration,522,8.42855,8.54427,4460.11
iteration,523,8.37472,8.54394,4468.48
iteration,524,8.67476,8.54419,4477.16
iteration,525,7.94621,8.54305,4485.1
iteration,526,8.39379,8.54277,4493.5
iteration,527,8.5002,8.54269,4502
iteration,528,8.75023,8.54308,4510.75
iteration,529,8.06098,8.54217,4518.81
iteration,530,7.86559,8.5409,4526.67
iteration,531,8.29755,8.54044,4534.97
iteration,532,8.78663,8.5409,4543.76
iteration,533,8.09323,8.54006,4551.85
iteration,534,7.9381,8.53893,4559.79
iteration,535,7.8941,8.53773,4567.68
iteration,536,8.79608,8.53821,4576.48
iteration,537,8.23292,8.53764,4584.71
iteration,538,8.04126,8.53672,4592.75
iteration,539,8.07965,8.53587,4600.83
iteration,540,7.93987,8.53477,4608.77
iteration,541,9.31412,8.53621,4618.09
iteration,542,8.0622,8.53533,4626.15
iteration,543,7.99024,8.53433,4634.14
iteration,544,7.96698,8.53329,4642.11
iteration,545,8.43287,8.5331,4650.54
iteration,546,8.79628,8.53358,4659.34
iteration,547,8.0012,8.53261,4667.34
iteration,548,8.04111,8.53171,4675.38
iteration,549,8.40989,8.53149,4683.79
iteration,550,8.75965,8.53191,4692.55
iteration,551,8.15487,8.53122,4700.7
iteration,552,7.98479,8.53023,4708.69
iteration,553,8.39504,8.52999,4717.08
iteration,554,7.89781,8.52885,4724.98
iteration,555,8.74428,8.52923,4733.73
iteration,556,8.18285,8.52861,4741.91
iteration,557,7.9625,8.5276,4749.87
iteration,558,8.52609,8.52759,4758.4
iteration,559,7.89683,8.52646,4766.29
iteration,560,8.78645,8.52693,4775.08
iteration,561,8.0674,8.52611,4783.15
iteration,562,8.55342,8.52616,4791.7
iteration,563,7.99665,8.52522,4799.7
iteration,564,8.74058,8.5256,4808.44
iteration,565,8.23369,8.52508,4816.67
iteration,566,8.61754,8.52525,4825.29
iteration,567,8.07673,8.52445,4833.37
iteration,568,8.19948,8.52388,4841.57
iteration,569,8.87862,8.52451,4850.44
iteration,570,8.67221,8.52477,4859.12
iteration,571,8.24218,8.52427,4867.36
iteration,572,8.21781,8.52373,4875.58
iteration,573,8.95096,8.52448,4884.53
iteration,574,8.80853,8.52498,4893.34
iteration,575,8.04754,8.52414,4901.38
iteration,576,8.05294,8.52333,4909.44
iteration,577,8.18625,8.52274,4917.62
iteration,578,8.96131,8.5235,4926.58
iteration,579,8.41234,8.52331,4935
iteration,580,8.27522,8.52288,4943.27
iteration,581,8.21592,8.52235,4951.49
iteration,582,8.0664,8.52157,4959.55
iteration,583,9.55727,8.52335,4969.11
iteration,584,8.14762,8.5227,4977.26
iteration,585,8.08824,8.52196,4985.35
iteration,586,8.09261,8.52123,4993.44
iteration,587,9.37595,8.52268,5002.82
iteration,588,8.17433,8.52209,5010.99
iteration,589,7.95288,8.52112,5018.94
iteration,590,8.00133,8.52024,5026.94
iteration,591,8.46925,8.52016,5035.41
iteration,592,8.95137,8.52089,5044.36
iteration,593,8.03637,8.52007,5052.4
iteration,594,8,8.51919,5060.4
iteration,595,8.53492,8.51922,5068.94
iteration,596,8.78693,8.51967,5077.72
iteration,597,8.25643,8.51923,5085.98
iteration,598,8.01004,8.51838,5093.99
iteration,599,8.73193,8.51873,5102.72
iteration,600,8.25165,8.51829,5110.97
iteration,601,8.8444,8.51883,5119.82
iteration,602,8.32534,8.51851,5128.14
iteration,603,8.63236,8.5187,5136.77
iteration,604,8.18924,8.51815,5144.96
iteration,605,8.07406,8.51742,5153.04
iteration,606,8.95986,8.51815,5162
iteration,607,8.68448,8.51842,5170.68
iteration,608,8.21876,8.51793,5178.9
iteration,609,8.17672,8.51737,5187.08
iteration,610,8.93964,8.51806,5196.02
iteration,611,8.86261,8.51863,5204.88
iteration,612,8.1892,8.51809,5213.07
iteration,613,8.14562,8.51748,5221.21
iteration,614,7.97838,8.5166,5229.19
iteration,615,9.26943,8.51783,5238.46
iteration,616,8.15618,8.51724,5246.62
iteration,617,8.1234,8.5166,5254.74
iteration,618,8.12642,8.51597,5262.87
iteration,619,8.7613,8.51637,5271.63
iteration,620,8.71285,8.51668,5280.34
iteration,621,7.92906,8.51574,5288.27
iteration,622,8.21432,8.51525,5296.49
iteration,623,8.0053,8.51443,5304.49
iteration,624,9.33907,8.51575,5313.83
iteration,625,8.1236,8.51513,5321.95
iteration,626,8.14426,8.51453,5330.1
iteration,627,8.17602,8.51399,5338.27
iteration,628,8.59009,8.51412,5346.86
iteration,629,8.80232,8.51457,5355.67
iteration,630,8.0559,8.51385,5363.72
iteration,631,8.00741,8.51304,5371.73
iteration,632,8.50927,8.51304,5380.24
iteration,633,8.75078,8.51341,5388.99
iteration,634,8.2112,8.51294,5397.2
iteration,635,7.98773,8.51211,5405.19
iteration,636,8.5291,8.51214,5413.72
iteration,637,8.01702,8.51136,5421.74
iteration,638,8.85787,8.5119,5430.59
iteration,639,8.20899,8.51143,5438.8
iteration,640,8.59045,8.51155,5447.39
iteration,641,8.07867,8.51088,5455.47
iteration,642,8.89715,8.51148,5464.37
iteration,643,8.22672,8.51103,5472.6
iteration,644,7.9987,8.51024,5480.59
iteration,645,8.60292,8.51038,5489.2
iteration,646,8.17573,8.50986,5497.37
iteration,647,8.80438,8.51032,5506.18
iteration,648,8.24859,8.50992,5514.43
iteration,649,8.29895,8.50959,5522.72
iteration,650,8.09198,8.50895,5530.82
iteration,651,7.8862,8.50799,5538.7
iteration,652,8.60618,8.50814,5547.31
iteration,653,8.35521,8.50791,5555.66
iteration,654,7.99329,8.50712,5563.66
iteration,655,8.02513,8.50639,5571.68
iteration,656,8.45404,8.50631,5580.14
iteration,657,8.7704,8.50671,5588.91
iteration,658,7.95102,8.50586,5596.86
iteration,659,8.07414,8.50521,5604.93
iteration,660,8.10457,8.5046,5613.04
iteration,661,9.04434,8.50542,5622.08
iteration,662,8.22025,8.50499,5630.3
iteration,663,8.04657,8.5043,5638.35
iteration,664,8.10325,8.50369,5646.45
iteration,665,8.56641,8.50379,5655.02
iteration,666,8.7857,8.50421,5663.8
iteration,667,8.37082,8.50401,5672.17
iteration,668,8.0426,8.50332,5680.22
iteration,669,8.09973,8.50272,5688.32
iteration,670,9.05645,8.50354,5697.37
iteration,671,8.52654,8.50358,5705.9
iteration,672,8.03639,8.50288,5713.94
iteration,673,8.1182,8.50231,5722.05
iteration,674,8.55728,8.50239,5730.61
iteration,675,8.99502,8.50312,5739.61
iteration,676,8.31383,8.50284,5747.92
iteration,677,8.04179,8.50216,5755.96
iteration,678,8.74985,8.50252,5764.71
iteration,679,8.62778,8.50271,5773.34
iteration,680,8.50425,8.50271,5781.84
iteration,681,8.18267,8.50224,5790.03
iteration,682,8.67315,8.50249,5798.7
iteration,683,8.05167,8.50183,5806.75
iteration,684,8.74757,8.50219,5815.5
iteration,685,8.30345,8.5019,5823.8
iteration,686,8.68153,8.50216,5832.48
iteration,687,8.17104,8.50168,5840.65
iteration,688,8.59012,8.50181,5849.24
iteration,689,8.43899,8.50172,5857.68
iteration,690,8.86928,8.50225,5866.55
iteration,691,8.2079,8.50182,5874.76
iteration,692,8.14823,8.50131,5882.91
iteration,693,8.85454,8.50182,5891.76
iteration,694,8.87787,8.50237,5900.64
iteration,695,8.23098,8.50198,5908.87
iteration,696,8.07334,8.50136,5916.95
iteration,697,8.03676,8.50069,5924.98
iteration,698,9.27836,8.50181,5934.26
iteration,699,8.14959,8.5013,5942.41
iteration,700,8.14758,8.5008,5950.56
iteration,701,8.13318,8.50027,5958.69
iteration,702,8.92879,8.50088,5967.62
iteration,703,8.73787,8.50122,5976.36
iteration,704,7.94927,8.50044,5984.31
iteration,705,8.16799,8.49997,5992.48
iteration,706,8.0514,8.49933,6000.53
iteration,707,9.32037,8.50049,6009.85
iteration,708,8.29413,8.5002,6018.14
iteration,709,8.15595,8.49971,6026.3
iteration,710,8.10144,8.49915,6034.4
iteration,711,9.07645,8.49997,6043.48
iteration,712,8.40598,8.49983,6051.88
iteration,713,7.95526,8.49907,6059.84
iteration,714,8.06858,8.49847,6067.9
iteration,715,8.56764,8.49856,6076.47
iteration,716,8.73335,8.49889,6085.21
iteration,717,8.25185,8.49855,6093.46
iteration,718,7.97547,8.49782,6101.43
iteration,719,8.49265,8.49781,6109.93
iteration,720,7.96687,8.49707,6117.89
iteration,721,8.78646,8.49747,6126.68
iteration,722,8.38633,8.49732,6135.07
iteration,723,8.61176,8.49748,6143.68
iteration,724,8.18825,8.49705,6151.87
iteration,725,8.70872,8.49734,6160.57
iteration,726,8.9722,8.498,6169.55
iteration,727,8.09087,8.49744,6177.64
iteration,728,8.0629,8.49684,6185.7
iteration,729,7.9735,8.49612,6193.67
iteration,730,9.13822,8.497,6202.81
iteration,731,8.69795,8.49728,6211.51
iteration,732,8.04038,8.49665,6219.55
iteration,733,8.16758,8.4962,6227.72
iteration,734,8.78289,8.4966,6236.5
iteration,735,8.6451,8.4968,6245.15
iteration,736,8.05081,8.49619,6253.2
iteration,737,8.15817,8.49573,6261.35
iteration,738,8.19795,8.49533,6269.55
iteration,739,9.17577,8.49625,6278.73
iteration,740,8.56,8.49634,6287.29
iteration,741,8.24045,8.49599,6295.53
iteration,742,8.11261,8.49547,6303.64
iteration,743,8.69501,8.49574,6312.34
iteration,744,8.97951,8.49639,6321.32
iteration,745,8.22238,8.49602,6329.54
iteration,746,8.07906,8.49547,6337.62
iteration,747,8.70693,8.49575,6346.32
iteration,748,8.9323,8.49633,6355.26
iteration,749,8.13689,8.49585,6363.39
iteration,750,8.32732,8.49563,6371.72
iteration,751,8.57717,8.49574,6380.3
iteration,752,8.1543,8.49528,6388.45
iteration,753,8.9144,8.49584,6397.37
iteration,754,8.14466,8.49537,6405.51
iteration,755,8.67338,8.49561,6414.18
iteration,756,8.06847,8.49504,6422.25
iteration,757,8.96042,8.49566,6431.21
iteration,758,8.24079,8.49532,6439.45
iteration,759,8.22615,8.49497,6447.68
iteration,760,8.6098,8.49512,6456.29
iteration,761,8.52547,8.49516,6464.82
iteration,762,8.7221,8.49546,6473.54
iteration,763,8.26412,8.49515,6481.8
iteration,764,8.81807,8.49558,6490.62
iteration,765,7.98077,8.4949,6498.6
iteration,766,8.50549,8.49492,6507.11
iteration,767,8.70932,8.4952,6515.82
iteration,768,8.59256,8.49532,6524.41
iteration,769,8.10363,8.49481,6532.51
iteration,770,8.41684,8.49471,6540.93
iteration,771,8.59518,8.49484,6549.52
iteration,772,8.5791,8.49495,6558.1
iteration,773,8.02914,8.49435,6566.13
iteration,774,7.87031,8.49354,6574
iteration,775,8.48905,8.49354,6582.49
iteration,776,8.64946,8.49374,6591.14
iteration,777,8.47415,8.49371,6599.62
iteration,778,8.04565,8.49314,6607.66
iteration,779,8.02516,8.49254,6615.69
iteration,780,9.02889,8.49322,6624.72
iteration,781,8.14859,8.49278,6632.86
iteration,782,8.13306,8.49232,6641
iteration,783,8.1335,8.49186,6649.13
iteration,784,8.79317,8.49225,6657.92
iteration,785,8.7753,8.49261,6666.7
iteration,786,8.21099,8.49225,6674.91
iteration,787,8.20327,8.49188,6683.11
iteration,788,7.96931,8.49122,6691.08
iteration,789,9.00216,8.49187,6700.08
iteration,790,8.82245,8.49229,6708.91
iteration,791,8.13944,8.49184,6717.05
iteration,792,8.15354,8.49141,6725.2
iteration,793,8.90599,8.49194,6734.11
iteration,794,8.69863,8.4922,6742.8
iteration,795,8.36195,8.49203,6751.17
iteration,796,8.08177,8.49152,6759.25
iteration,797,8.4873,8.49151,6767.74
iteration,798,8.45229,8.49146,6776.19
iteration,799,8.65126,8.49166,6784.84
iteration,800,8.12785,8.49121,6792.97
iteration,801,8.49476,8.49121,6801.46
iteration,802,8.13443,8.49077,6809.6
iteration,803,8.7005,8.49103,6818.3
iteration,804,8.1616,8.49062,6826.46
iteration,805,8.48256,8.49061,6834.94
iteration,806,7.93909,8.48993,6842.88
iteration,807,8.3205,8.48972,6851.2
iteration,808,8.58392,8.48983,6859.78
iteration,809,8.6668,8.49005,6868.45
iteration,810,8.11628,8.48959,6876.57
iteration,811,8.05401,8.48905,6884.62
iteration,812,8.42591,8.48897,6893.05
iteration,813,9.11247,8.48974,6902.16
iteration,814,8.23334,8.48943,6910.39
iteration,815,7.95451,8.48877,6918.35
iteration,816,8.45814,8.48873,6926.81
iteration,817,8.97458,8.48933,6935.78
iteration,818,8.38025,8.48919,6944.16
iteration,819,8.24931,8.4889,6952.41
iteration,820,7.99867,8.4883,6960.41
iteration,821,8.48721,8.4883,6968.9
iteration,822,9.14115,8.4891,6978.04
iteration,823,8.08519,8.48861,6986.12
iteration,824,8.19495,8.48825,6994.32
iteration,825,8.19855,8.4879,7002.52
iteration,826,9.36931,8.48896,7011.88
iteration,827,8.25128,8.48868,7020.14
iteration,828,8.09609,8.4882,7028.23
iteration,829,7.91768,8.48751,7036.15
iteration,830,8.83136,8.48793,7044.98
iteration,831,8.65098,8.48813,7053.63
iteration,832,8.04061,8.48759,7061.67
iteration,833,8.09202,8.48711,7069.76
iteration,834,8.63695,8.48729,7078.4
iteration,835,8.46977,8.48727,7086.87
iteration,836,8.57317,8.48737,7095.44
iteration,837,8.13208,8.48695,7103.58
iteration,838,8.5464,8.48702,7112.12
iteration,839,8.41556,8.48694,7120.54
iteration,840,8.42191,8.48686,7128.96
iteration,841,8.16212,8.48647,7137.12
iteration,842,8.48947,8.48648,7145.61
iteration,843,8.15043,8.48608,7153.76
iteration,844,8.51076,8.48611,7162.27
iteration,845,8.46289,8.48608,7170.74
iteration,846,8.08128,8.4856,7178.82
iteration,847,8.54224,8.48567,7187.36
iteration,848,8.17242,8.4853,7195.53
iteration,849,8.62445,8.48546,7204.16
iteration,850,8.80744,8.48584,7212.96
iteration,851,8.69229,8.48608,7221.66
iteration,852,8.15355,8.48569,7229.81
iteration,853,8.53427,8.48575,7238.34
iteration,854,8.60639,8.48589,7246.95
iteration,855,8.63026,8.48606,7255.58
iteration,856,8.08106,8.48559,7263.66
iteration,857,8.12652,8.48517,7271.79
iteration,858,8.47621,8.48516,7280.26
iteration,859,9.32087,8.48613,7289.59
iteration,860,8.16943,8.48576,7297.75
iteration,861,8.13218,8.48535,7305.89
iteration,862,8.50977,8.48538,7314.4
iteration,863,9.04721,8.48603,7323.44
iteration,864,8.17671,8.48567,7331.62
iteration,865,8.03585,8.48515,7339.66
iteration,866,8.1464,8.48476,7347.8
iteration,867,8.91736,8.48526,7356.72
iteration,868,8.67339,8.48548,7365.39
iteration,869,8.12765,8.48507,7373.52
iteration,870,8.17345,8.48471,7381.69
iteration,871,8.56425,8.4848,7390.26
iteration,872,8.53067,8.48485,7398.79
iteration,873,8.41677,8.48477,7407.21
iteration,874,8.08707,8.48432,7415.29
iteration,875,8.72865,8.4846,7424.02
iteration,876,8.47838,8.48459,7432.5
iteration,877,8.75602,8.4849,7441.26
iteration,878,8.23234,8.48461,7449.49
iteration,879,8.55906,8.4847,7458.05
iteration,880,8.21758,8.48439,7466.27
iteration,881,8.57459,8.4845,7474.84
iteration,882,8.49077,8.4845,7483.33
iteration,883,8.08808,8.48405,7491.42
iteration,884,8.6836,8.48428,7500.1
iteration,885,8.34994,8.48413,7508.45
iteration,886,8.79049,8.48447,7517.24
iteration,887,8.05877,8.48399,7525.3
iteration,888,8.34342,8.48383,7533.65
iteration,889,8.08915,8.48339,7541.73
iteration,890,8.62896,8.48355,7550.36
iteration,891,8.61972,8.48371,7558.98
iteration,892,8.51241,8.48374,7567.5
iteration,893,8.23455,8.48346,7575.73
iteration,894,8.15333,8.48309,7583.88
iteration,895,8.73492,8.48337,7592.62
iteration,896,8.51807,8.48341,7601.14
iteration,897,8.00031,8.48287,7609.14
iteration,898,8.093,8.48244,7617.23
iteration,899,8.36602,8.48231,7625.6
iteration,900,9.11708,8.48301,7634.71
iteration,901,8.08683,8.48257,7642.8
iteration,902,8.02842,8.48207,7650.83
iteration,903,8.12344,8.48167,7658.95
iteration,904,9.03438,8.48229,7667.99
iteration,905,8.58877,8.4824,7676.57
iteration,906,8.45109,8.48237,7685.03
iteration,907,8.1444,8.482,7693.17
iteration,908,8.11129,8.48159,7701.28
iteration,909,9.1268,8.4823,7710.41
iteration,910,8.28721,8.48208,7718.7
iteration,911,8.06769,8.48163,7726.76
iteration,912,8.53125,8.48168,7735.29
iteration,913,9.32446,8.48261,7744.62
iteration,914,8.49536,8.48262,7753.11
iteration,915,8.22539,8.48234,7761.34
iteration,916,8.10409,8.48193,7769.44
iteration,917,8.4981,8.48194,7777.94
iteration,918,8.86013,8.48236,7786.8
iteration,919,8.2986,8.48216,7795.1
iteration,920,8.62558,8.48231,7803.73
iteration,921,8.7812,8.48264,7812.51
iteration,922,8.7187,8.48289,7821.23
iteration,923,8.2847,8.48268,7829.51
iteration,924,8.05521,8.48221,7837.57
iteration,925,8.54656,8.48228,7846.11
iteration,926,8.05095,8.48182,7854.16
iteration,927,9.12516,8.48251,7863.29
iteration,928,8.80105,8.48286,7872.09
iteration,929,8.79222,8.48319,7880.88
iteration,930,8.1026,8.48278,7888.98
iteration,931,8.56871,8.48287,7897.55
iteration,932,8.64652,8.48305,7906.2
iteration,933,8.91051,8.48351,7915.11
iteration,934,8.32488,8.48334,7923.44
iteration,935,8.94765,8.48383,7932.38
iteration,936,8.92253,8.4843,7941.31
iteration,937,8.84689,8.48469,7950.15
iteration,938,8.31142,8.4845,7958.46
iteration,939,8.06083,8.48405,7966.52
iteration,940,8.47168,8.48404,7975
iteration,941,9.10772,8.4847,7984.1
iteration,942,8.35328,8.48456,7992.46
iteration,943,8.65321,8.48474,8001.11
iteration,944,8.45441,8.48471,8009.56
iteration,945,8.9287,8.48518,8018.49
iteration,946,8.18834,8.48486,8026.68
iteration,947,8.1262,8.48449,8034.81
iteration,948,8.06819,8.48405,8042.88
iteration,949,9.01551,8.48461,8051.89
iteration,950,9.02297,8.48517,8060.91
iteration,951,8.73127,8.48543,8069.65
iteration,952,8.04387,8.48497,8077.69
iteration,953,8.58561,8.48507,8086.28
iteration,954,8.52815,8.48512,8094.8
iteration,955,8.64102,8.48528,8103.44
iteration,956,7.8775,8.48465,8111.32
iteration,957,8.92419,8.48511,8120.25
iteration,958,8.73596,8.48537,8128.98
iteration,959,8.84004,8.48574,8137.82
iteration,960,8.14076,8.48538,8145.96
iteration,961,7.96343,8.48483,8153.93
iteration,962,8.43184,8.48478,8162.36
iteration,963,8.46681,8.48476,8170.83
iteration,964,8.41955,8.48469,8179.24
iteration,965,8.34051,8.48454,8187.59
iteration,966,9.08908,8.48517,8196.67
iteration,967,8.43035,8.48511,8205.1
iteration,968,8.87326,8.48551,8213.98
iteration,969,8.09966,8.48512,8222.08
iteration,970,8.5335,8.48517,8230.61
iteration,971,8.1922,8.48486,8238.8
iteration,972,8.51375,8.48489,8247.32
iteration,973,9.15519,8.48558,8256.47
iteration,974,8.4521,8.48555,8264.92
iteration,975,8.05411,8.48511,8272.98
iteration,976,8.00299,8.48461,8280.98
iteration,977,8.85245,8.48499,8289.83
iteration,978,8.55605,8.48506,8298.39
iteration,979,8.16986,8.48474,8306.56
iteration,980,8.40217,8.48465,8314.96
iteration,981,9.26381,8.48545,8324.23
iteration,982,8.54542,8.48551,8332.77
iteration,983,8.06217,8.48508,8340.83
iteration,984,8.04302,8.48463,8348.88
iteration,985,8.02493,8.48416,8356.9
iteration,986,8.91123,8.4846,8365.81
iteration,987,8.4318,8.48454,8374.24
iteration,988,8.88317,8.48495,8383.13
iteration,989,8.27443,8.48473,8391.4
iteration,990,8.93209,8.48519,8400.33
iteration,991,8.35633,8.48506,8408.69
iteration,992,8.15718,8.48473,8416.85
iteration,993,8.07176,8.48431,8424.92
iteration,994,8.73052,8.48456,8433.65
iteration,995,9.01056,8.48509,8442.66
iteration,996,8.52746,8.48513,8451.19
iteration,997,8.31274,8.48496,8459.5
iteration,998,8.66798,8.48514,8468.17
iteration,999,8.50414,8.48516,8476.67
iteration,1000,8.60362,8.48528,8485.28
iteration,1001,8.17562,8.48497,8493.45
iteration,1002,8.03704,8.48452,8501.49
iteration,1003,9.00893,8.48504,8510.5
iteration,1004,9.31059,8.48586,8519.81
iteration,1005,8.16378,8.48554,8527.97
iteration,1006,8.16872,8.48523,8536.14
iteration,1007,8.57552,8.48532,8544.72
iteration,1008,8.45246,8.48529,8553.17
iteration,1009,8.49309,8.48529,8561.66
iteration,1010,8.48117,8.48529,8570.14
iteration,1011,9.03092,8.48583,8579.17
iteration,1012,8.51092,8.48585,8587.68
iteration,1013,8.58651,8.48595,8596.27
iteration,1014,8.18185,8.48565,8604.45
iteration,1015,8.45472,8.48562,8612.91
iteration,1016,7.99254,8.48514,8620.9
iteration,1017,8.46508,8.48512,8629.37
iteration,1018,8.58243,8.48521,8637.95
iteration,1019,8.98917,8.48571,8646.94
iteration,1020,8.06838,8.4853,8655.01
iteration,1021,8.01592,8.48484,8663.02
iteration,1022,8.42948,8.48479,8671.45
iteration,1023,8.96453,8.48525,8680.42
iteration,1024,8.08308,8.48486,8688.5
iteration,1025,7.93253,8.48432,8696.43
iteration,1026,8.99519,8.48482,8705.43
iteration,1027,9.16564,8.48548,8714.59
iteration,1028,8.10605,8.48511,8722.7
iteration,1029,8.07484,8.48472,8730.77
iteration,1030,8.08804,8.48433,8738.86
iteration,1031,8.86296,8.4847,8747.72
iteration,1032,8.61088,8.48482,8756.33
iteration,1033,8.34997,8.48469,8764.68
iteration,1034,8.69474,8.48489,8773.38
iteration,1035,8.98681,8.48538,8782.37
iteration,1036,8.65741,8.48554,8791.02
iteration,1037,8.22823,8.4853,8799.25
iteration,1038,8.30498,8.48512,8807.56
iteration,1039,8.2385,8.48488,8815.8
iteration,1040,8.96305,8.48534,8824.76
iteration,1041,9.34617,8.48617,8834.1
iteration,1042,8.39524,8.48608,8842.5
iteration,1043,8.22824,8.48584,8850.73
iteration,1044,8.67232,8.48602,8859.4
iteration,1045,8.77605,8.48629,8868.18
iteration,1046,8.34966,8.48616,8876.53
iteration,1047,8.0122,8.48571,8884.54
iteration,1048,8.97351,8.48618,8893.51
iteration,1049,9.05101,8.48671,8902.56
iteration,1050,8.45115,8.48668,8911.01
iteration,1051,7.95607,8.48618,8918.97
iteration,1052,8.6375,8.48632,8927.61
iteration,1053,8.00442,8.48586,8935.61
iteration,1054,8.81915,8.48618,8944.43
iteration,1055,8.25057,8.48595,8952.68
iteration,1056,9.10734,8.48654,8961.79
iteration,1057,8.21703,8.48629,8970.01
iteration,1058,8.41341,8.48622,8978.42
iteration,1059,8.50433,8.48624,8986.92
iteration,1060,8.58289,8.48633,8995.51
iteration,1061,8.10664,8.48597,9003.61
iteration,1062,8.22514,8.48572,9011.84
iteration,1063,9.18632,8.48638,9021.02
iteration,1064,8.75112,8.48663,9029.78
iteration,1065,8.57866,8.48672,9038.35
iteration,1066,8.11007,8.48636,9046.46
iteration,1067,7.96278,8.48587,9054.43
iteration,1068,9.17905,8.48652,9063.61
iteration,1069,8.2037,8.48626,9071.81
iteration,1070,8.1421,8.48594,9079.95
iteration,1071,8.44396,8.4859,9088.4
iteration,1072,9.55852,8.4869,9097.95
iteration,1073,8.32919,8.48675,9106.28
iteration,1074,8.13838,8.48643,9114.42
iteration,1075,8.13433,8.4861,9122.56
iteration,1076,8.47426,8.48609,9131.03
iteration,1077,8.79129,8.48637,9139.82
iteration,1078,8.24472,8.48615,9148.07
iteration,1079,8.64748,8.4863,9156.71
iteration,1080,8.14119,8.48598,9164.86
iteration,1081,9.08815,8.48653,9173.94
iteration,1082,7.94951,8.48604,9181.89
iteration,1083,8.09853,8.48568,9189.99
iteration,1084,8.14231,8.48536,9198.13
iteration,1085,8.37461,8.48526,9206.51
iteration,1086,9.09015,8.48582,9215.6
iteration,1087,8.51392,8.48584,9224.11
iteration,1088,8.01452,8.48541,9232.13
iteration,1089,8.47101,8.4854,9240.6
iteration,1090,8.31897,8.48525,9248.92
iteration,1091,8.57149,8.48532,9257.49
iteration,1092,8.17144,8.48504,9265.66
iteration,1093,8.60226,8.48514,9274.26
iteration,1094,8.47348,8.48513,9282.74
iteration,1095,9.30028,8.48588,9292.04
iteration,1096,8.2248,8.48564,9300.26
iteration,1097,8.51066,8.48566,9308.77
iteration,1098,7.98061,8.4852,9316.75
iteration,1099,8.471,8.48519,9325.22
iteration,1100,8.59834,8.48529,9333.82
iteration,1101,8.99169,8.48575,9342.81
iteration,1102,8.57638,8.48583,9351.39
iteration,1103,8.67256,8.486,9360.06
iteration,1104,8.67268,8.48617,9368.73
iteration,1105,8.89221,8.48654,9377.63
iteration,1106,8.07963,8.48617,9385.71
iteration,1107,8.09368,8.48582,9393.8
iteration,1108,8.33666,8.48568,9402.14
iteration,1109,9.4857,8.48659,9411.62
iteration,1110,8.52668,8.48662,9420.15
iteration,1111,7.99059,8.48617,9428.14
iteration,1112,8.23773,8.48595,9436.38
iteration,1113,9.16219,8.48656,9445.54
iteration,1114,8.77866,8.48682,9454.32
iteration,1115,8.28747,8.48664,9462.61
iteration,1116,8.12319,8.48632,9470.73
iteration,1117,9.23412,8.48699,9479.96
iteration,1118,8.83213,8.48729,9488.8
iteration,1119,8.2369,8.48707,9497.03
iteration,1120,8.10017,8.48673,9505.13
iteration,1121,8.73583,8.48695,9513.87
iteration,1122,8.51155,8.48697,9522.38
iteration,1123,8.61496,8.48708,9530.99
iteration,1124,8.53028,8.48712,9539.53
iteration,1125,8.83957,8.48744,9548.36
iteration,1126,8.60899,8.48754,9556.97
iteration,1127,8.49014,8.48755,9565.46
iteration,1128,8.28824,8.48737,9573.75
iteration,1129,8.63165,8.4875,9582.38
iteration,1130,8.15726,8.4872,9590.54
iteration,1131,8.84362,8.48752,9599.38
iteration,1132,8.91081,8.48789,9608.3
iteration,1133,8.76075,8.48813,9617.06
iteration,1134,8.16851,8.48785,9625.22
iteration,1135,8.15266,8.48756,9633.38
iteration,1136,8.75477,8.48779,9642.13
iteration,1137,8.1875,8.48753,9650.32
iteration,1138,8.74554,8.48776,9659.07
iteration,1139,8.62167,8.48787,9667.69
iteration,1140,9.32563,8.48861,9677.01
iteration,1141,8.15068,8.48831,9685.16
iteration,1142,8.66904,8.48847,9693.83
iteration,1143,8.06673,8.4881,9701.9
iteration,1144,8.01831,8.48769,9709.92
iteration,1145,8.83374,8.48799,9718.75
iteration,1146,8.45636,8.48796,9727.21
iteration,1147,8.72137,8.48817,9735.93
iteration,1148,7.94883,8.4877,9743.88
iteration,1149,8.86467,8.48803,9752.74
iteration,1150,8.43336,8.48798,9761.18
iteration,1151,8.01281,8.48757,9769.19
iteration,1152,8.08296,8.48721,9777.27
iteration,1153,8.08562,8.48687,9785.36
iteration,1154,9.16945,8.48746,9794.53
iteration,1155,8.72817,8.48767,9803.25
iteration,1156,8.24156,8.48745,9811.5
iteration,1157,7.89614,8.48694,9819.39
iteration,1158,8.85249,8.48726,9828.24
iteration,1159,8.55411,8.48732,9836.8
iteration,1160,8.09371,8.48698,9844.89
iteration,1161,8.13276,8.48667,9853.03
iteration,1162,9.08925,8.48719,9862.11
iteration,1163,8.37776,8.4871,9870.49
iteration,1164,8.5011,8.48711,9878.99
iteration,1165,8.22131,8.48688,9887.21
iteration,1166,7.96084,8.48643,9895.18
iteration,1167,8.91279,8.48679,9904.09
iteration,1168,8.61337,8.4869,9912.7
iteration,1169,8.24847,8.4867,9920.95
iteration,1170,8.74672,8.48692,9929.7
iteration,1171,8.96542,8.48733,9938.66
iteration,1172,8.48553,8.48733,9947.15
iteration,1173,8.12023,8.48701,9955.27
iteration,1174,8.12551,8.48671,9963.39
iteration,1175,8.47766,8.4867,9971.87
iteration,1176,8.50521,8.48671,9980.38
iteration,1177,8.74014,8.48693,9989.12
iteration,1178,8.57379,8.487,9997.69
iteration,1179,8.60958,8.48711,10006.3
iteration,1180,8.15668,8.48683,10014.5
iteration,1181,8.57259,8.4869,10023
iteration,1182,8.65735,8.48704,10031.7
iteration,1183,8.52986,8.48708,10040.2
iteration,1184,8.02293,8.48669,10048.2
iteration,1185,8.95467,8.48708,10057.2
iteration,1186,8.7301,8.48729,10065.9
iteration,1187,8.80678,8.48756,10074.7
iteration,1188,8.011,8.48716,10082.7
iteration,1189,8.2394,8.48695,10091
iteration,1190,8.45374,8.48692,10099.4
iteration,1191,9.25954,8.48757,10108.7
iteration,1192,8.37971,8.48748,10117.1
iteration,1193,8.95055,8.48787,10126
iteration,1194,8.38087,8.48778,10134.4
iteration,1195,9.16429,8.48834,10143.6
iteration,1196,8.13948,8.48805,10151.7
iteration,1197,8.06515,8.4877,10159.8
iteration,1198,8.14807,8.48741,10167.9
iteration,1199,9.06483,8.4879,10177
iteration,1200,8.69437,8.48807,10185.7
iteration,1201,8.53383,8.48811,10194.2
iteration,1202,8.11799,8.4878,10202.3
iteration,1203,8.6503,8.48793,10211
iteration,1204,8.9121,8.48829,10219.9
iteration,1205,8.22442,8.48807,10228.1
iteration,1206,7.9928,8.48766,10236.1
iteration,1207,8.50023,8.48767,10244.6
iteration,1208,9.48078,8.48849,10254.1
iteration,1209,8.58014,8.48856,10262.7
iteration,1210,8.14307,8.48828,10270.8
iteration,1211,7.97334,8.48785,10278.8
iteration,1212,8.43305,8.48781,10287.2
iteration,1213,8.78749,8.48806,10296
iteration,1214,8.20135,8.48782,10304.2
iteration,1215,8.68968,8.48799,10312.9
iteration,1216,8.70491,8.48816,10321.6
iteration,1217,8.68751,8.48833,10330.3
iteration,1218,8.27821,8.48816,10338.6
iteration,1219,7.96794,8.48773,10346.5
iteration,1220,8.53978,8.48777,10355.1
iteration,1221,7.91282,8.4873,10363
iteration,1222,9.00712,8.48773,10372
iteration,1223,8.67062,8.48788,10380.7
iteration,1224,8.68396,8.48804,10389.4
iteration,1225,8.08385,8.48771,10397.4
iteration,1226,7.90353,8.48723,10405.3
iteration,1227,8.88687,8.48755,10414.2
iteration,1228,8.71836,8.48774,10422.9
iteration,1229,8.05293,8.48739,10431
iteration,1230,8.30816,8.48724,10439.3
iteration,1231,9.31824,8.48792,10448.6
iteration,1232,8.7615,8.48814,10457.4
iteration,1233,8.10862,8.48783,10465.5
iteration,1234,8.14501,8.48755,10473.6
iteration,1235,8.03353,8.48719,10481.7
iteration,1236,9.0904,8.48768,10490.8
iteration,1237,8.07445,8.48734,10498.8
iteration,1238,8.7189,8.48753,10507.6
iteration,1239,8.08553,8.4872,10515.6
iteration,1240,8.96673,8.48759,10524.6
iteration,1241,8.31237,8.48745,10532.9
iteration,1242,8.39361,8.48737,10541.3
iteration,1243,8.6971,8.48754,10550
iteration,1244,9.28804,8.48819,10559.3
iteration,1245,8.77749,8.48842,10568.1
iteration,1246,8.54197,8.48846,10576.6
iteration,1247,8.10525,8.48815,10584.7
iteration,1248,8.53203,8.48819,10593.3
iteration,1249,8.5016,8.4882,10601.8
iteration,1250,8.40516,8.48813,10610.2
iteration,1251,8.21654,8.48792,10618.4
iteration,1252,8.1084,8.48761,10626.5
iteration,1253,9.39528,8.48834,10635.9
iteration,1254,8.53838,8.48838,10644.4
iteration,1255,8.10355,8.48807,10652.5
iteration,1256,8.09118,8.48775,10660.6
iteration,1257,8.41709,8.4877,10669
iteration,1258,8.51322,8.48772,10677.6
iteration,1259,8.61655,8.48782,10686.2
iteration,1260,8.26191,8.48764,10694.4
iteration,1261,8.61327,8.48774,10703
iteration,1262,8.8079,8.488,10711.8
iteration,1263,8.5365,8.48803,10720.4
iteration,1264,8.2147,8.48782,10728.6
iteration,1265,8.46361,8.4878,10737.1
iteration,1266,7.93288,8.48736,10745
iteration,1267,8.39012,8.48728,10753.4
iteration,1268,8.86172,8.48758,10762.2
iteration,1269,8.8539,8.48787,10771.1
iteration,1270,8.008,8.48749,10779.1
iteration,1271,8.08263,8.48717,10787.2
iteration,1272,8.51101,8.48719,10795.7
iteration,1273,9.19315,8.48774,10804.9
iteration,1274,8.13709,8.48747,10813
iteration,1275,7.96546,8.48706,10821
iteration,1276,9.0362,8.48749,10830
iteration,1277,9.11245,8.48798,10839.1
iteration,1278,8.16906,8.48773,10847.3
iteration,1279,7.91073,8.48728,10855.2
iteration,1280,8.09764,8.48697,10863.3
iteration,1281,8.91823,8.48731,10872.2
iteration,1282,8.57232,8.48738,10880.8
iteration,1283,8.35753,8.48728,10889.2
iteration,1284,8.69848,8.48744,10897.9
iteration,1285,8.95246,8.4878,10906.8
iteration,1286,8.85226,8.48809,10915.7
iteration,1287,8.07111,8.48776,10923.7
iteration,1288,8.00211,8.48738,10931.8
iteration,1289,8.07477,8.48706,10939.8
iteration,1290,8.99668,8.48746,10948.8
iteration,1291,8.87716,8.48776,10957.7
iteration,1292,8.14249,8.48749,10965.8
iteration,1293,8.11721,8.48721,10974
iteration,1294,8.59022,8.48729,10982.5
iteration,1295,8.70291,8.48745,10991.3
iteration,1296,8.18794,8.48722,10999.4
iteration,1297,7.97789,8.48683,11007.4
iteration,1298,8.81378,8.48708,11016.2
iteration,1299,9.11537,8.48757,11025.3
iteration,1300,8.56882,8.48763,11033.9
iteration,1301,8.0098,8.48726,11041.9
iteration,1302,8.7863,8.48749,11050.7
iteration,1303,8.15553,8.48724,11058.9
iteration,1304,8.88209,8.48754,11067.8
iteration,1305,8.19074,8.48731,11075.9
iteration,1306,9.00002,8.4877,11084.9
iteration,1307,8.64537,8.48782,11093.6
iteration,1308,8.77721,8.48805,11102.4
iteration,1309,8.23182,8.48785,11110.6
iteration,1310,8.62447,8.48795,11119.2
iteration,1311,8.14346,8.48769,11127.4
iteration,1312,7.97108,8.4873,11135.3
iteration,1313,8.91616,8.48762,11144.3
iteration,1314,8.75263,8.48783,11153
iteration,1315,8.60503,8.48791,11161.6
iteration,1316,8.08984,8.48761,11169.7
iteration,1317,7.9693,8.48722,11177.7
iteration,1318,9.27244,8.48781,11186.9
iteration,1319,8.23935,8.48763,11195.2
iteration,1320,8.13355,8.48736,11203.3
iteration,1321,8.35276,8.48726,11211.7
iteration,1322,9.51039,8.48803,11221.2
iteration,1323,8.42705,8.48798,11229.6
iteration,1324,8.12705,8.48771,11237.7
iteration,1325,8.09276,8.48741,11245.8
iteration,1326,9.0143,8.48781,11254.8
iteration,1327,8.59265,8.48789,11263.4
iteration,1328,8.33202,8.48777,11271.8
iteration,1329,8.5052,8.48779,11280.3
iteration,1330,8.63988,8.4879,11288.9
iteration,1331,8.88618,8.4882,11297.8
iteration,1332,8.0682,8.48788,11305.9
iteration,1333,8.09114,8.48759,11314
iteration,1334,8.06292,8.48727,11322
iteration,1335,8.91278,8.48759,11330.9
iteration,1336,8.66041,8.48772,11339.6
iteration,1337,8.65984,8.48784,11348.2
iteration,1338,8.15208,8.48759,11356.4
iteration,1339,8.4226,8.48755,11364.8
iteration,1340,8.39616,8.48748,11373.2
iteration,1341,8.58385,8.48755,11381.8
iteration,1342,8.09371,8.48726,11389.9
iteration,1343,8.64336,8.48737,11398.5
iteration,1344,9.00137,8.48775,11407.5
iteration,1345,8.72709,8.48793,11416.3
iteration,1346,8.22243,8.48773,11424.5
iteration,1347,8.61227,8.48783,11433.1
iteration,1348,8.00426,8.48747,11441.1
iteration,1349,8.46507,8.48745,11449.6
iteration,1350,8.6293,8.48756,11458.2
iteration,1351,8.91452,8.48787,11467.1
iteration,1352,8.54182,8.48791,11475.7
iteration,1353,8.16877,8.48768,11483.8
iteration,1354,8.44398,8.48764,11492.3
iteration,1355,9.27847,8.48823,11501.5
iteration,1356,8.59621,8.48831,11510.1
iteration,1357,8.5787,8.48837,11518.7
iteration,1358,8.42378,8.48833,11527.1
iteration,1359,9.5992,8.48914,11536.7
iteration,1360,8.35538,8.48905,11545.1
iteration,1361,8.0992,8.48876,11553.2
iteration,1362,8.17415,8.48853,11561.4
iteration,1363,8.96876,8.48888,11570.3
iteration,1364,8.37087,8.48879,11578.7
iteration,1365,8.16172,8.48855,11586.9
iteration,1366,8.29831,8.48842,11595.2
iteration,1367,9.56873,8.48921,11604.7
iteration,1368,8.49699,8.48921,11613.2
iteration,1369,8.10505,8.48893,11621.3
iteration,1370,8.14878,8.48868,11629.5
iteration,1371,8.69977,8.48884,11638.2
iteration,1372,9.01336,8.48922,11647.2
iteration,1373,8.2737,8.48906,11655.5
iteration,1374,8.67149,8.48919,11664.2
iteration,1375,8.84126,8.48945,11673
iteration,1376,8.13745,8.48919,11681.1
iteration,1377,8.86621,8.48947,11690
iteration,1378,8.25479,8.4893,11698.3
iteration,1379,8.09597,8.48901,11706.3
iteration,1380,8.53439,8.48905,11714.9
iteration,1381,8.99227,8.48941,11723.9
iteration,1382,8.72569,8.48958,11732.6
iteration,1383,8.23164,8.48939,11740.8
iteration,1384,8.67492,8.48953,11749.5
iteration,1385,8.5189,8.48955,11758
iteration,1386,8.43035,8.48951,11766.5
iteration,1387,8.08761,8.48922,11774.5
iteration,1388,8.61646,8.48931,11783.2
iteration,1389,8.40181,8.48925,11791.6
iteration,1390,8.75231,8.48944,11800.3
iteration,1391,8.3781,8.48936,11808.7
iteration,1392,8.56432,8.48941,11817.3
iteration,1393,8.07076,8.48911,11825.3
iteration,1394,8.12638,8.48885,11833.5
iteration,1395,8.72499,8.48902,11842.2
iteration,1396,8.91584,8.48932,11851.1
iteration,1397,8.54246,8.48936,11859.6
iteration,1398,8.2466,8.48919,11867.9
iteration,1399,8.43309,8.48915,11876.3
iteration,1400,8.92531,8.48946,11885.2
iteration,1401,8.08539,8.48917,11893.3
iteration,1402,8.17841,8.48895,11901.5
iteration,1403,8.45302,8.48892,11910
iteration,1404,8.91606,8.48923,11918.9
iteration,1405,8.54811,8.48927,11927.4
iteration,1406,8.07209,8.48897,11935.5
iteration,1407,7.98045,8.48861,11943.5
iteration,1408,8.85765,8.48887,11952.3
iteration,1409,8.42306,8.48883,11960.8
iteration,1410,8.23754,8.48865,11969
iteration,1411,8.09668,8.48837,11977.1
iteration,1412,8.9639,8.48871,11986.1
iteration,1413,8.57365,8.48877,11994.6
iteration,1414,8.67837,8.4889,12003.3
iteration,1415,8.05095,8.48859,12011.4
iteration,1416,8.47415,8.48858,12019.8
iteration,1417,8.37426,8.4885,12028.2
iteration,1418,8.44454,8.48847,12036.7
iteration,1419,8.52157,8.48849,12045.2
iteration,1420,9.06155,8.4889,12054.2
iteration,1421,8.29766,8.48876,12062.5
iteration,1422,8.48824,8.48876,12071
iteration,1423,8.84087,8.48901,12079.9
iteration,1424,8.22339,8.48882,12088.1
iteration,1425,8.397,8.48876,12096.5
iteration,1426,8.49456,8.48876,12105
iteration,1427,9.29971,8.48933,12114.3
iteration,1428,8.29654,8.4892,12122.6
iteration,1429,8.50285,8.48921,12131.1
iteration,1430,8.06416,8.48891,12139.1
iteration,1431,8.50419,8.48892,12147.6
iteration,1432,8.63062,8.48902,12156.3
iteration,1433,8.50914,8.48903,12164.8
iteration,1434,8.38849,8.48896,12173.2
iteration,1435,8.5553,8.48901,12181.7
iteration,1436,8.88579,8.48928,12190.6
iteration,1437,8.7609,8.48947,12199.4
iteration,1438,8.09986,8.4892,12207.5
iteration,1439,8.13217,8.48895,12215.6
iteration,1440,8.56116,8.48901,12224.2
iteration,1441,8.97719,8.48934,12233.1
iteration,1442,8.49991,8.48935,12241.6
iteration,1443,8.34811,8.48925,12250
iteration,1444,8.15637,8.48902,12258.1
iteration,1445,9.11908,8.48946,12267.3
iteration,1446,8.51678,8.48948,12275.8
iteration,1447,8.00752,8.48914,12283.8
iteration,1448,8.03332,8.48883,12291.8
iteration,1449,8.96822,8.48916,12300.8
iteration,1450,9.19798,8.48965,12310
iteration,1451,8.14254,8.48941,12318.1
iteration,1452,8.11509,8.48915,12326.2
iteration,1453,8.74029,8.48933,12335
iteration,1454,8.75484,8.48951,12343.7
iteration,1455,8.2688,8.48936,12352
iteration,1456,8.0164,8.48903,12360
iteration,1457,8.79326,8.48924,12368.8
iteration,1458,8.63096,8.48934,12377.5
iteration,1459,8.72649,8.4895,12386.2
iteration,1460,8.10306,8.48924,12394.3
iteration,1461,8.36386,8.48915,12402.6
iteration,1462,8.16646,8.48893,12410.8
iteration,1463,8.78355,8.48913,12419.6
iteration,1464,8.151,8.4889,12427.7
iteration,1465,8.9678,8.48923,12436.7
iteration,1466,8.37638,8.48915,12445.1
iteration,1467,8.38606,8.48908,12453.5
iteration,1468,8.52037,8.4891,12462
iteration,1469,8.14867,8.48887,12470.1
iteration,1470,8.63417,8.48897,12478.8
iteration,1471,8.14078,8.48873,12486.9
iteration,1472,8.97277,8.48906,12495.9
iteration,1473,8.93047,8.48936,12504.8
iteration,1474,8.77402,8.48955,12513.6
iteration,1475,8.31879,8.48944,12521.9
iteration,1476,8.5227,8.48946,12530.4
iteration,1477,8.68834,8.48959,12539.1
iteration,1478,8.68115,8.48972,12547.8
iteration,1479,8.2051,8.48953,12556
iteration,1480,8.19005,8.48933,12564.2
iteration,1481,8.52076,8.48935,12572.7
iteration,1482,9.03324,8.48972,12581.8
iteration,1483,8.35802,8.48963,12590.1
iteration,1484,7.99353,8.48929,12598.1
iteration,1485,8.44441,8.48926,12606.6
iteration,1486,9.02373,8.48962,12615.6
iteration,1487,8.32801,8.48951,12623.9
iteration,1488,8.19996,8.48932,12632.1
iteration,1489,8.11826,8.48907,12640.2
iteration,1490,8.99067,8.48941,12649.2
iteration,1491,8.5642,8.48946,12657.8
iteration,1492,8.17902,8.48925,12666
iteration,1493,8.04768,8.48895,12674
iteration,1494,9.03507,8.48932,12683
iteration,1495,8.54452,8.48936,12691.6
iteration,1496,8.37522,8.48928,12700
iteration,1497,8.26486,8.48913,12708.2
iteration,1498,8.55821,8.48918,12716.8
iteration,1499,8.60131,8.48925,12725.4
iteration,1500,8.59282,8.48932,12734
iteration,1501,8.04353,8.48902,12742
iteration,1502,8.55843,8.48907,12750.6
iteration,1503,8.26533,8.48892,12758.8
iteration,1504,8.52943,8.48895,12767.4
iteration,1505,8.65563,8.48906,12776
iteration,1506,8.73644,8.48922,12784.8
iteration,1507,8.26689,8.48907,12793
iteration,1508,8.43505,8.48904,12801.5
iteration,1509,8.58624,8.4891,12810.1
iteration,1510,8.70108,8.48924,12818.8
iteration,1511,8.098,8.48898,12826.9
iteration,1512,8.16776,8.48877,12835
iteration,1513,8.40623,8.48872,12843.4
iteration,1514,8.47345,8.48871,12851.9
iteration,1515,8.50727,8.48872,12860.4
iteration,1516,8.17913,8.48852,12868.6
iteration,1517,8.54681,8.48855,12877.1
iteration,1518,8.58764,8.48862,12885.7
iteration,1519,8.58346,8.48868,12894.3
iteration,1520,7.89042,8.48829,12902.2
iteration,1521,8.17563,8.48808,12910.4
iteration,1522,8.44745,8.48806,12918.8
iteration,1523,9.12691,8.48848,12927.9
iteration,1524,8.17901,8.48827,12936.1
iteration,1525,8.2798,8.48814,12944.4
iteration,1526,8.16168,8.48792,12952.6
iteration,1527,9.14284,8.48835,12961.7
iteration,1528,8.27225,8.48821,12970
iteration,1529,7.98028,8.48788,12978
iteration,1530,8.13828,8.48765,12986.1
iteration,1531,8.801,8.48785,12994.9
iteration,1532,8.80057,8.48806,13003.7
iteration,1533,8.05504,8.48777,13011.8
iteration,1534,8.02863,8.48748,13019.8
iteration,1535,8.55611,8.48752,13028.3
iteration,1536,8.59055,8.48759,13036.9
iteration,1537,8.4924,8.48759,13045.4
iteration,1538,8.11177,8.48735,13053.5
iteration,1539,8.67227,8.48747,13062.2
iteration,1540,8.4877,8.48747,13070.7
iteration,1541,8.9076,8.48774,13079.6
iteration,1542,8.21806,8.48756,13087.8
iteration,1543,8.66711,8.48768,13096.5
iteration,1544,8.14492,8.48746,13104.6
iteration,1545,8.57812,8.48752,13113.2
iteration,1546,8.47227,8.48751,13121.7
iteration,1547,8.60474,8.48758,13130.3
iteration,1548,8.11001,8.48734,13138.4
iteration,1549,8.26013,8.48719,13146.7
iteration,1550,8.85438,8.48743,13155.5
iteration,1551,8.26491,8.48729,13163.8
iteration,1552,8.42193,8.48724,13172.2
iteration,1553,8.10073,8.48699,13180.3
iteration,1554,8.40514,8.48694,13188.7
iteration,1555,8.53437,8.48697,13197.2
iteration,1556,8.51147,8.48699,13205.8
iteration,1557,8.12329,8.48675,13213.9
iteration,1558,8.12877,8.48652,13222
iteration,1559,8.77451,8.48671,13230.8
iteration,1560,8.70197,8.48685,13239.5
iteration,1561,7.98409,8.48653,13247.5
iteration,1562,8.12477,8.48629,13255.6
iteration,1563,8.28891,8.48617,13263.9
iteration,1564,9.11699,8.48657,13273
iteration,1565,8.05511,8.4863,13281.1
iteration,1566,8.16717,8.48609,13289.2
iteration,1567,8.11229,8.48585,13297.3
iteration,1568,9.16961,8.48629,13306.5
iteration,1569,8.55989,8.48634,13315.1
iteration,1570,8.09766,8.48609,13323.2
iteration,1571,8.09619,8.48584,13331.3
iteration,1572,8.5293,8.48587,13339.8
iteration,1573,8.93557,8.48615,13348.7
iteration,1574,8.07631,8.48589,13356.8
iteration,1575,8.18443,8.4857,13365
iteration,1576,8.65403,8.48581,13373.6
iteration,1577,8.76164,8.48598,13382.4
iteration,1578,8.22466,8.48582,13390.6
iteration,1579,7.93168,8.48547,13398.6
iteration,1580,8.08078,8.48521,13406.6
iteration,1581,8.50092,8.48522,13415.1
iteration,1582,8.86403,8.48546,13424
iteration,1583,8.17626,8.48526,13432.2
iteration,1584,8.02754,8.48498,13440.2
iteration,1585,8.62219,8.48506,13448.8
iteration,1586,8.54575,8.4851,13457.4
iteration,1587,8.60641,8.48518,13466
iteration,1588,7.98974,8.48487,13474
iteration,1589,8.62932,8.48496,13482.6
iteration,1590,8.12898,8.48473,13490.7
iteration,1591,8.85055,8.48496,13499.6
iteration,1592,8.21677,8.48479,13507.8
iteration,1593,8.55617,8.48484,13516.3
iteration,1594,8.11783,8.48461,13524.5
iteration,1595,7.98676,8.4843,13532.5
iteration,1596,8.75714,8.48447,13541.2
iteration,1597,8.78718,8.48466,13550
iteration,1598,7.98673,8.48435,13558
iteration,1599,8.1662,8.48415,13566.1
iteration,1600,8.70355,8.48428,13574.9
iteration,1601,8.86252,8.48452,13583.7
iteration,1602,8.02663,8.48423,13591.7
iteration,1603,8.10898,8.484,13599.9
iteration,1604,8.07362,8.48374,13607.9
iteration,1605,9.22563,8.48421,13617.2
iteration,1606,8.33989,8.48412,13625.5
iteration,1607,8.17053,8.48392,13633.7
iteration,1608,8.14639,8.48371,13641.8
iteration,1609,9.10036,8.48409,13650.9
iteration,1610,8.27054,8.48396,13659.2
iteration,1611,7.95871,8.48364,13667.1
iteration,1612,8.153,8.48343,13675.3
iteration,1613,8.18355,8.48324,13683.5
iteration,1614,9.42887,8.48383,13692.9
iteration,1615,8.30524,8.48372,13701.2
iteration,1616,8.07241,8.48347,13709.3
iteration,1617,8.1882,8.48328,13717.5
iteration,1618,8.69384,8.48341,13726.2
iteration,1619,8.56297,8.48346,13734.7
iteration,1620,8.09839,8.48322,13742.8
iteration,1621,8.17393,8.48303,13751
iteration,1622,8.53088,8.48306,13759.5
iteration,1623,8.79139,8.48325,13768.3
iteration,1624,8.21995,8.48309,13776.5
iteration,1625,7.9877,8.48279,13784.5
iteration,1626,8.57641,8.48284,13793.1
iteration,1627,8.00202,8.48255,13801.1
iteration,1628,8.85262,8.48278,13810
iteration,1629,8.29637,8.48266,13818.3
iteration,1630,8.67319,8.48278,13826.9
iteration,1631,8.12119,8.48256,13835
iteration,1632,8.71046,8.4827,13843.8
iteration,1633,8.17643,8.48251,13851.9
iteration,1634,8.44229,8.48248,13860.4
iteration,1635,8.03324,8.48221,13868.4
iteration,1636,8.19933,8.48204,13876.6
iteration,1637,8.95436,8.48232,13885.6
iteration,1638,8.26018,8.48219,13893.8
iteration,1639,8.46311,8.48218,13902.3
iteration,1640,8.23179,8.48202,13910.5
iteration,1641,7.99822,8.48173,13918.5
iteration,1642,8.84517,8.48195,13927.4
iteration,1643,8.52618,8.48198,13935.9
iteration,1644,8.12727,8.48176,13944
iteration,1645,8.05757,8.4815,13952.1
iteration,1646,8.84486,8.48173,13960.9
iteration,1647,8.62042,8.48181,13969.5
iteration,1648,8.06008,8.48155,13977.6
iteration,1649,8.09512,8.48132,13985.7
iteration,1650,8.23156,8.48117,13993.9
iteration,1651,9.18095,8.48159,14003.1
iteration,1652,8.3839,8.48153,14011.5
iteration,1653,8.14563,8.48133,14019.6
iteration,1654,8.23478,8.48118,14027.9
iteration,1655,9.07669,8.48154,14036.9
iteration,1656,8.44882,8.48152,14045.4
iteration,1657,8.00725,8.48123,14053.4
iteration,1658,8.11971,8.48102,14061.5
iteration,1659,8.71527,8.48116,14070.2
iteration,1660,8.78457,8.48134,14079
iteration,1661,8.28763,8.48122,14087.3
iteration,1662,8.14827,8.48102,14095.5
iteration,1663,8.20812,8.48086,14103.7
iteration,1664,8.64607,8.48096,14112.3
iteration,1665,8.79167,8.48114,14121.1
iteration,1666,8.21135,8.48098,14129.3
iteration,1667,8.11299,8.48076,14137.4
iteration,1668,8.61895,8.48084,14146
iteration,1669,8.85,8.48107,14154.9
iteration,1670,8.32657,8.48097,14163.2
iteration,1671,8.15758,8.48078,14171.4
iteration,1672,8.71032,8.48092,14180.1
iteration,1673,8.4023,8.48087,14188.5
iteration,1674,8.65011,8.48097,14197.1
iteration,1675,8.09533,8.48074,14205.2
iteration,1676,8.70701,8.48088,14213.9
iteration,1677,7.97501,8.48057,14221.9
iteration,1678,8.94269,8.48085,14230.9
iteration,1679,8.41841,8.48081,14239.3
iteration,1680,8.74342,8.48097,14248
iteration,1681,8.22488,8.48082,14256.3
iteration,1682,8.42452,8.48078,14264.7
iteration,1683,8.62806,8.48087,14273.3
iteration,1684,8.77041,8.48104,14282.1
iteration,1685,8.19893,8.48088,14290.3
iteration,1686,8.0446,8.48062,14298.3
iteration,1687,8.47953,8.48062,14306.8
iteration,1688,8.89288,8.48086,14315.7
iteration,1689,8.15213,8.48067,14323.8
iteration,1690,8.09409,8.48044,14331.9
iteration,1691,8.41706,8.4804,14340.4
iteration,1692,8.92586,8.48066,14349.3
iteration,1693,8.15041,8.48047,14357.4
iteration,1694,8.11356,8.48025,14365.5
iteration,1695,8.10018,8.48003,14373.6
iteration,1696,8.50287,8.48004,14382.1
iteration,1697,8.77282,8.48021,14390.9
iteration,1698,8.37639,8.48015,14399.3
iteration,1699,8.21152,8.47999,14407.5
iteration,1700,8.45911,8.47998,14416
iteration,1701,9.07123,8.48033,14425
iteration,1702,8.16748,8.48014,14433.2
iteration,1703,8.13544,8.47994,14441.3
iteration,1704,8.03681,8.47968,14449.4
iteration,1705,8.93815,8.47995,14458.3
iteration,1706,8.475,8.47995,14466.8
iteration,1707,8.29821,8.47984,14475.1
iteration,1708,8.08709,8.47961,14483.2
iteration,1709,8.57961,8.47967,14491.8
iteration,1710,8.45968,8.47966,14500.2
iteration,1711,8.58662,8.47972,14508.8
iteration,1712,8.25855,8.47959,14517.1
iteration,1713,8.59108,8.47966,14525.7
iteration,1714,8.48983,8.47966,14534.1
iteration,1715,8.58394,8.47972,14542.7
iteration,1716,8.33598,8.47964,14551.1
iteration,1717,8.60388,8.47971,14559.7
iteration,1718,8.0312,8.47945,14567.7
iteration,1719,8.42681,8.47942,14576.1
iteration,1720,8.62198,8.4795,14584.7
iteration,1721,8.56855,8.47956,14593.3
iteration,1722,8.27862,8.47944,14601.6
iteration,1723,8.44145,8.47942,14610
iteration,1724,8.63703,8.47951,14618.7
iteration,1725,8.65348,8.47961,14627.3
iteration,1726,8.17941,8.47944,14635.5
iteration,1727,8.10383,8.47922,14643.6
iteration,1728,8.36894,8.47915,14652
iteration,1729,8.49964,8.47917,14660.5
iteration,1730,8.62885,8.47925,14669.1
iteration,1731,8.13782,8.47905,14677.2
iteration,1732,8.12433,8.47885,14685.4
iteration,1733,8.48843,8.47886,14693.9
iteration,1734,8.94213,8.47912,14702.8
iteration,1735,8.30662,8.47902,14711.1
iteration,1736,8.03113,8.47877,14719.1
iteration,1737,8.55012,8.47881,14727.7
iteration,1738,8.60799,8.47888,14736.3
iteration,1739,8.47674,8.47888,14744.8
iteration,1740,8.16224,8.4787,14752.9
iteration,1741,8.17572,8.47852,14761.1
iteration,1742,8.91657,8.47878,14770
iteration,1743,8.58275,8.47883,14778.6
iteration,1744,8.07308,8.4786,14786.7
iteration,1745,7.95578,8.4783,14794.6
iteration,1746,8.81929,8.4785,14803.5
iteration,1747,8.51057,8.47852,14812
iteration,1748,8.23903,8.47838,14820.2
iteration,1749,8.09189,8.47816,14828.3
iteration,1750,8.56527,8.47821,14836.9
iteration,1751,8.41043,8.47817,14845.3
iteration,1752,8.49048,8.47818,14853.8
iteration,1753,8.06695,8.47794,14861.8
iteration,1754,8.67371,8.47805,14870.5
iteration,1755,8.16516,8.47787,14878.7
iteration,1756,8.42795,8.47785,14887.1
iteration,1757,8.61528,8.47792,14895.7
iteration,1758,8.13189,8.47773,14903.8
iteration,1759,8.57219,8.47778,14912.4
iteration,1760,8.46448,8.47777,14920.9
iteration,1761,8.41767,8.47774,14929.3
iteration,1762,8.18889,8.47758,14937.5
iteration,1763,8.72908,8.47772,14946.2
iteration,1764,8.08846,8.4775,14954.3
iteration,1765,8.41745,8.47746,14962.7
iteration,1766,8.47247,8.47746,14971.2
iteration,1767,8.62956,8.47755,14979.8
iteration,1768,8.05009,8.47731,14987.9
iteration,1769,8.38711,8.47725,14996.3
iteration,1770,8.5499,8.4773,15004.8
iteration,1771,8.77445,8.47746,15013.6
iteration,1772,8.06439,8.47723,15021.7
iteration,1773,7.98765,8.47695,15029.6
iteration,1774,8.36338,8.47689,15038
iteration,1775,8.88441,8.47712,15046.9
iteration,1776,8.12143,8.47692,15055
iteration,1777,8.11642,8.47672,15063.1
iteration,1778,8.28186,8.47661,15071.4
iteration,1779,8.96652,8.47688,15080.4
iteration,1780,8.61715,8.47696,15089
iteration,1781,8.11534,8.47676,15097.1
iteration,1782,7.92993,8.47645,15105
iteration,1783,8.96709,8.47673,15114
iteration,1784,8.78766,8.4769,15122.8
iteration,1785,8.1245,8.4767,15130.9
iteration,1786,8.15037,8.47652,15139.1
iteration,1787,8.05059,8.47628,15147.1
iteration,1788,8.96668,8.47656,15156.1
iteration,1789,8.61398,8.47663,15164.7
iteration,1790,8.19218,8.47647,15172.9
iteration,1791,8.04188,8.47623,15180.9
iteration,1792,8.87378,8.47645,15189.8
iteration,1793,8.4729,8.47645,15198.3
iteration,1794,8.17782,8.47628,15206.5
iteration,1795,8.1601,8.47611,15214.6
iteration,1796,8.55279,8.47615,15223.2
iteration,1797,8.49525,8.47616,15231.7
iteration,1798,8.35344,8.47609,15240
iteration,1799,8.03328,8.47585,15248.1
iteration,1800,8.6226,8.47593,15256.7
iteration,1801,8.10665,8.47572,15264.8
iteration,1802,8.48633,8.47573,15273.3
iteration,1803,8.48269,8.47573,15281.7
iteration,1804,8.62554,8.47582,15290.4
iteration,1805,7.97873,8.47554,15298.4
iteration,1806,8.38355,8.47549,15306.7
iteration,1807,8.51402,8.47551,15315.3
iteration,1808,8.53462,8.47554,15323.8
iteration,1809,8.01746,8.47529,15331.8
iteration,1810,8.14826,8.47511,15340
iteration,1811,8.5242,8.47514,15348.5
iteration,1812,8.44083,8.47512,15356.9
iteration,1813,8.62031,8.4752,15365.5
iteration,1814,7.92732,8.4749,15373.5
iteration,1815,8.41713,8.47487,15381.9
iteration,1816,8.6476,8.47496,15390.5
iteration,1817,8.77525,8.47513,15399.3
iteration,1818,2.51832,8.47185,15401.8
summary,1818,2.51832,8.47185,15401.8
iteration,1,17.4434,17.4434,17.4434
iteration,2,17.6863,17.5649,35.1298
iteration,3,12.5939,15.9079,47.7237
iteration,4,17.2253,16.2372,64.949
iteration,5,12.6709,15.524,77.6199
iteration,6,13.3547,15.1624,90.9745
iteration,7,12.9126,14.841,103.887
iteration,8,12.643,14.5663,116.53
iteration,9,12.0048,14.2817,128.535
iteration,10,12.4357,14.0971,140.971
iteration,11,11.0337,13.8186,152.004
iteration,12,11.7152,13.6433,163.719
iteration,13,11.4959,13.4781,175.215
iteration,14,11.1025,13.3084,186.318
iteration,15,10.1794,13.0998,196.497
iteration,16,10.3503,12.928,206.848
iteration,17,11.7424,12.8582,218.59
iteration,18,11.68,12.7928,230.27
iteration,19,10.5988,12.6773,240.869
iteration,20,11.8409,12.6355,252.71
iteration,21,11.4883,12.5809,264.198
iteration,22,11.3593,12.5253,275.557
iteration,23,11.2499,12.4699,286.807
iteration,24,11.6493,12.4357,298.456
iteration,25,11.916,12.4149,310.372
iteration,26,10.7168,12.3496,321.089
iteration,27,11.224,12.3079,332.313
iteration,28,10.9986,12.2611,343.312
iteration,29,11.5135,12.2354,354.825
iteration,30,10.5819,12.1802,365.407
iteration,31,11.2414,12.15,376.649
iteration,32,11.0544,12.1157,387.703
iteration,33,10.5386,12.0679,398.242
iteration,34,10.3813,12.0183,408.623
iteration,35,12.0723,12.0199,420.695
iteration,36,11.4084,12.0029,432.104
iteration,37,11.0597,11.9774,443.163
iteration,38,12.0445,11.9792,455.208
iteration,39,12.2569,11.9863,467.465
iteration,40,11.0328,11.9624,478.498
iteration,41,11.0627,11.9405,489.56
iteration,42,12.9968,11.9656,502.557
iteration,43,10.8371,11.9394,513.394
iteration,44,10.969,11.9173,524.363
iteration,45,11.732,11.9132,536.095
iteration,46,11.615,11.9067,547.71
iteration,47,11.4246,11.8965,559.135
iteration,48,11.5447,11.8892,570.679
iteration,49,11.4937,11.8811,582.173
iteration,50,11.4354,11.8722,593.609
iteration,51,11.5198,11.8653,605.128
iteration,52,11.935,11.8666,617.063
iteration,53,11.9827,11.8688,629.046
iteration,54,11.8671,11.8688,640.913
iteration,55,12.1535,11.8739,653.067
iteration,56,10.9685,11.8578,664.035
iteration,57,10.8447,11.84,674.88
iteration,58,11.0493,11.8264,685.929
iteration,59,12.1249,11.8314,698.054
iteration,60,11.2072,11.821,709.261
iteration,61,10.6807,11.8023,719.942
iteration,62,12.4288,11.8124,732.371
iteration,63,11.0392,11.8002,743.41
iteration,64,12.0886,11.8047,755.499
iteration,65,11.5616,11.8009,767.06
iteration,66,11.2083,11.7919,778.268
iteration,67,11.5536,11.7884,789.822
iteration,68,11.1492,11.779,800.971
iteration,69,11.3869,11.7733,812.358
iteration,70,12.2866,11.7806,824.645
iteration,71,11.39,11.7751,836.035
iteration,72,11.9574,11.7777,847.992
iteration,73,11.4272,11.7729,859.419
iteration,74,12.0866,11.7771,871.506
iteration,75,11.8296,11.7778,883.336
iteration,76,12.9414,11.7931,896.277
iteration,77,11.5759,11.7903,907.853
iteration,78,11.6994,11.7891,919.552
iteration,79,12.2517,11.795,931.804
iteration,80,11.9795,11.7973,943.784
iteration,81,12.4074,11.8048,956.191
iteration,82,12.4229,11.8124,968.614
iteration,83,11.9583,11.8141,980.572
iteration,84,10.9797,11.8042,991.552
iteration,85,11.3863,11.7993,1002.94
iteration,86,12.0108,11.8017,1014.95
iteration,87,11.064,11.7933,1026.01
iteration,88,11.4311,11.7891,1037.44
iteration,89,11.7472,11.7887,1049.19
iteration,90,12.3272,11.7947,1061.52
iteration,91,10.7783,11.7835,1072.3
iteration,92,12.353,11.7897,1084.65
iteration,93,11.37,11.7852,1096.02
iteration,94,10.8338,11.775,1106.85
iteration,95,11.4545,11.7717,1118.31
iteration,96,11.3026,11.7668,1129.61
iteration,97,11.5428,11.7645,1141.15
iteration,98,11.9693,11.7666,1153.12
iteration,99,11.4995,11.7639,1164.62
iteration,100,11.7046,11.7633,1176.33
iteration,101,11.5888,11.7615,1187.92
iteration,102,11.8364,11.7623,1199.75
iteration,103,11.6848,11.7615,1211.44
iteration,104,10.5074,11.7495,1221.94
iteration,105,11.2614,11.7448,1233.21
iteration,106,10.912,11.737,1244.12
iteration,107,10.539,11.7258,1254.66
iteration,108,11.2938,11.7218,1265.95
iteration,109,12.75,11.7312,1278.7
iteration,110,10.2435,11.7177,1288.94
iteration,111,10.5314,11.707,1299.48
iteration,112,12.3172,11.7124,1311.79
iteration,113,11.391,11.7096,1323.18
iteration,114,11.3348,11.7063,1334.52
iteration,115,10.7034,11.6976,1345.22
iteration,116,11.4069,11.6951,1356.63
iteration,117,10.2333,11.6826,1366.86
iteration,118,11.1193,11.6778,1377.98
iteration,119,10.2158,11.6655,1388.2
iteration,120,11.4212,11.6635,1399.62
iteration,121,10.5896,11.6546,1410.21
iteration,122,10.8435,11.648,1421.05
iteration,123,10.7031,11.6403,1431.75
iteration,124,10.0798,11.6277,1441.83
iteration,125,10.513,11.6188,1452.35
iteration,126,11.2458,11.6158,1463.59
iteration,127,11.4174,11.6143,1475.01
iteration,128,10.7737,11.6077,1485.78
iteration,129,9.95714,11.5949,1495.74
iteration,130,11.2227,11.592,1506.96
iteration,131,10.2707,11.5819,1517.23
iteration,132,11.4389,11.5809,1528.67
iteration,133,10.3995,11.572,1539.07
iteration,134,10.903,11.567,1549.98
iteration,135,10.4908,11.559,1560.47
iteration,136,10.9055,11.5542,1571.37
iteration,137,10.6542,11.5476,1582.03
iteration,138,12.7428,11.5563,1594.77
iteration,139,10.348,11.5476,1605.12
iteration,140,10.3109,11.5388,1615.43
iteration,141,11.4915,11.5384,1626.92
iteration,142,10.4655,11.5309,1637.39
iteration,143,10.3452,11.5226,1647.73
iteration,144,10.5038,11.5155,1658.23
iteration,145,11.5375,11.5157,1669.77
iteration,146,11.2807,11.5141,1681.05
iteration,147,10.2753,11.5056,1691.33
iteration,148,12.2721,11.5108,1703.6
iteration,149,10.2985,11.5027,1713.9
iteration,150,11.321,11.5015,1725.22
iteration,151,11.2706,11.4999,1736.49
iteration,152,11.0511,11.497,1747.54
iteration,153,10.847,11.4927,1758.39
iteration,154,10.6816,11.4875,1769.07
iteration,155,10.8666,11.4835,1779.94
iteration,156,12.2444,11.4883,1792.18
iteration,157,11.4971,11.4884,1803.68
iteration,158,10.4654,11.4819,1814.14
iteration,159,10.8055,11.4777,1824.95
iteration,160,10.3325,11.4705,1835.28
iteration,161,11.2005,11.4688,1846.48
iteration,162,11.1377,11.4668,1857.62
iteration,163,11.4649,11.4668,1869.08
iteration,164,11.545,11.4673,1880.63
iteration,165,11.0912,11.465,1891.72
iteration,166,10.9848,11.4621,1902.71
iteration,167,11.5264,11.4625,1914.23
iteration,168,11.4708,11.4625,1925.7
iteration,169,10.4996,11.4568,1936.2
iteration,170,11.977,11.4599,1948.18
iteration,171,10.411,11.4537,1958.59
iteration,172,10.7572,11.4497,1969.35
iteration,173,11.0954,11.4476,1980.44
iteration,174,11.0654,11.4454,1991.51
iteration,175,11.2328,11.4442,2002.74
iteration,176,10.1403,11.4368,2012.88
iteration,177,11.8892,11.4394,2024.77
iteration,178,10.458,11.4339,2035.23
iteration,179,10.5956,11.4292,2045.82
iteration,180,13.1928,11.439,2059.02
iteration,181,11.6613,11.4402,2070.68
iteration,182,11.1147,11.4384,2081.79
iteration,183,10.7936,11.4349,2092.59
iteration,184,10.8723,11.4318,2103.46
iteration,185,10.3037,11.4257,2113.76
iteration,186,11.572,11.4265,2125.33
iteration,187,10.8147,11.4233,2136.15
iteration,188,10.5466,11.4186,2146.7
iteration,189,10.784,11.4152,2157.48
iteration,190,10.395,11.4099,2167.87
iteration,191,10.6216,11.4057,2178.5
iteration,192,11.7926,11.4078,2190.29
iteration,193,10.8604,11.4049,2201.15
iteration,194,10.1029,11.3982,2211.25
iteration,195,11.3043,11.3977,2222.56
iteration,196,11.2765,11.3971,2233.83
iteration,197,10.3117,11.3916,2244.14
iteration,198,11.3642,11.3915,2255.51
iteration,199,11.5735,11.3924,2267.08
iteration,200,10.4345,11.3876,2277.52
iteration,201,11.0904,11.3861,2288.61
iteration,202,11.3253,11.3858,2299.93
iteration,203,10.2196,11.3801,2310.15
iteration,204,11.3154,11.3797,2321.47
iteration,205,11.2074,11.3789,2332.67
iteration,206,11.3497,11.3788,2344.02
iteration,207,10.9372,11.3766,2354.96
iteration,208,10.1623,11.3708,2365.12
iteration,209,12.2329,11.3749,2377.36
iteration,210,11.4762,11.3754,2388.83
iteration,211,10.6726,11.3721,2399.51
iteration,212,11.1189,11.3709,2410.62
iteration,213,10.9831,11.3691,2421.61
iteration,214,10.386,11.3645,2431.99
iteration,215,11.0139,11.3628,2443.01
iteration,216,12.0002,11.3658,2455.01
iteration,217,10.7855,11.3631,2465.79
iteration,218,11.2905,11.3628,2477.08
iteration,219,10.7476,11.36,2487.83
iteration,220,10.8311,11.3576,2498.66
iteration,221,10.129,11.352,2508.79
iteration,222,11.528,11.3528,2520.32
iteration,223,11.1126,11.3517,2531.43
iteration,224,10.5933,11.3483,2542.03
iteration,225,11.3039,11.3481,2553.33
iteration,226,10.4445,11.3441,2563.77
iteration,227,11.1319,11.3432,2574.91
iteration,228,11.6959,11.3447,2586.6
iteration,229,10.1126,11.3394,2596.71
iteration,230,10.3471,11.335,2607.06
iteration,231,11.6186,11.3363,2618.68
iteration,232,10.5909,11.3331,2629.27
iteration,233,10.3055,11.3287,2639.58
iteration,234,10.9365,11.327,2650.51
iteration,235,11.3249,11.327,2661.84
iteration,236,10.4963,11.3234,2672.33
iteration,237,10.531,11.3201,2682.86
iteration,238,11.8971,11.3225,2694.76
iteration,239,10.4209,11.3188,2705.18
iteration,240,11.9041,11.3212,2717.09
iteration,241,11.484,11.3219,2728.57
iteration,242,11.9627,11.3245,2740.53
iteration,243,10.3036,11.3203,2750.84
iteration,244,11.3167,11.3203,2762.15
iteration,245,11.5636,11.3213,2773.72
iteration,246,11.0241,11.3201,2784.74
iteration,247,10.9004,11.3184,2795.64
iteration,248,11.5382,11.3193,2807.18
iteration,249,10.746,11.317,2817.93
iteration,250,10.5204,11.3138,2828.45
iteration,251,11.0335,11.3127,2839.48
iteration,252,12.0624,11.3156,2851.54
iteration,253,10.4105,11.3121,2861.95
iteration,254,11.4365,11.3126,2873.39
iteration,255,11.9916,11.3152,2885.38
iteration,256,11.1656,11.3146,2896.55
iteration,257,12.5144,11.3193,2909.06
iteration,258,10.9612,11.3179,2920.02
iteration,259,10.8263,11.316,2930.85
iteration,260,10.7083,11.3137,2941.56
iteration,261,10.3776,11.3101,2951.93
iteration,262,10.8127,11.3082,2962.75
iteration,263,12.079,11.3111,2974.83
iteration,264,11.4026,11.3115,2986.23
iteration,265,10.9987,11.3103,2997.23
iteration,266,11.4474,11.3108,3008.67
iteration,267,10.6015,11.3082,3019.28
iteration,268,10.5212,11.3052,3029.8
iteration,269,12.2917,11.3089,3042.09
iteration,270,10.9811,11.3077,3053.07
iteration,271,10.6686,11.3053,3063.74
iteration,272,10.9914,11.3042,3074.73
iteration,273,12.2834,11.3077,3087.01
iteration,274,11.4681,11.3083,3098.48
iteration,275,11.0343,11.3073,3109.52
iteration,276,11.5026,11.308,3121.02
iteration,277,10.5958,11.3055,3131.61
iteration,278,10.266,11.3017,3141.88
iteration,279,11.2424,11.3015,3153.12
iteration,280,11.5918,11.3026,3164.71
iteration,281,10.996,11.3015,3175.71
iteration,282,10.6792,11.2993,3186.39
iteration,283,10.5658,11.2967,3196.96
iteration,284,11.1824,11.2963,3208.14
iteration,285,10.7591,11.2944,3218.9
iteration,286,10.7308,11.2924,3229.63
iteration,287,11.7152,11.2939,3241.34
iteration,288,10.6161,11.2915,3251.96
iteration,289,11.2634,11.2914,3263.22
iteration,290,3.40461,11.2642,3266.63
summary,290,3.40461,11.2642,3266.63
iteration,1,9.73165,9.73165,9.73165
iteration,2,4.83645,7.28405,14.5681
iteration,3,5.8893,6.81913,20.4574
iteration,4,5.81419,6.5679,26.2716
iteration,5,9.7099,7.1963,35.9815
iteration,6,9.0717,7.50887,45.0532
iteration,7,10.437,7.92716,55.4901
iteration,8,9.50482,8.12437,64.995
iteration,9,7.98812,8.10923,72.9831
iteration,10,7.01988,8.0003,80.003
iteration,11,6.71034,7.88303,86.7133
iteration,12,6.97388,7.80727,93.6872
iteration,13,6.65899,7.71894,100.346
iteration,14,7.41561,7.69727,107.762
iteration,15,5.856,7.57452,113.618
iteration,16,7.07849,7.54352,120.696
iteration,17,7.22885,7.52501,127.925
iteration,18,6.18537,7.45058,134.11
iteration,19,6.76905,7.41471,140.88
iteration,20,7.30859,7.40941,148.188
iteration,21,7.50701,7.41405,155.695
iteration,22,7.04117,7.39711,162.736
iteration,23,7.42691,7.3984,170.163
iteration,24,7.17012,7.38889,177.333
iteration,25,7.53421,7.3947,184.868
iteration,26,7.2151,7.38779,192.083
iteration,27,6.64119,7.36014,198.724
iteration,28,7.45037,7.36336,206.174
iteration,29,7.49048,7.36775,213.665
iteration,30,6.12821,7.32643,219.793
iteration,31,7.82132,7.34239,227.614
iteration,32,7.67669,7.35284,235.291
iteration,33,6.97403,7.34136,242.265
iteration,34,6.82017,7.32603,249.085
iteration,35,8.10137,7.34818,257.186
iteration,36,7.39185,7.3494,264.578
iteration,37,7.68878,7.35857,272.267
iteration,38,7.44496,7.36084,279.712
iteration,39,7.05531,7.35301,286.767
iteration,40,7.74266,7.36275,294.51
iteration,41,7.14196,7.35737,301.652
iteration,42,7.8088,7.36811,309.461
iteration,43,6.65894,7.35162,316.12
iteration,44,8.04256,7.36732,324.162
iteration,45,7.01911,7.35959,331.181
iteration,46,8.04587,7.37451,339.227
iteration,47,7.93064,7.38634,347.158
iteration,48,7.45687,7.38781,354.615
iteration,49,7.24794,7.38495,361.863
iteration,50,7.4986,7.38723,369.361
iteration,51,7.00686,7.37977,376.368
iteration,52,8.16877,7.39494,384.537
iteration,53,8.09869,7.40822,392.636
iteration,54,7.01373,7.40091,399.649
iteration,55,7.37917,7.40052,407.029
iteration,56,7.47974,7.40193,414.508
iteration,57,7.3318,7.4007,421.84
iteration,58,8.96032,7.42759,430.8
iteration,59,8.12671,7.43944,438.927
iteration,60,8.66757,7.45991,447.595
iteration,61,7.57491,7.4618,455.17
iteration,62,8.19537,7.47363,463.365
iteration,63,7.79083,7.47866,471.156
iteration,64,7.99384,7.48671,479.15
iteration,65,8.03676,7.49518,487.186
iteration,66,7.52072,7.49556,494.707
iteration,67,8.64231,7.51268,503.349
iteration,68,8.28386,7.52402,511.633
iteration,69,7.57632,7.52478,519.21
iteration,70,8.26492,7.53535,527.475
iteration,71,8.00458,7.54196,535.479
iteration,72,8.04763,7.54898,543.527
iteration,73,7.96435,7.55467,551.491
iteration,74,7.99357,7.5606,559.485
iteration,75,8.12074,7.56807,567.605
iteration,76,8.01348,7.57393,575.619
iteration,77,8.40203,7.58469,584.021
iteration,78,7.70721,7.58626,591.728
iteration,79,8.00428,7.59155,599.732
iteration,80,7.87397,7.59508,607.606
iteration,81,7.75775,7.59709,615.364
iteration,82,8.4807,7.60786,623.845
iteration,83,6.66333,7.59648,630.508
iteration,84,8.28647,7.6047,638.795
iteration,85,7.85467,7.60764,646.649
iteration,86,7.68525,7.60854,654.335
iteration,87,8.83881,7.62268,663.173
iteration,88,8.09841,7.62809,671.272
iteration,89,7.32287,7.62466,678.595
iteration,90,8.80693,7.6378,687.402
iteration,91,8.83236,7.65092,696.234
iteration,92,8.40131,7.65908,704.635
iteration,93,8.44297,7.66751,713.078
iteration,94,8.56064,7.67701,721.639
iteration,95,7.87804,7.67912,729.517
iteration,96,8.21632,7.68472,737.733
iteration,97,8.70672,7.69526,746.44
iteration,98,8.30268,7.70146,754.743
iteration,99,8.86896,7.71325,763.612
iteration,100,10.0351,7.73647,773.647
iteration,101,8.34331,7.74247,781.99
iteration,102,8.19109,7.74687,790.181
iteration,103,7.59091,7.74536,797.772
iteration,104,7.50174,7.74302,805.274
iteration,105,8.20331,7.7474,813.477
iteration,106,7.37163,7.74385,820.849
iteration,107,8.01606,7.7464,828.865
iteration,108,7.39972,7.74319,836.264
iteration,109,7.26084,7.73876,843.525
iteration,110,7.83046,7.7396,851.356
iteration,111,7.36664,7.73624,858.722
iteration,112,7.86955,7.73743,866.592
iteration,113,7.35127,7.73401,873.943
iteration,114,7.22794,7.72957,881.171
iteration,115,7.25756,7.72547,888.429
iteration,116,7.84832,7.72653,896.277
iteration,117,7.62727,7.72568,903.904
iteration,118,7.16082,7.72089,911.065
iteration,119,7.18592,7.71639,918.251
iteration,120,7.54329,7.71495,925.794
iteration,121,8.47795,7.72126,934.272
iteration,122,7.72792,7.72131,942
iteration,123,7.33548,7.71818,949.336
iteration,124,7.41947,7.71577,956.755
iteration,125,7.93646,7.71753,964.692
iteration,126,7.69868,7.71738,972.39
iteration,127,7.34029,7.71441,979.731
iteration,128,7.82808,7.7153,987.559
iteration,129,6.78494,7.70809,994.344
iteration,130,7.57552,7.70707,1001.92
iteration,131,8.72287,7.71482,1010.64
iteration,132,7.46422,7.71293,1018.11
iteration,133,7.34798,7.71018,1025.45
iteration,134,7.04652,7.70523,1032.5
iteration,135,7.79522,7.7059,1040.3
iteration,136,8.12194,7.70895,1048.42
iteration,137,7.18752,7.70515,1055.61
iteration,138,7.15605,7.70117,1062.76
iteration,139,6.98035,7.69598,1069.74
iteration,140,7.99334,7.69811,1077.74
iteration,141,7.62415,7.69758,1085.36
iteration,142,7.16654,7.69384,1092.53
iteration,143,6.86257,7.68803,1099.39
iteration,144,7.04342,7.68355,1106.43
iteration,145,7.55506,7.68267,1113.99
iteration,146,7.31732,7.68017,1121.3
iteration,147,7.32013,7.67772,1128.62
iteration,148,7.5015,7.67653,1136.13
iteration,149,6.94212,7.6716,1143.07
iteration,150,8.55826,7.67751,1151.63
iteration,151,7.35261,7.67536,1158.98
iteration,152,7.3625,7.6733,1166.34
iteration,153,7.09534,7.66952,1173.44
iteration,154,6.78185,7.66376,1180.22
iteration,155,7.63401,7.66356,1187.85
iteration,156,7.23186,7.6608,1195.08
iteration,157,7.6322,7.66061,1202.72
iteration,158,7.5388,7.65984,1210.26
iteration,159,7.40005,7.65821,1217.66
iteration,160,7.23447,7.65556,1224.89
iteration,161,7.02015,7.65161,1231.91
iteration,162,7.66557,7.6517,1239.58
iteration,163,7.59288,7.65134,1247.17
iteration,164,7.49676,7.6504,1254.67
iteration,165,7.31746,7.64838,1261.98
iteration,166,7.02053,7.6446,1269
iteration,167,7.08337,7.64124,1276.09
iteration,168,7.66714,7.64139,1283.75
iteration,169,7.99999,7.64351,1291.75
iteration,170,6.72856,7.63813,1298.48
iteration,171,7.17705,7.63543,1305.66
iteration,172,7.03831,7.63196,1312.7
iteration,173,7.697,7.63234,1320.39
iteration,174,7.31477,7.63051,1327.71
iteration,175,6.89151,7.62629,1334.6
iteration,176,7.15577,7.62362,1341.76
iteration,177,7.36683,7.62217,1349.12
iteration,178,7.81377,7.62324,1356.94
iteration,179,7.49016,7.6225,1364.43
iteration,180,6.79856,7.61792,1371.23
iteration,181,6.91582,7.61404,1378.14
iteration,182,7.1726,7.61162,1385.31
iteration,183,7.02769,7.60843,1392.34
iteration,184,7.61085,7.60844,1399.95
iteration,185,7.58864,7.60833,1407.54
iteration,186,7.89057,7.60985,1415.43
iteration,187,7.01778,7.60668,1422.45
iteration,188,7.33853,7.60526,1429.79
iteration,189,7.09325,7.60255,1436.88
iteration,190,7.30294,7.60097,1444.18
iteration,191,6.69305,7.59622,1450.88
iteration,192,6.55827,7.59081,1457.44
iteration,193,6.96474,7.58757,1464.4
iteration,194,7.32593,7.58622,1471.73
iteration,195,7.04328,7.58344,1478.77
iteration,196,6.9549,7.58023,1485.72
iteration,197,6.65014,7.57551,1492.37
iteration,198,6.90675,7.57213,1499.28
iteration,199,6.79347,7.56822,1506.08
iteration,200,6.82187,7.56448,1512.9
iteration,201,6.91973,7.56128,1519.82
iteration,202,7.61759,7.56156,1527.43
iteration,203,6.69201,7.55727,1534.13
iteration,204,8.43182,7.56156,1542.56
iteration,205,7.74687,7.56246,1550.3
iteration,206,7.12812,7.56035,1557.43
iteration,207,7.07829,7.55803,1564.51
iteration,208,7.77123,7.55905,1572.28
iteration,209,6.92886,7.55604,1579.21
iteration,210,7.10999,7.55391,1586.32
iteration,211,7.82018,7.55517,1594.14
iteration,212,7.19535,7.55348,1601.34
iteration,213,8.2646,7.55682,1609.6
iteration,214,7.02752,7.55434,1616.63
iteration,215,7.2221,7.5528,1623.85
iteration,216,7.14478,7.55091,1631
iteration,217,7.90832,7.55255,1638.9
iteration,218,7.60436,7.55279,1646.51
iteration,219,7.08091,7.55064,1653.59
iteration,220,6.76207,7.54705,1660.35
iteration,221,7.18914,7.54543,1667.54
iteration,222,7.53146,7.54537,1675.07
iteration,223,7.67926,7.54597,1682.75
iteration,224,7.03761,7.5437,1689.79
iteration,225,6.52288,7.53916,1696.31
iteration,226,7.2947,7.53808,1703.61
iteration,227,7.76988,7.5391,1711.38
iteration,228,7.27648,7.53795,1718.65
iteration,229,7.12866,7.53616,1725.78
iteration,230,6.91301,7.53346,1732.69
iteration,231,6.76176,7.53011,1739.46
iteration,232,8.36021,7.53369,1747.82
iteration,233,6.98773,7.53135,1754.8
iteration,234,6.98783,7.52903,1761.79
iteration,235,6.93208,7.52649,1768.72
iteration,236,7.17797,7.52501,1775.9
iteration,237,7.41192,7.52453,1783.31
iteration,238,7.05,7.52254,1790.36
iteration,239,7.74679,7.52348,1798.11
iteration,240,6.90762,7.52091,1805.02
iteration,241,7.51105,7.52087,1812.53
iteration,242,7.58129,7.52112,1820.11
iteration,243,7.49172,7.521,1827.6
iteration,244,6.86016,7.51829,1834.46
iteration,245,7.48033,7.51814,1841.94
iteration,246,6.98679,7.51598,1848.93
iteration,247,7.40092,7.51551,1856.33
iteration,248,7.65242,7.51606,1863.98
iteration,249,7.58193,7.51633,1871.57
iteration,250,7.48411,7.5162,1879.05
iteration,251,6.99163,7.51411,1886.04
iteration,252,7.68738,7.5148,1893.73
iteration,253,7.02079,7.51284,1900.75
iteration,254,7.62974,7.5133,1908.38
iteration,255,7.14506,7.51186,1915.52
iteration,256,7.75144,7.51279,1923.28
iteration,257,7.28432,7.51191,1930.56
iteration,258,7.83026,7.51314,1938.39
iteration,259,8.37804,7.51648,1946.77
iteration,260,6.97553,7.5144,1953.74
iteration,261,7.44955,7.51415,1961.19
iteration,262,7.19038,7.51291,1968.38
iteration,263,6.97923,7.51088,1975.36
iteration,264,7.83095,7.5121,1983.19
iteration,265,7.84155,7.51334,1991.04
iteration,266,7.28657,7.51249,1998.32
iteration,267,7.68874,7.51315,2006.01
iteration,268,6.85378,7.51069,2012.86
iteration,269,8.19253,7.51322,2021.06
iteration,270,7.60872,7.51358,2028.67
iteration,271,6.8456,7.51111,2035.51
iteration,272,7.19485,7.50995,2042.71
iteration,273,7.23066,7.50893,2049.94
iteration,274,7.54918,7.50907,2057.49
iteration,275,7.77743,7.51005,2065.26
iteration,276,7.34348,7.50944,2072.61
iteration,277,6.9501,7.50743,2079.56
iteration,278,7.21485,7.50637,2086.77
iteration,279,7.98546,7.50809,2094.76
iteration,280,7.42027,7.50778,2102.18
iteration,281,7.1938,7.50666,2109.37
iteration,282,7.36111,7.50614,2116.73
iteration,283,7.59307,7.50645,2124.33
iteration,284,8.13021,7.50865,2132.46
iteration,285,7.37558,7.50818,2139.83
iteration,286,7.35545,7.50765,2147.19
iteration,287,7.07897,7.50615,2154.27
iteration,288,7.05685,7.50459,2161.32
iteration,289,7.80229,7.50562,2169.12
iteration,290,7.90683,7.50701,2177.03
iteration,291,7.10941,7.50564,2184.14
iteration,292,7.28058,7.50487,2191.42
iteration,293,7.34435,7.50432,2198.77
iteration,294,7.31919,7.50369,2206.09
iteration,295,7.85491,7.50488,2213.94
iteration,296,7.11978,7.50358,2221.06
iteration,297,6.72802,7.50097,2227.79
iteration,298,7.49511,7.50095,2235.28
iteration,299,6.70099,7.49827,2241.98
iteration,300,7.39848,7.49794,2249.38
iteration,301,7.09357,7.4966,2256.48
iteration,302,6.96992,7.49485,2263.45
iteration,303,7.20147,7.49389,2270.65
iteration,304,6.85914,7.4918,2277.51
iteration,305,7.16587,7.49073,2284.67
iteration,306,7.476,7.49068,2292.15
iteration,307,7.0953,7.48939,2299.24
iteration,308,7.63844,7.48988,2306.88
iteration,309,8.04758,7.49168,2314.93
iteration,310,7.26862,7.49096,2322.2
iteration,311,7.19169,7.49,2329.39
iteration,312,7.92874,7.49141,2337.32
iteration,313,6.84165,7.48933,2344.16
iteration,314,6.9651,7.48766,2351.13
iteration,315,6.86747,7.48569,2357.99
iteration,316,7.49996,7.48574,2365.49
iteration,317,8.53704,7.48905,2374.03
iteration,318,7.85284,7.4902,2381.88
iteration,319,7.12913,7.48907,2389.01
iteration,320,7.03699,7.48765,2396.05
iteration,321,7.3638,7.48727,2403.41
iteration,322,8.17083,7.48939,2411.58
iteration,323,6.94803,7.48771,2418.53
iteration,324,6.99611,7.4862,2425.53
iteration,325,6.86035,7.48427,2432.39
iteration,326,7.45783,7.48419,2439.85
iteration,327,8.12365,7.48615,2447.97
iteration,328,7.01731,7.48472,2454.99
iteration,329,6.92051,7.483,2461.91
iteration,330,6.89451,7.48122,2468.8
iteration,331,7.42913,7.48106,2476.23
iteration,332,7.66484,7.48161,2483.9
iteration,333,7.47533,7.48159,2491.37
iteration,334,7.20314,7.48076,2498.57
iteration,335,7.44511,7.48065,2506.02
iteration,336,8.56661,7.48389,2514.59
iteration,337,7.81463,7.48487,2522.4
iteration,338,6.97628,7.48336,2529.38
iteration,339,7.32385,7.48289,2536.7
iteration,340,7.42623,7.48273,2544.13
iteration,341,7.93765,7.48406,2552.06
iteration,342,7.67222,7.48461,2559.74
iteration,343,7.45482,7.48452,2567.19
iteration,344,8.1465,7.48645,2575.34
iteration,345,7.50331,7.4865,2582.84
iteration,346,6.96456,7.48499,2589.81
iteration,347,7.52494,7.4851,2597.33
iteration,348,7.52982,7.48523,2604.86
iteration,349,7.50601,7.48529,2612.37
iteration,350,7.61036,7.48565,2619.98
iteration,351,7.45027,7.48555,2627.43
iteration,352,7.87134,7.48664,2635.3
iteration,353,7.42812,7.48648,2642.73
iteration,354,7.60374,7.48681,2650.33
iteration,355,6.94347,7.48528,2657.27
iteration,356,7.02245,7.48398,2664.3
iteration,357,7.36659,7.48365,2671.66
iteration,358,8.00071,7.48509,2679.66
iteration,359,7.54582,7.48526,2687.21
iteration,360,6.77025,7.48328,2693.98
iteration,361,7.5454,7.48345,2701.53
iteration,362,7.96965,7.48479,2709.49
iteration,363,7.27072,7.4842,2716.77
iteration,364,7.56607,7.48443,2724.33
iteration,365,6.87031,7.48275,2731.2
iteration,366,6.54703,7.48019,2737.75
iteration,367,7.03627,7.47898,2744.79
iteration,368,7.94667,7.48025,2752.73
iteration,369,7.52383,7.48037,2760.26
iteration,370,7.37606,7.48009,2767.63
iteration,371,7.29238,7.47958,2774.92
iteration,372,7.08741,7.47853,2782.01
iteration,373,7.87054,7.47958,2789.88
iteration,374,7.45,7.4795,2797.33
iteration,375,7.22996,7.47883,2804.56
iteration,376,6.82447,7.47709,2811.39
iteration,377,7.14845,7.47622,2818.54
iteration,378,8.14003,7.47798,2826.68
iteration,379,7.39155,7.47775,2834.07
iteration,380,7.12442,7.47682,2841.19
iteration,381,6.55408,7.4744,2847.75
iteration,382,6.59774,7.4721,2854.34
iteration,383,7.46248,7.47208,2861.81
iteration,384,7.79787,7.47293,2869.6
iteration,385,6.99094,7.47167,2876.59
iteration,386,6.84444,7.47005,2883.44
iteration,387,6.97819,7.46878,2890.42
iteration,388,8.04144,7.47025,2898.46
iteration,389,7.57683,7.47053,2906.04
iteration,390,7.16742,7.46975,2913.2
iteration,391,7.1139,7.46884,2920.32
iteration,392,7.0313,7.46772,2927.35
iteration,393,7.11577,7.46683,2934.46
iteration,394,7.27944,7.46635,2941.74
iteration,395,7.45022,7.46631,2949.19
iteration,396,7.97373,7.46759,2957.17
iteration,397,7.85578,7.46857,2965.02
iteration,398,7.1432,7.46775,2972.17
iteration,399,7.01252,7.46661,2979.18
iteration,400,7.75171,7.46733,2986.93
iteration,401,7.80066,7.46816,2994.73
iteration,402,7.65368,7.46862,3002.38
iteration,403,6.92843,7.46728,3009.31
iteration,404,7.43135,7.46719,3016.74
iteration,405,6.97619,7.46598,3023.72
iteration,406,7.34758,7.46568,3031.07
iteration,407,6.84216,7.46415,3037.91
iteration,408,6.889,7.46274,3044.8
iteration,409,7.39204,7.46257,3052.19
iteration,410,7.43538,7.4625,3059.63
iteration,411,8.30372,7.46455,3067.93
iteration,412,7.23405,7.46399,3075.16
iteration,413,7.70116,7.46457,3082.87
iteration,414,7.34951,7.46429,3090.22
iteration,415,7.44268,7.46424,3097.66
iteration,416,7.45244,7.46421,3105.11
iteration,417,7.21675,7.46361,3112.33
iteration,418,6.89394,7.46225,3119.22
iteration,419,6.78698,7.46064,3126.01
iteration,420,7.60586,7.46098,3133.61
iteration,421,7.70119,7.46156,3141.31
iteration,422,8.37829,7.46373,3149.69
iteration,423,7.07512,7.46281,3156.77
iteration,424,6.79224,7.46123,3163.56
iteration,425,6.93615,7.45999,3170.5
iteration,426,7.88721,7.46099,3178.38
iteration,427,7.13502,7.46023,3185.52
iteration,428,6.77613,7.45863,3192.3
iteration,429,7.57609,7.45891,3199.87
iteration,430,7.40167,7.45877,3207.27
iteration,431,7.98387,7.45999,3215.26
iteration,432,7.12623,7.45922,3222.38
iteration,433,7.01839,7.4582,3229.4
iteration,434,7.38157,7.45802,3236.78
iteration,435,7.48508,7.45809,3244.27
iteration,436,7.32282,7.45778,3251.59
iteration,437,7.33832,7.4575,3258.93
iteration,438,6.9921,7.45644,3265.92
iteration,439,7.86893,7.45738,3273.79
iteration,440,6.9869,7.45631,3280.78
iteration,441,7.83098,7.45716,3288.61
iteration,442,7.52911,7.45732,3296.14
iteration,443,7.29865,7.45697,3303.44
iteration,444,7.61944,7.45733,3311.06
iteration,445,6.90442,7.45609,3317.96
iteration,446,7.1878,7.45549,3325.15
iteration,447,7.07801,7.45464,3332.23
iteration,448,7.34155,7.45439,3339.57
iteration,449,7.86897,7.45531,3347.44
iteration,450,7.1884,7.45472,3354.62
iteration,451,7.10528,7.45395,3361.73
iteration,452,7.51484,7.45408,3369.24
iteration,453,8.04632,7.45539,3377.29
iteration,454,7.00479,7.4544,3384.3
iteration,455,6.96649,7.45332,3391.26
iteration,456,6.98358,7.45229,3398.25
iteration,457,7.61547,7.45265,3405.86
iteration,458,7.14419,7.45198,3413.01
iteration,459,7.17307,7.45137,3420.18
iteration,460,6.99533,7.45038,3427.17
iteration,461,7.12136,7.44966,3434.29
iteration,462,7.42114,7.4496,3441.72
iteration,463,7.74422,7.45024,3449.46
iteration,464,7.3634,7.45005,3456.82
iteration,465,7.03061,7.44915,3463.85
iteration,466,7.4763,7.44921,3471.33
iteration,467,7.02825,7.44831,3478.36
iteration,468,7.91348,7.4493,3486.27
iteration,469,6.80027,7.44792,3493.07
iteration,470,7.10669,7.44719,3500.18
iteration,471,6.95858,7.44615,3507.14
iteration,472,7.20509,7.44564,3514.34
iteration,473,8.49932,7.44787,3522.84
iteration,474,7.2232,7.4474,3530.07
iteration,475,6.96686,7.44638,3537.03
iteration,476,7.5636,7.44663,3544.6
iteration,477,7.47258,7.44668,3552.07
iteration,478,7.33017,7.44644,3559.4
iteration,479,7.58812,7.44674,3566.99
iteration,480,6.89104,7.44558,3573.88
iteration,481,6.14067,7.44287,3580.02
iteration,482,7.77447,7.44355,3587.79
iteration,483,8.00724,7.44472,3595.8
iteration,484,7.29637,7.44441,3603.1
iteration,485,6.90713,7.44331,3610
iteration,486,7.08645,7.44257,3617.09
iteration,487,7.31855,7.44232,3624.41
iteration,488,7.03772,7.44149,3631.45
iteration,489,7.82265,7.44227,3639.27
iteration,490,7.63774,7.44267,3646.91
iteration,491,7.95421,7.44371,3654.86
iteration,492,7.83656,7.44451,3662.7
iteration,493,8.10126,7.44584,3670.8
iteration,494,6.97918,7.44489,3677.78
iteration,495,7.12574,7.44425,3684.9
iteration,496,7.45807,7.44428,3692.36
iteration,497,7.11575,7.44362,3699.48
iteration,498,6.73673,7.4422,3706.21
iteration,499,7.23271,7.44178,3713.45
iteration,500,5.6155,7.43813,3719.06
iteration,501,7.81915,7.43889,3726.88
iteration,502,6.97434,7.43796,3733.86
iteration,503,7.05217,7.43719,3740.91
iteration,504,7.40335,7.43713,3748.31
iteration,505,7.74249,7.43773,3756.05
iteration,506,7.72497,7.4383,3763.78
iteration,507,7.01125,7.43746,3770.79
iteration,508,7.32648,7.43724,3778.12
iteration,509,7.31295,7.43699,3785.43
iteration,510,7.90654,7.43791,3793.34
iteration,511,7.17077,7.43739,3800.51
iteration,512,7.40139,7.43732,3807.91
iteration,513,6.89251,7.43626,3814.8
iteration,514,6.99838,7.43541,3821.8
iteration,515,7.96556,7.43644,3829.76
iteration,516,7.59194,7.43674,3837.36
iteration,517,7.01449,7.43592,3844.37
iteration,518,7.11733,7.43531,3851.49
iteration,519,7.42099,7.43528,3858.91
iteration,520,7.72038,7.43583,3866.63
iteration,521,7.43262,7.43582,3874.06
iteration,522,7.06956,7.43512,3881.13
iteration,523,6.91796,7.43413,3888.05
iteration,524,7.09723,7.43349,3895.15
iteration,525,7.85298,7.43429,3903
iteration,526,7.04793,7.43355,3910.05
iteration,527,7.86698,7.43437,3917.92
iteration,528,6.83622,7.43324,3924.75
iteration,529,7.11102,7.43263,3931.86
iteration,530,7.02669,7.43187,3938.89
iteration,531,6.773,7.43063,3945.66
iteration,532,7.40227,7.43057,3953.06
iteration,533,6.98499,7.42974,3960.05
iteration,534,5.84744,7.42677,3965.9
iteration,535,5.71593,7.42358,3971.61
iteration,536,7.64641,7.42399,3979.26
iteration,537,7.54736,7.42422,3986.81
iteration,538,7.31624,7.42402,3994.12
iteration,539,7.39536,7.42397,4001.52
iteration,540,7.58071,7.42426,4009.1
iteration,541,7.90782,7.42515,4017.01
iteration,542,7.47974,7.42525,4024.49
iteration,543,7.81125,7.42596,4032.3
iteration,544,7.47836,7.42606,4039.78
iteration,545,7.88954,7.42691,4047.67
iteration,546,8.1477,7.42823,4055.81
iteration,547,7.62421,7.42859,4063.44
iteration,548,7.67467,7.42904,4071.11
iteration,549,7.58981,7.42933,4078.7
iteration,550,6.99067,7.42853,4085.69
iteration,551,7.07774,7.4279,4092.77
iteration,552,7.70738,7.4284,4100.48
iteration,553,7.91935,7.42929,4108.4
iteration,554,7.63333,7.42966,4116.03
iteration,555,7.10725,7.42908,4123.14
iteration,556,7.08643,7.42846,4130.22
iteration,557,7.27273,7.42818,4137.5
iteration,558,8.14594,7.42947,4145.64
iteration,559,7.05295,7.42879,4152.7
iteration,560,7.0519,7.42812,4159.75
iteration,561,7.16866,7.42766,4166.92
iteration,562,8.18967,7.42901,4175.11
iteration,563,7.8509,7.42976,4182.96
iteration,564,7.23419,7.42942,4190.19
iteration,565,7.08586,7.42881,4197.28
iteration,566,7.34959,7.42867,4204.63
iteration,567,7.54988,7.42888,4212.18
iteration,568,7.36873,7.42878,4219.55
iteration,569,7.57565,7.42903,4227.12
iteration,570,7.13858,7.42853,4234.26
iteration,571,7.55771,7.42875,4241.82
iteration,572,8.47541,7.43058,4250.29
iteration,573,7.20031,7.43018,4257.49
iteration,574,7.08816,7.42958,4264.58
iteration,575,7.03642,7.4289,4271.62
iteration,576,7.38023,7.42882,4279
iteration,577,7.04592,7.42815,4286.04
iteration,578,7.64529,7.42853,4293.69
iteration,579,7.16246,7.42807,4300.85
iteration,580,7.46885,7.42814,4308.32
iteration,581,8.1061,7.42931,4316.43
iteration,582,7.26336,7.42902,4323.69
iteration,583,7.86287,7.42976,4331.55
iteration,584,7.03788,7.42909,4338.59
iteration,585,7.06763,7.42848,4345.66
iteration,586,7.57864,7.42873,4353.24
iteration,587,6.92911,7.42788,4360.17
iteration,588,7.7504,7.42843,4367.92
iteration,589,7.00934,7.42772,4374.93
iteration,590,7.1207,7.4272,4382.05
iteration,591,7.0743,7.4266,4389.12
iteration,592,6.86787,7.42566,4395.99
iteration,593,7.23052,7.42533,4403.22
iteration,594,7.32322,7.42515,4410.54
iteration,595,7.59713,7.42544,4418.14
iteration,596,7.11957,7.42493,4425.26
iteration,597,7.43657,7.42495,4432.7
iteration,598,7.1069,7.42442,4439.8
iteration,599,7.37352,7.42433,4447.18
iteration,600,7.41322,7.42431,4454.59
iteration,601,6.87042,7.42339,4461.46
iteration,602,6.88368,7.4225,4468.34
iteration,603,7.00278,7.4218,4475.35
iteration,604,8.0081,7.42277,4483.35
iteration,605,7.74634,7.42331,4491.1
iteration,606,7.69993,7.42376,4498.8
iteration,607,7.16006,7.42333,4505.96
iteration,608,7.23082,7.42301,4513.19
iteration,609,7.87511,7.42375,4521.07
iteration,610,7.29467,7.42354,4528.36
iteration,611,7.17504,7.42314,4535.54
iteration,612,7.09345,7.4226,4542.63
iteration,613,6.91311,7.42177,4549.54
iteration,614,7.87455,7.4225,4557.42
iteration,615,7.27565,7.42226,4564.69
iteration,616,7.07075,7.42169,4571.76
iteration,617,6.55605,7.42029,4578.32
iteration,618,7.07681,7.41974,4585.4
iteration,619,7.42805,7.41975,4592.82
iteration,620,7.88578,7.4205,4600.71
iteration,621,7.01805,7.41985,4607.73
iteration,622,7.00342,7.41918,4614.73
iteration,623,7.4771,7.41928,4622.21
iteration,624,7.85151,7.41997,4630.06
iteration,625,7.73884,7.42048,4637.8
iteration,626,7.3604,7.42038,4645.16
iteration,627,7.18123,7.42,4652.34
iteration,628,7.58484,7.42026,4659.93
iteration,629,7.14334,7.41982,4667.07
iteration,630,7.3526,7.41972,4674.42
iteration,631,7.89342,7.42047,4682.31
iteration,632,7.76113,7.42101,4690.08
iteration,633,7.36904,7.42092,4697.45
iteration,634,7.67087,7.42132,4705.12
iteration,635,7.56093,7.42154,4712.68
iteration,636,7.34941,7.42142,4720.03
iteration,637,7.08683,7.4209,4727.11
iteration,638,7.83504,7.42155,4734.95
iteration,639,7.07837,7.42101,4742.03
iteration,640,7.8185,7.42163,4749.84
iteration,641,8.11144,7.42271,4757.96
iteration,642,7.81976,7.42333,4765.78
iteration,643,7.08534,7.4228,4772.86
iteration,644,7.08376,7.42228,4779.95
iteration,645,7.30685,7.4221,4787.25
iteration,646,7.25951,7.42184,4794.51
iteration,647,7.61871,7.42215,4802.13
iteration,648,6.94663,7.42142,4809.08
iteration,649,7.50497,7.42154,4816.58
iteration,650,7.06373,7.42099,4823.65
iteration,651,7.58059,7.42124,4831.23
iteration,652,7.58401,7.42149,4838.81
iteration,653,6.99674,7.42084,4845.81
iteration,654,6.68861,7.41972,4852.5
iteration,655,6.59975,7.41847,4859.1
iteration,656,8.2901,7.41979,4867.39
iteration,657,7.14548,7.41938,4874.53
iteration,658,7.14961,7.41897,4881.68
iteration,659,7.31689,7.41881,4889
iteration,660,6.92976,7.41807,4895.93
iteration,661,8.51966,7.41974,4904.45
iteration,662,7.56623,7.41996,4912.01
iteration,663,6.72517,7.41891,4918.74
iteration,664,6.83485,7.41803,4925.57
iteration,665,6.86787,7.4172,4932.44
iteration,666,7.16577,7.41683,4939.61
iteration,667,7.68905,7.41724,4947.3
iteration,668,7.46786,7.41731,4954.76
iteration,669,7.19718,7.41698,4961.96
iteration,670,6.99807,7.41636,4968.96
iteration,671,7.66636,7.41673,4976.63
iteration,672,7.17079,7.41636,4983.8
iteration,673,7.59736,7.41663,4991.39
iteration,674,7.10311,7.41617,4998.5
iteration,675,7.69397,7.41658,5006.19
iteration,676,7.39246,7.41654,5013.58
iteration,677,7.1671,7.41617,5020.75
iteration,678,7.41689,7.41618,5028.17
iteration,679,6.80623,7.41528,5034.97
iteration,680,7.65346,7.41563,5042.63
iteration,681,6.9632,7.41496,5049.59
iteration,682,6.71541,7.41394,5056.31
iteration,683,7.05303,7.41341,5063.36
iteration,684,8.12242,7.41445,5071.48
iteration,685,7.33423,7.41433,5078.81
iteration,686,6.64687,7.41321,5085.46
iteration,687,6.83128,7.41236,5092.29
iteration,688,7.27436,7.41216,5099.57
iteration,689,7.25928,7.41194,5106.83
iteration,690,7.37187,7.41188,5114.2
iteration,691,6.73269,7.4109,5120.93
iteration,692,6.87449,7.41012,5127.81
iteration,693,7.58622,7.41038,5135.39
iteration,694,7.75826,7.41088,5143.15
iteration,695,7.32025,7.41075,5150.47
iteration,696,6.86578,7.40997,5157.34
iteration,697,7.02462,7.40941,5164.36
iteration,698,7.50223,7.40955,5171.86
iteration,699,7.80624,7.41011,5179.67
iteration,700,7.40997,7.41011,5187.08
iteration,701,7.66646,7.41048,5194.75
iteration,702,7.5698,7.41071,5202.32
iteration,703,7.10481,7.41027,5209.42
iteration,704,8.30645,7.41154,5217.73
iteration,705,7.33791,7.41144,5225.06
iteration,706,6.81933,7.4106,5231.88
iteration,707,6.76539,7.40969,5238.65
iteration,708,7.30386,7.40954,5245.95
iteration,709,8.1823,7.41063,5254.14
iteration,710,7.79716,7.41117,5261.93
iteration,711,6.98312,7.41057,5268.92
iteration,712,7.19571,7.41027,5276.11
iteration,713,6.89772,7.40955,5283.01
iteration,714,7.78936,7.41008,5290.8
iteration,715,7.20063,7.40979,5298
iteration,716,6.82113,7.40897,5304.82
iteration,717,7.08807,7.40852,5311.91
iteration,718,6.48539,7.40723,5318.39
iteration,719,8.01458,7.40808,5326.41
iteration,720,7.70468,7.40849,5334.11
iteration,721,7.32269,7.40837,5341.44
iteration,722,7.04924,7.40787,5348.49
iteration,723,7.60131,7.40814,5356.09
iteration,724,6.97189,7.40754,5363.06
iteration,725,7.57843,7.40777,5370.64
iteration,726,7.17004,7.40745,5377.81
iteration,727,7.15488,7.4071,5384.96
iteration,728,7.75288,7.40757,5392.71
iteration,729,6.82118,7.40677,5399.54
iteration,730,8.14903,7.40779,5407.68
iteration,731,7.13733,7.40742,5414.82
iteration,732,7.00891,7.40687,5421.83
iteration,733,7.04253,7.40638,5428.87
iteration,734,6.74195,7.40547,5435.62
iteration,735,7.75268,7.40594,5443.37
iteration,736,7.15094,7.4056,5450.52
iteration,737,8.04512,7.40646,5458.56
iteration,738,7.07671,7.40602,5465.64
iteration,739,6.86019,7.40528,5472.5
iteration,740,7.04805,7.4048,5479.55
iteration,741,8.18004,7.40584,5487.73
iteration,742,6.96435,7.40525,5494.69
iteration,743,6.7066,7.40431,5501.4
iteration,744,7.03989,7.40382,5508.44
iteration,745,6.69521,7.40287,5515.14
iteration,746,6.98215,7.4023,5522.12
iteration,747,7.72246,7.40273,5529.84
iteration,748,7.00244,7.4022,5536.84
iteration,749,6.98946,7.40164,5543.83
iteration,750,6.74226,7.40077,5550.57
iteration,751,7.42141,7.40079,5558
iteration,752,7.47027,7.40089,5565.47
iteration,753,6.97901,7.40032,5572.44
iteration,754,6.83419,7.39957,5579.28
iteration,755,7.10702,7.39919,5586.39
iteration,756,6.6676,7.39822,5593.05
iteration,757,7.43471,7.39827,5600.49
iteration,758,7.2573,7.39808,5607.75
iteration,759,7.08796,7.39767,5614.83
iteration,760,6.70017,7.39675,5621.53
iteration,761,7.28994,7.39661,5628.82
iteration,762,7.94387,7.39733,5636.77
iteration,763,7.48589,7.39745,5644.25
iteration,764,6.76084,7.39662,5651.01
iteration,765,7.02122,7.39612,5658.04
iteration,766,7.20008,7.39587,5665.24
iteration,767,7.76918,7.39636,5673
iteration,768,7.39097,7.39635,5680.4
iteration,769,6.98022,7.39581,5687.38
iteration,770,6.95713,7.39524,5694.33
iteration,771,6.81841,7.39449,5701.15
iteration,772,7.48692,7.39461,5708.64
iteration,773,8.20651,7.39566,5716.84
iteration,774,7.18596,7.39539,5724.03
iteration,775,6.99652,7.39487,5731.03
iteration,776,7.08923,7.39448,5738.12
iteration,777,7.03252,7.39401,5745.15
iteration,778,7.92391,7.3947,5753.07
iteration,779,6.92819,7.3941,5760
iteration,780,7.13873,7.39377,5767.14
iteration,781,7.25183,7.39359,5774.39
iteration,782,6.99931,7.39308,5781.39
iteration,783,7.20443,7.39284,5788.6
iteration,784,7.10898,7.39248,5795.7
iteration,785,7.13328,7.39215,5802.84
iteration,786,7.19501,7.3919,5810.03
iteration,787,7.12267,7.39156,5817.16
iteration,788,7.50113,7.3917,5824.66
iteration,789,7.5028,7.39184,5832.16
iteration,790,6.60019,7.39083,5838.76
iteration,791,7.31784,7.39074,5846.08
iteration,792,6.99837,7.39025,5853.08
iteration,793,7.03815,7.3898,5860.11
iteration,794,7.43287,7.38986,5867.55
iteration,795,7.44534,7.38993,5874.99
iteration,796,7.07677,7.38953,5882.07
iteration,797,6.59381,7.38854,5888.66
iteration,798,6.4087,7.38731,5895.07
iteration,799,6.69813,7.38644,5901.77
iteration,800,7.19078,7.3862,5908.96
iteration,801,7.71729,7.38661,5916.68
iteration,802,6.92814,7.38604,5923.61
iteration,803,6.81035,7.38533,5930.42
iteration,804,7.17791,7.38507,5937.59
iteration,805,8.05192,7.3859,5945.65
iteration,806,7.06931,7.3855,5952.72
iteration,807,7.16986,7.38524,5959.89
iteration,808,7.14944,7.38494,5967.03
iteration,809,6.91185,7.38436,5973.95
iteration,810,7.80376,7.38488,5981.75
iteration,811,7.16993,7.38461,5988.92
iteration,812,6.62317,7.38367,5995.54
iteration,813,6.88819,7.38306,6002.43
iteration,814,6.98126,7.38257,6009.41
iteration,815,7.5096,7.38273,6016.92
iteration,816,7.27333,7.38259,6024.2
iteration,817,7.60337,7.38286,6031.8
iteration,818,6.90886,7.38228,6038.71
iteration,819,6.91133,7.38171,6045.62
iteration,820,7.70786,7.38211,6053.33
iteration,821,7.33812,7.38205,6060.67
iteration,822,7.26692,7.38191,6067.93
iteration,823,7.3502,7.38187,6075.28
iteration,824,7.17029,7.38162,6082.45
iteration,825,7.40366,7.38164,6089.86
iteration,826,6.83087,7.38098,6096.69
iteration,827,7.30144,7.38088,6103.99
iteration,828,7.35826,7.38085,6111.35
iteration,829,7.90475,7.38149,6119.25
iteration,830,6.9715,7.38099,6126.22
iteration,831,7.2902,7.38088,6133.51
iteration,832,7.79445,7.38138,6141.31
iteration,833,6.96076,7.38087,6148.27
iteration,834,2.22396,7.37469,6150.49
summary,834,2.22396,7.37469,6150.49
iteration,1,9.65162,9.65162,9.65162
iteration,2,5.18141,7.41652,14.833
iteration,3,5.96843,6.93382,20.8015
iteration,4,6.49168,6.82329,27.2931
iteration,5,8.93688,7.246,36.23
iteration,6,8.53763,7.46128,44.7677
iteration,7,9.86384,7.8045,54.6315
iteration,8,9.20428,7.97947,63.8358
iteration,9,7.20868,7.89383,71.0444
iteration,10,5.84133,7.68858,76.8858
iteration,11,6.78279,7.60623,83.6686
iteration,12,6.8448,7.54278,90.5134
iteration,13,6.74191,7.48118,97.2553
iteration,14,7.54661,7.48585,104.802
iteration,15,6.08966,7.39277,110.892
iteration,16,6.33521,7.32667,117.227
iteration,17,7.57884,7.34151,124.806
iteration,18,5.49706,7.23904,130.303
iteration,19,6.56658,7.20364,136.869
iteration,20,7.32062,7.20949,144.19
iteration,21,7.13303,7.20585,151.323
iteration,22,7.08199,7.20022,158.405
iteration,23,7.01943,7.19236,165.424
iteration,24,6.64899,7.16972,172.073
iteration,25,7.52177,7.1838,179.595
iteration,26,7.34836,7.19013,186.943
iteration,27,6.52211,7.16539,193.466
iteration,28,7.07661,7.16222,200.542
iteration,29,7.61109,7.1777,208.153
iteration,30,6.31402,7.14891,214.467
iteration,31,7.13521,7.14847,221.602
iteration,32,7.8341,7.16989,229.437
iteration,33,7.17598,7.17008,236.613
iteration,34,6.41907,7.14799,243.032
iteration,35,7.87549,7.16877,250.907
iteration,36,7.56623,7.17981,258.473
iteration,37,7.83605,7.19755,266.309
iteration,38,7.83587,7.21435,274.145
iteration,39,7.13305,7.21226,281.278
iteration,40,7.57045,7.22122,288.849
iteration,41,7.44309,7.22663,296.292
iteration,42,6.589,7.21145,302.881
iteration,43,7.38935,7.21559,310.27
iteration,44,8.15902,7.23703,318.429
iteration,45,7.01882,7.23218,325.448
iteration,46,7.50923,7.2382,332.957
iteration,47,7.70202,7.24807,340.659
iteration,48,7.06005,7.24415,347.719
iteration,49,7.46582,7.24868,355.185
iteration,50,7.89954,7.26169,363.085
iteration,51,7.3542,7.26351,370.439
iteration,52,7.99785,7.27763,378.437
iteration,53,7.67277,7.28509,386.11
iteration,54,7.2649,7.28471,393.374
iteration,55,6.75824,7.27514,400.133
iteration,56,7.77446,7.28406,407.907
iteration,57,7.41306,7.28632,415.32
iteration,58,8.07781,7.29997,423.398
iteration,59,7.69525,7.30666,431.093
iteration,60,8.45609,7.32582,439.549
iteration,61,7.85296,7.33446,447.402
iteration,62,7.3973,7.33548,454.8
iteration,63,7.8293,7.34332,462.629
iteration,64,7.92661,7.35243,470.555
iteration,65,7.36042,7.35255,477.916
iteration,1,10.0344,10.0344,10.0344
iteration,2,4.82143,7.42792,14.8558
iteration,3,6.78194,7.2126,21.6378
iteration,4,6.75321,7.09775,28.391
iteration,5,9.94302,7.6668,38.334
iteration,6,8.95083,7.88081,47.2848
iteration,7,10.8347,8.30279,58.1195
iteration,8,9.75068,8.48378,67.8702
iteration,9,7.10002,8.33003,74.9702
iteration,10,7.18153,8.21518,82.1518
iteration,11,7.09208,8.11308,89.2438
iteration,12,7.11346,8.02977,96.3573
iteration,13,6.83384,7.93778,103.191
iteration,14,7.29557,7.89191,110.487
iteration,15,5.45362,7.72935,115.94
iteration,16,6.65096,7.66196,122.591
iteration,17,7.44745,7.64934,130.039
iteration,18,6.2916,7.57391,136.33
iteration,19,6.74836,7.53046,143.079
iteration,20,7.0223,7.50505,150.101
iteration,21,7.15454,7.48836,157.256
iteration,22,7.13093,7.47211,164.386
iteration,23,8.21229,7.50429,172.599
iteration,24,7.38832,7.49946,179.987
iteration,25,7.18777,7.48699,187.175
iteration,26,7.3199,7.48057,194.495
iteration,27,6.35005,7.4387,200.845
iteration,28,7.61592,7.44503,208.461
iteration,29,7.46215,7.44562,215.923
iteration,30,7.49279,7.44719,223.416
iteration,31,7.6451,7.45357,231.061
iteration,32,7.6002,7.45815,238.661
iteration,33,7.45358,7.45802,246.115
iteration,34,7.73628,7.4662,253.851
iteration,35,7.53787,7.46825,261.389
iteration,36,7.45854,7.46798,268.847
iteration,37,7.72321,7.47488,276.57
iteration,38,6.98248,7.46192,283.553
iteration,39,7.64507,7.46661,291.198
iteration,40,8.22944,7.48568,299.427
iteration,41,7.50105,7.48606,306.928
iteration,42,7.38629,7.48368,314.315
iteration,43,7.1083,7.47495,321.423
iteration,44,8.1533,7.49037,329.576
iteration,45,7.2149,7.48425,336.791
iteration,46,8.35227,7.50312,345.144
iteration,47,7.92259,7.51204,353.066
iteration,48,7.90083,7.52014,360.967
iteration,49,7.59852,7.52174,368.565
iteration,50,8.01161,7.53154,376.577
iteration,51,7.4854,7.53064,384.062
iteration,52,8.03109,7.54026,392.094
iteration,53,7.69893,7.54325,399.792
iteration,54,7.72607,7.54664,407.519
iteration,55,7.55142,7.54673,415.07
iteration,56,8.19169,7.55824,423.262
iteration,57,7.75493,7.56169,431.017
iteration,58,8.41484,7.5764,439.431
iteration,59,7.90749,7.58202,447.339
iteration,60,8.60564,7.59908,455.945
iteration,61,7.78493,7.60212,463.73
iteration,62,8.11711,7.61043,471.847
iteration,63,7.86768,7.61451,479.714
iteration,64,8.70988,7.63163,488.424
iteration,65,7.3306,7.627,495.755
iteration,66,8.03483,7.63318,503.79
iteration,67,8.00966,7.6388,511.799
iteration,68,7.9176,7.6429,519.717
iteration,69,7.713,7.64391,527.43
iteration,70,8.40005,7.65471,535.83
iteration,71,8.18006,7.66211,544.01
iteration,72,8.15613,7.66897,552.166
iteration,73,8.19705,7.67621,560.363
iteration,74,8.25718,7.68406,568.62
iteration,75,8.90227,7.7003,577.523
iteration,76,8.09796,7.70553,585.621
iteration,77,7.97832,7.70908,593.599
iteration,78,7.87779,7.71124,601.477
iteration,79,8.40167,7.71998,609.878
iteration,80,8.08983,7.7246,617.968
iteration,81,7.99384,7.72793,625.962
iteration,82,7.62291,7.72665,633.585
iteration,83,7.63577,7.72555,641.221
iteration,84,8.30471,7.73245,649.525
iteration,85,7.83812,7.73369,657.364
iteration,86,7.9598,7.73632,665.323
iteration,87,8.54627,7.74563,673.87
iteration,88,7.89921,7.74737,681.769
iteration,89,8.14206,7.75181,689.911
iteration,90,8.27608,7.75763,698.187
iteration,91,7.90056,7.7592,706.088
iteration,92,8.00107,7.76183,714.089
iteration,93,8.58874,7.77072,722.677
iteration,94,8.10549,7.77429,730.783
iteration,95,8.39156,7.78078,739.174
iteration,96,8.25498,7.78572,747.429
iteration,97,8.33334,7.79137,755.763
iteration,98,8.75598,7.80121,764.519
iteration,99,9.19828,7.81532,773.717
iteration,100,10.0336,7.83751,783.751
iteration,101,7.73651,7.83651,791.487
iteration,102,8.26809,7.84074,799.755
iteration,103,7.98917,7.84218,807.744
iteration,104,7.81441,7.84191,815.559
iteration,105,7.98837,7.84331,823.547
iteration,106,7.45616,7.83965,831.003
iteration,107,8.06798,7.84179,839.071
iteration,108,7.77536,7.84117,846.847
iteration,109,7.35472,7.83671,854.201
iteration,110,7.42124,7.83293,861.623
iteration,111,7.28936,7.82804,868.912
iteration,112,7.9826,7.82942,876.895
iteration,113,7.33525,7.82504,884.23
iteration,114,7.34451,7.82083,891.574
iteration,115,6.95562,7.8133,898.53
iteration,116,7.22021,7.80819,905.75
iteration,117,7.75105,7.8077,913.501
iteration,118,7.54804,7.8055,921.049
iteration,119,7.21154,7.80051,928.261
iteration,120,7.41473,7.7973,935.675
iteration,121,8.14121,7.80014,943.817
iteration,122,8.66601,7.80724,952.483
iteration,123,7.56677,7.80528,960.049
iteration,124,7.05181,7.7992,967.101
iteration,125,7.13745,7.79391,974.239
iteration,126,7.58207,7.79223,981.821
iteration,127,7.73543,7.79178,989.556
iteration,128,8.51256,7.79741,998.069
iteration,129,7.17163,7.79256,1005.24
iteration,130,7.62668,7.79129,1012.87
iteration,131,8.08629,7.79354,1020.95
iteration,132,7.37228,7.79035,1028.33
iteration,133,7.04462,7.78474,1035.37
iteration,134,7.46728,7.78237,1042.84
iteration,135,7.13953,7.77761,1049.98
iteration,136,7.64128,7.77661,1057.62
iteration,137,7.74869,7.7764,1065.37
iteration,138,7.30306,7.77297,1072.67
iteration,139,6.85496,7.76637,1079.53
iteration,140,7.56458,7.76493,1087.09
iteration,141,6.93678,7.75905,1094.03
iteration,142,7.06997,7.7542,1101.1
iteration,143,7.4733,7.75224,1108.57
iteration,144,7.04063,7.74729,1115.61
iteration,145,7.36935,7.74469,1122.98
iteration,146,7.25962,7.74136,1130.24
iteration,147,7.51613,7.73983,1137.76
iteration,148,7.06368,7.73526,1144.82
iteration,149,7.6076,7.73441,1152.43
iteration,150,8.20461,7.73754,1160.63
iteration,151,7.05075,7.73299,1167.68
iteration,152,6.82558,7.72702,1174.51
iteration,153,7.2965,7.72421,1181.8
iteration,154,6.89285,7.71881,1188.7
iteration,155,8.1483,7.72158,1196.85
iteration,156,7.68163,7.72133,1204.53
iteration,157,7.15736,7.71773,1211.68
iteration,158,7.35304,7.71543,1219.04
iteration,159,7.24909,7.71249,1226.29
iteration,160,7.48983,7.7111,1233.78
iteration,161,7.56488,7.71019,1241.34
iteration,162,7.18377,7.70694,1248.52
iteration,163,7.11651,7.70332,1255.64
iteration,164,7.42229,7.70161,1263.06
iteration,165,8.52872,7.70662,1271.59
iteration,166,7.37362,7.70461,1278.97
iteration,167,6.93129,7.69998,1285.9
iteration,168,7.10208,7.69642,1293
iteration,169,7.84016,7.69728,1300.84
iteration,170,7.20366,7.69437,1308.04
iteration,171,7.80168,7.695,1315.84
iteration,172,7.12233,7.69167,1322.97
iteration,173,7.93171,7.69306,1330.9
iteration,174,6.9236,7.68864,1337.82
iteration,175,7.23539,7.68605,1345.06
iteration,176,7.59756,7.68554,1352.66
iteration,177,7.0695,7.68206,1359.72
iteration,178,6.71528,7.67663,1366.44
iteration,179,6.75978,7.67151,1373.2
iteration,180,7.26242,7.66924,1380.46
iteration,181,7.52918,7.66846,1387.99
iteration,182,7.72332,7.66876,1395.71
iteration,183,7.22002,7.66631,1402.93
iteration,184,6.95431,7.66244,1409.89
iteration,185,7.05375,7.65915,1416.94
iteration,186,8.2569,7.66237,1425.2
iteration,187,7.10432,7.65938,1432.3
iteration,188,6.90199,7.65535,1439.21
iteration,189,6.75309,7.65058,1445.96
iteration,190,6.58162,7.64495,1452.54
iteration,191,7.61851,7.64481,1460.16
iteration,192,6.52627,7.63899,1466.69
iteration,193,6.47439,7.63295,1473.16
iteration,194,7.03764,7.62989,1480.2
iteration,195,6.9214,7.62625,1487.12
iteration,196,6.92481,7.62267,1494.04
iteration,197,7.48247,7.62196,1501.53
iteration,198,6.40022,7.61579,1507.93
iteration,199,6.5206,7.61029,1514.45
iteration,200,6.85669,7.60652,1521.3
iteration,201,7.31395,7.60506,1528.62
iteration,202,7.67622,7.60542,1536.29
iteration,203,7.23917,7.60361,1543.53
iteration,204,7.29571,7.6021,1550.83
iteration,205,7.05423,7.59943,1557.88
iteration,206,7.27318,7.59785,1565.16
iteration,207,7.2347,7.59609,1572.39
iteration,208,7.75139,7.59684,1580.14
iteration,209,7.33005,7.59556,1587.47
iteration,210,7.84919,7.59677,1595.32
iteration,211,7.33546,7.59553,1602.66
iteration,212,6.75776,7.59158,1609.41
iteration,213,7.43419,7.59084,1616.85
iteration,214,7.46102,7.59023,1624.31
iteration,215,7.78303,7.59113,1632.09
iteration,216,6.87661,7.58782,1638.97
iteration,217,7.4181,7.58704,1646.39
iteration,218,7.36194,7.58601,1653.75
iteration,219,7.7362,7.58669,1661.49
iteration,220,7.30094,7.5854,1668.79
iteration,221,6.98913,7.5827,1675.78
iteration,222,7.2281,7.5811,1683
iteration,223,7.25836,7.57965,1690.26
iteration,224,7.78123,7.58055,1698.04
iteration,225,7.64532,7.58084,1705.69
iteration,226,7.1827,7.57908,1712.87
iteration,227,7.09418,7.57694,1719.97
iteration,228,7.34396,7.57592,1727.31
iteration,229,7.31994,7.5748,1734.63
iteration,230,7.71462,7.57541,1742.34
iteration,231,6.83965,7.57223,1749.18
iteration,232,6.61363,7.56809,1755.8
iteration,233,6.8474,7.565,1762.65
iteration,234,7.38278,7.56422,1770.03
iteration,235,8.00303,7.56609,1778.03
iteration,236,7.70125,7.56666,1785.73
iteration,237,7.13724,7.56485,1792.87
iteration,238,6.86608,7.56191,1799.74
iteration,239,7.69379,7.56247,1807.43
iteration,240,7.06123,7.56038,1814.49
iteration,241,7.7967,7.56136,1822.29
iteration,242,6.99208,7.55901,1829.28
iteration,243,7.03176,7.55684,1836.31
iteration,244,7.33843,7.55594,1843.65
iteration,245,7.47841,7.55562,1851.13
iteration,246,7.25589,7.55441,1858.38
iteration,247,7.13691,7.55272,1865.52
iteration,248,7.33247,7.55183,1872.85
iteration,249,7.53128,7.55174,1880.38
iteration,250,7.63492,7.55208,1888.02
iteration,251,7.49098,7.55183,1895.51
iteration,252,7.13614,7.55018,1902.65
iteration,253,7.1513,7.54861,1909.8
iteration,254,7.82937,7.54971,1917.63
iteration,255,7.06169,7.5478,1924.69
iteration,256,7.51339,7.54767,1932.2
iteration,257,7.15657,7.54614,1939.36
iteration,258,7.23493,7.54494,1946.59
iteration,259,8.12035,7.54716,1954.71
iteration,260,6.92532,7.54477,1961.64
iteration,261,7.51992,7.54467,1969.16
iteration,262,7.63087,7.545,1976.79
iteration,263,7.73771,7.54573,1984.53
iteration,264,7.15546,7.54426,1991.68
iteration,265,7.0355,7.54234,1998.72
iteration,266,7.25217,7.54124,2005.97
iteration,267,7.96975,7.54285,2013.94
iteration,268,7.34277,7.5421,2021.28
iteration,269,7.46065,7.5418,2028.74
iteration,270,7.04185,7.53995,2035.79
iteration,271,7.85082,7.5411,2043.64
iteration,272,7.55029,7.54113,2051.19
iteration,273,7.2393,7.54002,2058.43
iteration,274,7.30396,7.53916,2065.73
iteration,275,7.14479,7.53773,2072.88
iteration,276,7.62995,7.53806,2080.51
iteration,277,7.72175,7.53873,2088.23
iteration,278,7.35874,7.53808,2095.59
iteration,279,7.44421,7.53774,2103.03
iteration,280,7.54633,7.53777,2110.58
iteration,281,7.42408,7.53737,2118
iteration,282,7.76764,7.53818,2125.77
iteration,283,7.15351,7.53682,2132.92
iteration,284,7.27443,7.5359,2140.2
iteration,285,6.83882,7.53346,2147.03
iteration,286,8.20665,7.53581,2155.24
iteration,287,7.5742,7.53594,2162.82
iteration,288,7.27936,7.53505,2170.09
iteration,289,8.0671,7.53689,2178.16
iteration,290,7.28493,7.53602,2185.45
iteration,291,7.18894,7.53483,2192.64
iteration,292,7.73747,7.53553,2200.37
iteration,293,6.77151,7.53292,2207.14
iteration,294,7.15286,7.53162,2214.3
iteration,295,7.04878,7.52999,2221.35
iteration,296,7.85261,7.53108,2229.2
iteration,297,6.9134,7.529,2236.11
iteration,298,7.33173,7.52834,2243.44
iteration,299,7.14021,7.52704,2250.58
iteration,300,7.6525,7.52746,2258.24
iteration,301,6.62833,7.52447,2264.87
iteration,302,7.22268,7.52347,2272.09
iteration,303,7.1901,7.52237,2279.28
iteration,304,7.09814,7.52097,2286.38
iteration,305,7.77119,7.52179,2294.15
iteration,306,7.0123,7.52013,2301.16
iteration,307,7.10667,7.51878,2308.27
iteration,308,7.41748,7.51845,2315.68
iteration,309,7.91664,7.51974,2323.6
iteration,310,7.35872,7.51922,2330.96
iteration,311,7.10545,7.51789,2338.06
iteration,312,7.58655,7.51811,2345.65
iteration,313,7.33941,7.51754,2352.99
iteration,314,7.30295,7.51686,2360.29
iteration,315,7.78761,7.51772,2368.08
iteration,316,7.28836,7.51699,2375.37
iteration,317,7.56057,7.51713,2382.93
iteration,318,7.94335,7.51847,2390.87
iteration,319,7.72624,7.51912,2398.6
iteration,320,7.07759,7.51774,2405.68
iteration,321,7.07397,7.51636,2412.75
iteration,322,7.33966,7.51581,2420.09
iteration,323,7.79538,7.51668,2427.89
iteration,324,7.3455,7.51615,2435.23
iteration,325,7.04214,7.51469,2442.27
iteration,326,7.04426,7.51325,2449.32
iteration,327,7.07909,7.51192,2456.4
iteration,328,7.2609,7.51115,2463.66
iteration,329,7.61513,7.51147,2471.27
iteration,330,7.22844,7.51061,2478.5
iteration,331,7.1117,7.50941,2485.61
iteration,332,6.958,7.50775,2492.57
iteration,333,8.34781,7.51027,2500.92
iteration,334,7.41342,7.50998,2508.33
iteration,335,7.84931,7.51099,2516.18
iteration,336,7.46162,7.51084,2523.64
iteration,337,7.31699,7.51027,2530.96
iteration,338,7.87468,7.51135,2538.84
iteration,339,7.63164,7.5117,2546.47
iteration,340,8.24599,7.51386,2554.71
iteration,341,7.48597,7.51378,2562.2
iteration,342,6.86433,7.51188,2569.06
iteration,343,7.65981,7.51231,2576.72
iteration,344,8.5931,7.51545,2585.32
iteration,345,6.91031,7.5137,2592.23
iteration,346,6.9866,7.51218,2599.21
iteration,347,7.76739,7.51291,2606.98
iteration,348,7.05825,7.51161,2614.04
iteration,349,7.91195,7.51275,2621.95
iteration,350,7.61387,7.51304,2629.56
iteration,351,7.34348,7.51256,2636.91
iteration,352,7.65374,7.51296,2644.56
iteration,353,7.3106,7.51239,2651.87
iteration,354,8.06287,7.51394,2659.94
iteration,355,6.99644,7.51248,2666.93
iteration,356,7.2579,7.51177,2674.19
iteration,357,7.33316,7.51127,2681.52
iteration,358,7.75188,7.51194,2689.27
iteration,359,7.61337,7.51222,2696.89
iteration,360,6.72431,7.51003,2703.61
iteration,361,7.57676,7.51022,2711.19
iteration,362,7.04458,7.50893,2718.23
iteration,363,7.07385,7.50773,2725.31
iteration,364,7.83798,7.50864,2733.15
iteration,365,7.1482,7.50765,2740.29
iteration,366,7.23529,7.50691,2747.53
iteration,367,7.51236,7.50692,2755.04
iteration,368,7.22814,7.50617,2762.27
iteration,369,7.00832,7.50482,2769.28
iteration,370,7.81412,7.50565,2777.09
iteration,371,7.78357,7.5064,2784.88
iteration,372,7.20086,7.50558,2792.08
iteration,373,7.09768,7.50449,2799.17
iteration,374,7.1481,7.50353,2806.32
iteration,375,7.53308,7.50361,2813.86
iteration,376,7.85688,7.50455,2821.71
iteration,377,7.31029,7.50404,2829.02
iteration,378,7.04021,7.50281,2836.06
iteration,379,6.89209,7.5012,2842.95
iteration,380,7.99076,7.50249,2850.95
iteration,381,7.2457,7.50181,2858.19
iteration,382,6.74654,7.49984,2864.94
iteration,383,7.04466,7.49865,2871.98
iteration,384,6.97971,7.4973,2878.96
iteration,385,7.82789,7.49816,2886.79
iteration,386,7.28423,7.4976,2894.07
iteration,387,7.10109,7.49658,2901.18
iteration,388,7.1148,7.49559,2908.29
iteration,389,6.83731,7.4939,2915.13
iteration,390,7.94447,7.49506,2923.07
iteration,391,7.41481,7.49485,2930.49
iteration,392,6.7877,7.49305,2937.27
iteration,393,7.59352,7.4933,2944.87
iteration,394,7.097,7.4923,2951.96
iteration,395,7.61955,7.49262,2959.58
iteration,396,7.40001,7.49238,2966.98
iteration,397,7.51181,7.49243,2974.5
iteration,398,7.25566,7.49184,2981.75
iteration,399,6.87527,7.49029,2988.63
iteration,400,8.09435,7.4918,2996.72
iteration,401,7.41299,7.49161,3004.13
iteration,402,7.73843,7.49222,3011.87
iteration,403,7.12399,7.49131,3019
iteration,404,7.73959,7.49192,3026.74
iteration,405,6.92629,7.49053,3033.66
iteration,406,6.77237,7.48876,3040.44
iteration,407,6.90169,7.48731,3047.34
iteration,408,7.3989,7.4871,3054.74
iteration,409,7.90983,7.48813,3062.65
iteration,410,7.32577,7.48773,3069.97
iteration,411,7.53255,7.48784,3077.5
iteration,412,7.86714,7.48876,3085.37
iteration,413,7.17232,7.488,3092.54
iteration,414,7.69381,7.4885,3100.24
iteration,415,7.11713,7.4876,3107.35
iteration,416,7.09341,7.48665,3114.45
iteration,417,7.70299,7.48717,3122.15
iteration,418,7.47807,7.48715,3129.63
iteration,419,7.4304,7.48701,3137.06
iteration,420,7.29316,7.48655,3144.35
iteration,421,6.73299,7.48476,3151.09
iteration,422,8.33819,7.48679,3159.42
iteration,423,7.46425,7.48673,3166.89
iteration,424,6.8904,7.48533,3173.78
iteration,425,6.32174,7.48259,3180.1
iteration,426,7.03943,7.48155,3187.14
iteration,427,7.38789,7.48133,3194.53
iteration,428,7.3918,7.48112,3201.92
iteration,429,7.85493,7.48199,3209.77
iteration,430,6.85257,7.48053,3216.63
iteration,431,7.15882,7.47978,3223.79
iteration,432,7.09567,7.47889,3230.88
iteration,433,8.05157,7.48021,3238.93
iteration,434,7.48426,7.48022,3246.42
iteration,435,7.11668,7.47939,3253.53
iteration,436,6.96403,7.47821,3260.5
iteration,437,7.92216,7.47922,3268.42
iteration,438,7.31525,7.47885,3275.73
iteration,439,7.52957,7.47896,3283.26
iteration,440,7.00564,7.47789,3290.27
iteration,441,6.89979,7.47658,3297.17
iteration,442,7.9375,7.47762,3305.11
iteration,443,7.93623,7.47865,3313.04
iteration,444,7.55349,7.47882,3320.6
iteration,445,6.84747,7.4774,3327.44
iteration,446,7.1628,7.4767,3334.61
iteration,447,7.15542,7.47598,3341.76
iteration,448,7.30657,7.4756,3349.07
iteration,449,7.67462,7.47604,3356.74
iteration,450,6.93732,7.47485,3363.68
iteration,451,7.64539,7.47523,3371.33
iteration,452,7.13189,7.47447,3378.46
iteration,453,7.56704,7.47467,3386.03
iteration,454,7.28986,7.47426,3393.32
iteration,455,7.04514,7.47332,3400.36
iteration,456,7.32923,7.473,3407.69
iteration,457,6.85205,7.47165,3414.54
iteration,458,6.45662,7.46943,3421
iteration,459,7.68927,7.46991,3428.69
iteration,460,7.13751,7.46919,3435.83
iteration,461,7.78001,7.46986,3443.61
iteration,462,7.23611,7.46935,3450.84
iteration,463,7.49106,7.4694,3458.33
iteration,464,7.71788,7.46994,3466.05
iteration,465,7.59178,7.4702,3473.64
iteration,466,7.45289,7.47016,3481.09
iteration,467,6.64709,7.4684,3487.74
iteration,468,7.05701,7.46752,3494.8
iteration,469,7.28308,7.46713,3502.08
iteration,470,7.4536,7.4671,3509.54
iteration,471,7.60115,7.46738,3517.14
iteration,472,7.83774,7.46817,3524.97
iteration,473,7.41414,7.46805,3532.39
iteration,474,6.97023,7.467,3539.36
iteration,475,8.0454,7.46822,3547.4
iteration,476,7.2626,7.46779,3554.67
iteration,477,7.06,7.46693,3561.73
iteration,478,7.04281,7.46605,3568.77
iteration,479,7.60522,7.46634,3576.38
iteration,480,7.35066,7.4661,3583.73
iteration,481,6.65941,7.46442,3590.39
iteration,482,7.33862,7.46416,3597.72
iteration,483,7.21755,7.46365,3604.94
iteration,484,6.99426,7.46268,3611.94
iteration,485,7.92149,7.46362,3619.86
iteration,486,7.35114,7.46339,3627.21
iteration,487,7.24865,7.46295,3634.46
iteration,488,7.09619,7.4622,3641.55
iteration,489,7.87639,7.46305,3649.43
iteration,490,7.42464,7.46297,3656.85
iteration,491,8.00521,7.46407,3664.86
iteration,492,7.24677,7.46363,3672.11
iteration,493,7.2817,7.46326,3679.39
iteration,494,7.27475,7.46288,3686.66
iteration,495,7.3814,7.46271,3694.04
iteration,496,7.47325,7.46274,3701.52
iteration,497,7.29814,7.4624,3708.82
iteration,498,7.4419,7.46236,3716.26
iteration,499,6.93423,7.46131,3723.19
iteration,500,5.47162,7.45733,3728.66
iteration,501,7.17149,7.45676,3735.83
iteration,502,7.2433,7.45633,3743.08
iteration,503,7.15072,7.45572,3750.23
iteration,504,7.86213,7.45653,3758.09
iteration,505,7.06063,7.45575,3765.15
iteration,506,7.81549,7.45646,3772.97
iteration,507,7.16461,7.45588,3780.13
iteration,508,7.67146,7.4563,3787.8
iteration,509,7.012,7.45543,3794.81
iteration,510,6.9985,7.45454,3801.81
iteration,511,7.55488,7.45473,3809.37
iteration,512,7.70671,7.45522,3817.07
iteration,513,7.37495,7.45507,3824.45
iteration,514,6.88123,7.45395,3831.33
iteration,515,7.16605,7.45339,3838.5
iteration,516,7.1871,7.45288,3845.68
iteration,517,7.70294,7.45336,3853.39
iteration,518,7.7214,7.45388,3861.11
iteration,519,6.79537,7.45261,3867.9
iteration,520,6.7496,7.45126,3874.65
iteration,521,7.07121,7.45053,3881.72
iteration,522,7.63105,7.45087,3889.36
iteration,523,7.42439,7.45082,3896.78
iteration,524,6.80246,7.44959,3903.58
iteration,525,7.14364,7.449,3910.73
iteration,526,6.89454,7.44795,3917.62
iteration,527,7.19057,7.44746,3924.81
iteration,528,7.39556,7.44736,3932.21
iteration,529,7.02149,7.44656,3939.23
iteration,530,7.08167,7.44587,3946.31
iteration,531,6.37242,7.44385,3952.68
iteration,532,6.89014,7.44281,3959.57
iteration,533,7.70228,7.44329,3967.27
iteration,534,5.81171,7.44024,3973.09
iteration,535,5.98387,7.43751,3979.07
iteration,536,7.01596,7.43673,3986.09
iteration,537,7.09818,7.4361,3993.18
iteration,538,8.00858,7.43716,4001.19
iteration,539,7.3516,7.437,4008.54
iteration,540,7.71755,7.43752,4016.26
iteration,541,7.10368,7.43691,4023.37
iteration,542,7.25935,7.43658,4030.63
iteration,543,7.15888,7.43607,4037.78
iteration,544,7.43025,7.43606,4045.21
iteration,545,7.66979,7.43648,4052.88
iteration,546,7.59025,7.43677,4060.47
iteration,547,7.53575,7.43695,4068.01
iteration,548,7.31955,7.43673,4075.33
iteration,549,8.28692,7.43828,4083.62
iteration,550,6.99639,7.43748,4090.61
iteration,551,7.41096,7.43743,4098.02
iteration,552,7.03506,7.4367,4105.06
iteration,553,7.11377,7.43612,4112.17
iteration,554,7.58474,7.43639,4119.76
iteration,555,7.56741,7.43662,4127.33
iteration,556,7.93513,7.43752,4135.26
iteration,557,6.84089,7.43645,4142.1
iteration,558,7.24892,7.43611,4149.35
iteration,559,7.01838,7.43536,4156.37
iteration,560,7.63606,7.43572,4164
iteration,561,7.81891,7.43641,4171.82
iteration,562,7.404,7.43635,4179.23
iteration,563,7.30658,7.43612,4186.53
iteration,564,7.49122,7.43621,4194.03
iteration,565,7.49468,7.43632,4201.52
iteration,566,7.09401,7.43571,4208.61
iteration,567,7.05283,7.43504,4215.67
iteration,568,6.83813,7.43399,4222.5
iteration,569,7.37121,7.43388,4229.88
iteration,570,7.89896,7.43469,4237.78
iteration,571,7.47133,7.43476,4245.25
iteration,572,7.05871,7.4341,4252.31
iteration,573,7.10138,7.43352,4259.41
iteration,574,7.51874,7.43367,4266.93
iteration,575,7.55758,7.43388,4274.48
iteration,576,6.83964,7.43285,4281.32
iteration,577,7.18742,7.43243,4288.51
iteration,578,6.90748,7.43152,4295.42
iteration,579,6.80496,7.43044,4302.22
iteration,580,7.68429,7.43087,4309.91
iteration,581,7.96841,7.4318,4317.87
iteration,582,7.31392,7.4316,4325.19
iteration,583,7.14677,7.43111,4332.34
iteration,584,7.05731,7.43047,4339.39
iteration,585,7.33814,7.43031,4346.73
iteration,586,7.85957,7.43104,4354.59
iteration,587,6.7885,7.42995,4361.38
iteration,588,7.03758,7.42928,4368.42
iteration,589,7.50055,7.4294,4375.92
iteration,590,6.87109,7.42845,4382.79
iteration,591,7.64518,7.42882,4390.43
iteration,592,7.10753,7.42828,4397.54
iteration,593,7.03752,7.42762,4404.58
iteration,594,7.44108,7.42764,4412.02
iteration,595,7.09554,7.42708,4419.12
iteration,596,7.41839,7.42707,4426.53
iteration,597,7.40227,7.42703,4433.94
iteration,598,6.7169,7.42584,4440.65
iteration,599,7.46194,7.4259,4448.11
iteration,600,6.77564,7.42482,4454.89
iteration,601,7.2742,7.42457,4462.16
iteration,602,7.25065,7.42428,4469.42
iteration,603,7.03692,7.42364,4476.45
iteration,604,7.80382,7.42426,4484.26
iteration,605,7.09213,7.42372,4491.35
iteration,606,7.12489,7.42322,4498.47
iteration,607,7.43827,7.42325,4505.91
iteration,608,7.55347,7.42346,4513.46
iteration,609,7.53438,7.42364,4521
iteration,610,6.95044,7.42287,4527.95
iteration,611,6.91625,7.42204,4534.87
iteration,612,7.86939,7.42277,4542.74
iteration,613,7.72055,7.42326,4550.46
iteration,614,6.91123,7.42242,4557.37
iteration,615,6.99554,7.42173,4564.36
iteration,616,6.95387,7.42097,4571.32
iteration,617,7.25838,7.4207,4578.57
iteration,618,7.65624,7.42109,4586.23
iteration,619,7.05462,7.42049,4593.29
iteration,620,7.20276,7.42014,4600.49
iteration,621,6.97964,7.41943,4607.47
iteration,622,7.10624,7.41893,4614.57
iteration,623,8.14087,7.42009,4622.72
iteration,624,7.50015,7.42022,4630.22
iteration,625,7.05565,7.41963,4637.27
iteration,626,6.91888,7.41883,4644.19
iteration,627,7.45596,7.41889,4651.65
iteration,628,8.0158,7.41984,4659.66
iteration,629,7.28327,7.41963,4666.94
iteration,630,6.99397,7.41895,4673.94
iteration,631,7.05563,7.41837,4680.99
iteration,632,7.44539,7.41842,4688.44
iteration,633,7.71434,7.41888,4696.15
iteration,634,7.70539,7.41934,4703.86
iteration,635,6.98681,7.41866,4710.85
iteration,636,6.96861,7.41795,4717.81
iteration,637,7.48459,7.41805,4725.3
iteration,638,7.69963,7.41849,4733
iteration,639,6.90647,7.41769,4739.91
iteration,640,7.54693,7.41789,4747.45
iteration,641,7.07773,7.41736,4754.53
iteration,642,7.79502,7.41795,4762.33
iteration,643,7.48356,7.41805,4769.81
iteration,644,7.48632,7.41816,4777.3
iteration,645,7.23466,7.41788,4784.53
iteration,646,6.66221,7.41671,4791.19
iteration,647,7.37362,7.41664,4798.57
iteration,648,6.98771,7.41598,4805.55
iteration,649,7.21403,7.41567,4812.77
iteration,650,7.67754,7.41607,4820.44
iteration,651,7.27757,7.41586,4827.72
iteration,652,6.92945,7.41511,4834.65
iteration,653,7.00575,7.41448,4841.66
iteration,654,7.09482,7.41399,4848.75
iteration,655,6.74903,7.41298,4855.5
iteration,656,8.05321,7.41396,4863.55
iteration,657,6.84385,7.41309,4870.4
iteration,658,6.8277,7.4122,4877.23
iteration,659,7.74202,7.4127,4884.97
iteration,660,7.49101,7.41282,4892.46
iteration,661,8.29242,7.41415,4900.75
iteration,662,6.93093,7.41342,4907.68
iteration,663,6.64982,7.41227,4914.33
iteration,664,6.96153,7.41159,4921.29
iteration,665,7.57279,7.41183,4928.87
iteration,666,7.23355,7.41156,4936.1
iteration,667,7.02811,7.41099,4943.13
iteration,668,7.29712,7.41082,4950.43
iteration,669,7.57161,7.41106,4958
iteration,670,7.86696,7.41174,4965.86
iteration,671,7.81506,7.41234,4973.68
iteration,672,6.89883,7.41157,4980.58
iteration,673,7.21914,7.41129,4987.8
iteration,674,7.09814,7.41082,4994.9
iteration,675,7.90763,7.41156,5002.8
iteration,676,7.36518,7.41149,5010.17
iteration,677,7.0192,7.41091,5017.19
iteration,678,6.79846,7.41001,5023.99
iteration,679,6.7345,7.40901,5030.72
iteration,680,7.70716,7.40945,5038.43
iteration,681,7.37512,7.4094,5045.8
iteration,682,7.30449,7.40925,5053.11
iteration,683,7.07362,7.40876,5060.18
iteration,684,7.14957,7.40838,5067.33
iteration,685,7.25609,7.40816,5074.59
iteration,686,7.62508,7.40847,5082.21
iteration,687,6.87919,7.4077,5089.09
iteration,688,7.13208,7.4073,5096.22
iteration,689,6.98182,7.40668,5103.2
iteration,690,7.241,7.40644,5110.45
iteration,691,7.06899,7.40595,5117.51
iteration,692,7.52304,7.40612,5125.04
iteration,693,7.2419,7.40589,5132.28
iteration,694,7.41562,7.4059,5139.7
iteration,695,6.87256,7.40513,5146.57
iteration,696,7.27147,7.40494,5153.84
iteration,697,7.60156,7.40522,5161.44
iteration,698,7.27269,7.40503,5168.71
iteration,699,7.73616,7.40551,5176.45
iteration,700,7.01414,7.40495,5183.46
iteration,701,7.63675,7.40528,5191.1
iteration,702,7.55083,7.40549,5198.65
iteration,703,7.15649,7.40513,5205.81
iteration,704,7.72105,7.40558,5213.53
iteration,705,7.26833,7.40539,5220.8
iteration,706,6.88284,7.40465,5227.68
iteration,707,7.23628,7.40441,5234.92
iteration,708,7.68813,7.40481,5242.6
iteration,709,7.88613,7.40549,5250.49
iteration,710,7.22608,7.40523,5257.72
iteration,711,6.94277,7.40458,5264.66
iteration,712,7.49683,7.40471,5272.16
iteration,713,8.01946,7.40558,5280.18
iteration,714,7.01575,7.40503,5287.19
iteration,715,6.95444,7.4044,5294.15
iteration,716,6.68497,7.40339,5300.83
iteration,717,7.51852,7.40356,5308.35
iteration,718,7.45679,7.40363,5315.81
iteration,719,7.61298,7.40392,5323.42
iteration,720,6.81304,7.4031,5330.23
iteration,721,7.13822,7.40273,5337.37
iteration,722,7.93263,7.40347,5345.3
iteration,723,7.8079,7.40403,5353.11
iteration,724,6.89624,7.40332,5360.01
iteration,725,6.95743,7.40271,5366.96
iteration,726,7.13925,7.40235,5374.1
iteration,727,7.24995,7.40214,5381.35
iteration,728,8.0036,7.40296,5389.36
iteration,729,6.79516,7.40213,5396.15
iteration,730,7.3625,7.40208,5403.51
iteration,731,7.15635,7.40174,5410.67
iteration,732,7.37635,7.4017,5418.05
iteration,733,6.97239,7.40112,5425.02
iteration,734,6.86653,7.40039,5431.89
iteration,735,7.44381,7.40045,5439.33
iteration,736,6.77227,7.3996,5446.1
iteration,737,7.55228,7.3998,5453.65
iteration,738,7.58982,7.40006,5461.24
iteration,739,7.02322,7.39955,5468.27
iteration,740,6.92643,7.39891,5475.19
iteration,741,7.62096,7.39921,5482.82
iteration,742,7.13867,7.39886,5489.95
iteration,743,6.82604,7.39809,5496.78
iteration,744,7.70662,7.3985,5504.49
iteration,745,6.93903,7.39789,5511.43
iteration,746,6.80153,7.39709,5518.23
iteration,747,7.27189,7.39692,5525.5
iteration,748,6.952,7.39633,5532.45
iteration,749,7.46202,7.39641,5539.91
iteration,750,6.87498,7.39572,5546.79
iteration,751,7.0415,7.39525,5553.83
iteration,752,7.32865,7.39516,5561.16
iteration,753,6.89875,7.3945,5568.06
iteration,754,7.25511,7.39431,5575.31
iteration,755,7.67076,7.39468,5582.98
iteration,756,7.10404,7.39429,5590.09
iteration,757,7.06151,7.39386,5597.15
iteration,758,6.8472,7.39313,5604
iteration,759,7.00884,7.39263,5611
iteration,760,7.06096,7.39219,5618.07
iteration,761,7.9619,7.39294,5626.03
iteration,762,6.98608,7.39241,5633.01
iteration,763,6.82261,7.39166,5639.84
iteration,764,6.78088,7.39086,5646.62
iteration,765,7.46445,7.39096,5654.08
iteration,766,7.96944,7.39171,5662.05
iteration,767,7.0938,7.39132,5669.14
iteration,768,7.17129,7.39104,5676.32
iteration,769,7.00559,7.39054,5683.32
iteration,770,7.20266,7.39029,5690.52
iteration,771,7.81437,7.39084,5698.34
iteration,772,7.34605,7.39078,5705.68
iteration,773,7.37487,7.39076,5713.06
iteration,774,6.97351,7.39022,5720.03
iteration,775,7.44097,7.39029,5727.47
iteration,776,7.69572,7.39068,5735.17
iteration,777,7.2795,7.39054,5742.45
iteration,778,7.0944,7.39016,5749.54
iteration,779,6.74124,7.38933,5756.28
iteration,780,7.5206,7.38949,5763.81
iteration,781,7.51748,7.38966,5771.32
iteration,782,6.97398,7.38913,5778.3
iteration,783,6.80667,7.38838,5785.1
iteration,784,6.85063,7.3877,5791.95
iteration,785,7.62329,7.388,5799.58
iteration,786,6.77916,7.38722,5806.36
iteration,787,7.65745,7.38757,5814.01
iteration,788,7.19703,7.38732,5821.21
iteration,789,7.10494,7.38697,5828.32
iteration,790,7.18788,7.38671,5835.5
iteration,791,7.04622,7.38628,5842.55
iteration,792,7.52346,7.38646,5850.07
iteration,793,7.1517,7.38616,5857.23
iteration,794,7.05913,7.38575,5864.28
iteration,795,7.62187,7.38605,5871.91
iteration,796,6.71858,7.38521,5878.62
iteration,797,6.89618,7.38459,5885.52
iteration,798,7.08974,7.38422,5892.61
iteration,799,6.79011,7.38348,5899.4
iteration,800,7.42488,7.38353,5906.83
iteration,801,6.76853,7.38276,5913.59
iteration,802,7.12047,7.38244,5920.71
iteration,803,7.42035,7.38248,5928.14
iteration,804,7.25541,7.38233,5935.39
iteration,805,7.59909,7.3826,5942.99
iteration,806,7.0782,7.38222,5950.07
iteration,807,7.2704,7.38208,5957.34
iteration,808,7.84918,7.38266,5965.19
iteration,809,6.77198,7.3819,5971.96
iteration,810,7.54215,7.3821,5979.5
iteration,811,6.7539,7.38133,5986.26
iteration,812,6.6701,7.38045,5992.93
iteration,813,7.37759,7.38045,6000.3
iteration,814,7.25848,7.3803,6007.56
iteration,815,7.83764,7.38086,6015.4
iteration,816,6.90514,7.38027,6022.3
iteration,817,7.11206,7.37995,6029.42
iteration,818,7.19261,7.37972,6036.61
iteration,819,7.97439,7.38044,6044.58
iteration,820,7.05659,7.38005,6051.64
iteration,821,6.86787,7.37942,6058.51
iteration,822,6.71088,7.37861,6065.22
iteration,823,7.26937,7.37848,6072.49
iteration,824,8.15096,7.37942,6080.64
iteration,825,6.94142,7.37889,6087.58
iteration,826,6.78488,7.37817,6094.37
iteration,827,6.78481,7.37745,6101.15
iteration,828,7.28133,7.37733,6108.43
iteration,829,8.37775,7.37854,6116.81
iteration,830,7.22199,7.37835,6124.03
iteration,831,7.1079,7.37803,6131.14
iteration,832,7.06749,7.37765,6138.21
iteration,833,6.80969,7.37697,6145.02
iteration,834,2.79338,7.37147,6147.81
summary,834,2.79338,7.37147,6147.81
iteration,1,15.8657,15.8657,15.8657
iteration,2,11.7597,13.8127,27.6253
iteration,3,12.4764,13.3672,40.1017
iteration,4,12.7715,13.2183,52.8732
iteration,5,11.6897,12.9126,64.5629
iteration,6,13.415,12.9963,77.978
iteration,7,12.0368,12.8593,90.0148
iteration,8,12.9592,12.8717,102.974
iteration,9,12.5653,12.8377,115.539
iteration,10,12.3673,12.7907,127.907
iteration,11,12.6153,12.7747,140.522
iteration,12,12.5315,12.7545,153.053
iteration,13,12.0262,12.6984,165.08
iteration,14,12.755,12.7025,177.835
iteration,15,12.0938,12.6619,189.928
iteration,16,12.7568,12.6678,202.685
iteration,17,12.0497,12.6315,214.735
iteration,18,13.2158,12.6639,227.951
iteration,19,12.2544,12.6424,240.205
iteration,20,12.7402,12.6473,252.945
iteration,21,11.5177,12.5935,264.463
iteration,22,12.0247,12.5676,276.488
iteration,23,11.6786,12.529,288.166
iteration,24,11.3582,12.4802,299.524
iteration,25,12.2512,12.471,311.776
iteration,26,12.3932,12.468,324.169
iteration,27,11.9121,12.4474,336.081
iteration,28,12.5222,12.4501,348.603
iteration,29,12.9445,12.4672,361.548
iteration,30,11.5878,12.4378,373.135
iteration,31,11.5976,12.4107,384.733
iteration,32,13.3054,12.4387,398.039
iteration,33,13.4254,12.4686,411.464
iteration,34,13.957,12.5124,425.421
iteration,35,13.6493,12.5449,439.07
iteration,36,13.7098,12.5772,452.78
iteration,37,12.9536,12.5874,465.734
iteration,38,13.7942,12.6192,479.528
iteration,39,13.4287,12.6399,492.957
iteration,40,12.8511,12.6452,505.808
iteration,41,13.4974,12.666,519.305
iteration,42,13.7101,12.6908,533.015
iteration,43,12.9987,12.698,546.014
iteration,44,13.0657,12.7064,559.08
iteration,45,13.2461,12.7183,572.326
iteration,46,13.2583,12.7301,585.584
iteration,47,12.153,12.7178,597.737
iteration,48,13.4563,12.7332,611.193
iteration,49,13.0464,12.7396,624.24
iteration,50,12.8897,12.7426,637.129
iteration,51,12.8389,12.7445,649.968
iteration,52,12.7354,12.7443,662.704
iteration,53,12.9179,12.7476,675.622
iteration,54,12.7924,12.7484,688.414
iteration,55,12.1978,12.7384,700.612
iteration,56,12.436,12.733,713.048
iteration,57,12.3713,12.7267,725.419
iteration,58,11.6278,12.7077,737.047
iteration,59,12.2082,12.6992,749.255
iteration,60,12.4996,12.6959,761.755
iteration,61,12.1082,12.6863,773.863
iteration,62,11.9271,12.674,785.79
iteration,63,12.1152,12.6652,797.905
iteration,64,11.4888,12.6468,809.394
iteration,65,11.1034,12.623,820.498
iteration,66,11.7319,12.6095,832.23
iteration,67,11.4626,12.5924,843.692
iteration,68,10.678,12.5643,854.37
iteration,69,11.3506,12.5467,865.721
iteration,70,10.9296,12.5236,876.65
iteration,71,11.1338,12.504,887.784
iteration,72,11.055,12.4839,898.839
iteration,73,10.0776,12.4509,908.917
iteration,74,10.9383,12.4305,919.855
iteration,75,11.1467,12.4134,931.002
iteration,76,11.0076,12.3949,942.009
iteration,77,11.4239,12.3822,953.433
iteration,78,10.9869,12.3644,964.42
iteration,79,11.6441,12.3552,976.064
iteration,80,11.312,12.3422,987.376
iteration,81,11.0353,12.3261,998.412
iteration,82,11.5314,12.3164,1009.94
iteration,83,11.4685,12.3062,1021.41
iteration,84,10.9863,12.2904,1032.4
iteration,85,10.8757,12.2738,1043.27
iteration,86,11.0601,12.2597,1054.33
iteration,87,11.6059,12.2522,1065.94
iteration,88,11.6518,12.2454,1077.59
iteration,89,11.4068,12.2359,1089
iteration,90,12.0458,12.2338,1101.04
iteration,91,12.3854,12.2355,1113.43
iteration,92,12.2647,12.2358,1125.69
iteration,93,11.9498,12.2327,1137.64
iteration,94,12.241,12.2328,1149.88
iteration,95,12.2758,12.2333,1162.16
iteration,96,12.3436,12.2344,1174.5
iteration,97,12.2442,12.2345,1186.75
iteration,98,12.1431,12.2336,1198.89
iteration,99,13.0035,12.2414,1211.89
iteration,100,12.3957,12.2429,1224.29
iteration,101,12.7744,12.2482,1237.06
iteration,102,12.8822,12.2544,1249.95
iteration,103,11.938,12.2513,1261.89
iteration,104,11.9007,12.2479,1273.79
iteration,105,11.8787,12.2444,1285.66
iteration,106,11.808,12.2403,1297.47
iteration,107,11.7755,12.236,1309.25
iteration,108,11.7223,12.2312,1320.97
iteration,109,11.8158,12.2274,1332.79
iteration,110,11.6809,12.2224,1344.47
iteration,111,11.3225,12.2143,1355.79
iteration,112,11.0133,12.2036,1366.8
iteration,113,11.74,12.1995,1378.54
iteration,114,11.5618,12.1939,1390.1
iteration,115,11.5948,12.1887,1401.7
iteration,116,11.1179,12.1795,1412.82
iteration,117,11.5564,12.1741,1424.37
iteration,118,11.8657,12.1715,1436.24
iteration,119,11.6965,12.1675,1447.94
iteration,120,11.6022,12.1628,1459.54
iteration,121,11.8704,12.1604,1471.41
iteration,122,11.749,12.157,1483.16
iteration,123,11.6901,12.1532,1494.85
iteration,124,11.7149,12.1497,1506.56
iteration,125,11.7232,12.1463,1518.29
iteration,126,11.6812,12.1426,1529.97
iteration,127,11.734,12.1394,1541.7
iteration,128,11.6934,12.1359,1553.39
iteration,129,11.6596,12.1322,1565.05
iteration,130,11.5568,12.1278,1576.61
iteration,131,11.7193,12.1247,1588.33
iteration,132,11.788,12.1221,1600.12
iteration,133,11.0659,12.1142,1611.18
iteration,134,11.6243,12.1105,1622.81
iteration,135,11.5029,12.106,1634.31
iteration,136,10.8254,12.0966,1645.14
iteration,137,11.6181,12.0931,1656.75
iteration,138,11.6324,12.0898,1668.39
iteration,139,11.53,12.0857,1679.92
iteration,140,11.5503,12.0819,1691.47
iteration,141,11.3307,12.0766,1702.8
iteration,142,11.0271,12.0692,1713.83
iteration,143,11.47,12.065,1725.3
iteration,144,11.3306,12.0599,1736.63
iteration,145,11.8842,12.0587,1748.51
iteration,146,11.5029,12.0549,1760.01
iteration,147,11.4254,12.0506,1771.44
iteration,148,11.3427,12.0458,1782.78
iteration,149,11.5476,12.0425,1794.33
iteration,150,11.5795,12.0394,1805.91
iteration,151,11.5303,12.036,1817.44
iteration,152,11.0123,12.0293,1828.45
iteration,153,11.7989,12.0278,1840.25
iteration,154,11.3676,12.0235,1851.62
iteration,155,11.8996,12.0227,1863.52
iteration,156,11.4699,12.0191,1874.99
iteration,157,11.3733,12.015,1886.36
iteration,158,11.8848,12.0142,1898.24
iteration,159,11.4549,12.0107,1909.7
iteration,160,11.4167,12.007,1921.12
iteration,161,11.6786,12.0049,1932.79
iteration,162,11.475,12.0017,1944.27
iteration,163,11.6683,11.9996,1955.94
iteration,164,11.5247,11.9967,1967.46
iteration,165,11.587,11.9942,1979.05
iteration,166,11.4515,11.991,1990.5
iteration,167,11.0024,11.9851,2001.5
iteration,168,11.5759,11.9826,2013.08
iteration,169,11.3669,11.979,2024.45
iteration,170,10.8474,11.9723,2035.29
iteration,171,11.4845,11.9695,2046.78
iteration,172,11.3409,11.9658,2058.12
iteration,173,11.4498,11.9628,2069.57
iteration,174,10.8408,11.9564,2080.41
iteration,175,11.4519,11.9535,2091.86
iteration,176,11.0666,11.9485,2102.93
iteration,177,10.7637,11.9418,2113.69
iteration,178,11.7878,11.9409,2125.48
iteration,179,10.6182,11.9335,2136.1
iteration,180,12.1227,11.9346,2148.22
iteration,181,11.3012,11.9311,2159.52
iteration,182,11.3723,11.928,2170.89
iteration,183,11.5626,11.926,2182.46
iteration,184,11.4118,11.9232,2193.87
iteration,185,10.8345,11.9173,2204.7
iteration,186,11.489,11.915,2216.19
iteration,187,11.1914,11.9111,2227.38
iteration,188,10.7857,11.9052,2238.17
iteration,189,11.37,11.9023,2249.54
iteration,190,10.7245,11.8961,2260.26
iteration,191,12.048,11.8969,2272.31
iteration,192,11.3932,11.8943,2283.71
iteration,193,10.9315,11.8893,2294.64
iteration,194,11.4534,11.8871,2306.09
iteration,195,11.0653,11.8828,2317.16
iteration,196,10.6879,11.8768,2327.84
iteration,197,11.5145,11.8749,2339.36
iteration,198,10.665,11.8688,2350.02
iteration,199,11.3168,11.866,2361.34
iteration,200,11.1497,11.8624,2372.49
iteration,201,10.6127,11.8562,2383.1
iteration,202,11.2953,11.8535,2394.4
iteration,203,10.4586,11.8466,2404.86
iteration,204,11.171,11.8433,2416.03
iteration,205,11.2609,11.8404,2427.29
iteration,206,11.1531,11.8371,2438.44
iteration,207,11.3311,11.8346,2449.77
iteration,208,10.5839,11.8286,2460.36
iteration,209,10.9649,11.8245,2471.32
iteration,210,11.207,11.8216,2482.53
iteration,211,11.5964,11.8205,2494.12
iteration,212,11.1507,11.8173,2505.27
iteration,213,11.0379,11.8137,2516.31
iteration,214,11.0271,11.81,2527.34
iteration,215,10.9178,11.8058,2538.26
iteration,216,11.3207,11.8036,2549.58
iteration,217,10.9797,11.7998,2560.56
iteration,218,10.8487,11.7954,2571.41
iteration,219,10.9353,11.7915,2582.34
iteration,220,11.1651,11.7887,2593.51
iteration,221,10.7204,11.7838,2604.23
iteration,222,10.7835,11.7793,2615.01
iteration,223,11.0176,11.7759,2626.03
iteration,224,10.9041,11.772,2636.93
iteration,225,11.0639,11.7689,2648
iteration,226,11.3408,11.767,2659.34
iteration,227,11.0775,11.7639,2670.42
iteration,228,10.7805,11.7596,2681.2
iteration,229,10.8701,11.7557,2692.07
iteration,230,10.8835,11.752,2702.95
iteration,231,10.8694,11.7481,2713.82
iteration,232,10.8777,11.7444,2724.7
iteration,233,10.9062,11.7408,2735.6
iteration,234,10.7578,11.7366,2746.36
iteration,235,10.8145,11.7327,2757.17
iteration,236,10.7263,11.7284,2767.9
iteration,237,10.1395,11.7217,2778.04
iteration,238,10.8042,11.7178,2788.84
iteration,239,11.1188,11.7153,2799.96
iteration,240,10.5535,11.7105,2810.52
iteration,241,10.7039,11.7063,2821.22
iteration,242,10.2062,11.7001,2831.43
iteration,243,10.8753,11.6967,2842.3
iteration,244,9.80743,11.689,2852.11
iteration,245,10.7066,11.685,2862.82
iteration,246,9.81266,11.6774,2872.63
iteration,247,11.4613,11.6765,2884.09
iteration,248,10.6118,11.6722,2894.7
iteration,249,10.8621,11.6689,2905.56
iteration,250,10.5186,11.6643,2916.08
iteration,251,9.90278,11.6573,2925.99
iteration,252,10.5934,11.6531,2936.58
iteration,253,10.6519,11.6491,2947.23
iteration,254,10.4151,11.6443,2957.65
iteration,255,10.0537,11.638,2967.7
iteration,256,10.6133,11.634,2978.31
iteration,257,9.88526,11.6272,2988.2
iteration,258,10.584,11.6232,2998.78
iteration,259,10.4924,11.6188,3009.27
iteration,260,9.91743,11.6123,3019.19
iteration,261,10.4765,11.6079,3029.67
iteration,262,10.7019,11.6045,3040.37
iteration,263,10.5816,11.6006,3050.95
iteration,264,10.524,11.5965,3061.48
iteration,265,10.5712,11.5926,3072.05
iteration,266,10.7246,11.5894,3082.77
iteration,267,10.7736,11.5863,3093.55
iteration,268,10.3184,11.5816,3103.86
iteration,269,10.6833,11.5782,3114.55
iteration,270,10.6509,11.5748,3125.2
iteration,271,10.7044,11.5716,3135.9
iteration,272,10.4344,11.5674,3146.34
iteration,273,10.7156,11.5643,3157.05
iteration,274,9.86509,11.5581,3166.92
iteration,275,10.6985,11.555,3177.62
iteration,276,9.888,11.5489,3187.5
iteration,277,10.6804,11.5458,3198.18
iteration,278,10.3414,11.5415,3208.53
iteration,279,9.92958,11.5357,3218.46
iteration,280,10.3958,11.5316,3228.85
iteration,281,9.96523,11.526,3238.82
iteration,282,10.6386,11.5229,3249.46
iteration,283,9.75967,11.5167,3259.21
iteration,284,11.1866,11.5155,3270.4
iteration,285,10.4853,11.5119,3280.89
iteration,286,9.72926,11.5057,3290.62
iteration,287,10.4289,11.5019,3301.04
iteration,288,9.8471,11.4962,3310.89
iteration,289,10.3843,11.4923,3321.28
iteration,290,9.59184,11.4858,3330.87
iteration,291,10.6295,11.4828,3341.5
iteration,292,10.331,11.4789,3351.83
iteration,293,10.3987,11.4752,3362.23
iteration,294,9.90367,11.4698,3372.13
iteration,295,10.276,11.4658,3382.41
iteration,296,9.89548,11.4605,3392.3
iteration,297,10.3797,11.4568,3402.68
iteration,298,9.85076,11.4515,3412.53
iteration,299,11.2343,11.4507,3423.77
iteration,300,10.2596,11.4468,3434.03
iteration,301,9.89016,11.4416,3443.92
iteration,302,10.394,11.4381,3454.31
iteration,303,9.62927,11.4321,3463.94
iteration,304,10.3479,11.4286,3474.29
iteration,305,10.4356,11.4253,3484.72
iteration,306,10.6999,11.423,3495.42
iteration,307,10.6104,11.4203,3506.03
iteration,308,10.3875,11.417,3516.42
iteration,309,10.0741,11.4126,3526.5
iteration,310,10.2824,11.409,3536.78
iteration,311,9.79662,11.4038,3546.57
iteration,312,10.1315,11.3997,3556.71
iteration,313,9.98375,11.3952,3566.69
iteration,314,10.4392,11.3921,3577.13
iteration,315,10.4933,11.3893,3587.62
iteration,316,10.0002,11.3849,3597.62
iteration,317,10.2225,11.3812,3607.84
iteration,318,9.9602,11.3767,3617.81
iteration,319,10.419,11.3737,3628.22
iteration,320,9.69251,11.3685,3637.92
iteration,321,11.3889,11.3686,3649.31
iteration,322,10.2784,11.3652,3659.58
iteration,323,10.4755,11.3624,3670.06
iteration,324,10.6455,11.3602,3680.7
iteration,325,10.4674,11.3575,3691.17
iteration,326,10.8308,11.3558,3702
iteration,327,10.5653,11.3534,3712.57
iteration,328,10.6918,11.3514,3723.26
iteration,329,10.5807,11.3491,3733.84
iteration,330,10.5333,11.3466,3744.37
iteration,331,10.5746,11.3443,3754.95
iteration,332,9.88102,11.3398,3764.83
iteration,333,10.6492,11.3378,3775.48
iteration,334,9.87095,11.3334,3785.35
iteration,335,10.3417,11.3304,3795.69
iteration,336,10.707,11.3286,3806.4
iteration,337,9.8308,11.3241,3816.23
iteration,338,10.4523,11.3215,3826.68
iteration,339,10.0612,11.3178,3836.74
iteration,340,10.5744,11.3156,3847.32
iteration,341,9.84004,11.3113,3857.16
iteration,342,10.592,11.3092,3867.75
iteration,343,10.713,11.3075,3878.46
iteration,344,10.2759,11.3045,3888.74
iteration,345,10.6864,11.3027,3899.42
iteration,346,9.77775,11.2983,3909.2
iteration,347,10.5336,11.2961,3919.74
iteration,348,9.90817,11.2921,3929.64
iteration,349,11.3288,11.2922,3940.97
iteration,350,10.5188,11.29,3951.49
iteration,351,9.98268,11.2863,3961.47
iteration,352,10.784,11.2848,3972.26
iteration,353,10.9159,11.2838,3983.17
iteration,354,9.78187,11.2795,3992.96
iteration,355,11.3153,11.2796,4004.27
iteration,356,10.883,11.2785,4015.15
iteration,357,11.0575,11.2779,4026.21
iteration,358,10.4715,11.2757,4036.68
iteration,359,10.4446,11.2733,4047.13
iteration,360,10.5845,11.2714,4057.71
iteration,361,10.3757,11.2689,4068.09
iteration,362,10.0395,11.2655,4078.13
iteration,363,10.594,11.2637,4088.72
iteration,364,9.94125,11.2601,4098.66
iteration,365,10.5768,11.2582,4109.24
iteration,366,10.6593,11.2566,4119.9
iteration,367,9.9088,11.2529,4129.81
iteration,368,10.4655,11.2507,4140.27
iteration,369,9.9919,11.2473,4150.27
iteration,370,10.5362,11.2454,4160.8
iteration,371,9.965,11.242,4170.77
iteration,372,11.3487,11.2422,4182.12
iteration,373,10.5649,11.2404,4192.68
iteration,374,10.5193,11.2385,4203.2
iteration,375,10.6783,11.237,4213.88
iteration,376,10.2776,11.2345,4224.16
iteration,377,10.6807,11.233,4234.84
iteration,378,10.5399,11.2312,4245.38
iteration,379,10.7424,11.2299,4256.12
iteration,380,10.0971,11.2269,4266.22
iteration,381,11.0296,11.2264,4277.24
iteration,382,10.4924,11.2244,4287.74
iteration,383,9.96387,11.2212,4297.7
iteration,384,10.53,11.2194,4308.23
iteration,385,9.97102,11.2161,4318.2
iteration,386,10.6979,11.2148,4328.9
iteration,387,10.787,11.2137,4339.69
iteration,388,10.0822,11.2107,4349.77
iteration,389,10.7472,11.2096,4360.52
iteration,390,10.1572,11.2069,4370.67
iteration,391,10.5947,11.2053,4381.27
iteration,392,10.7919,11.2042,4392.06
iteration,393,10.6261,11.2028,4402.69
iteration,394,10.1175,11.2,4412.8
iteration,395,10.7348,11.1988,4423.54
iteration,396,10.0393,11.1959,4433.58
iteration,397,10.8127,11.1949,4444.39
iteration,398,10.4474,11.1931,4454.84
iteration,399,10.9859,11.1925,4465.82
iteration,400,10.6643,11.1912,4476.49
iteration,401,10.8858,11.1905,4487.37
iteration,402,10.7165,11.1893,4498.09
iteration,403,10.7599,11.1882,4508.85
iteration,404,10.8606,11.1874,4519.71
iteration,405,10.8292,11.1865,4530.54
iteration,406,10.4191,11.1846,4540.96
iteration,407,10.7742,11.1836,4551.73
iteration,408,11.3176,11.1839,4563.05
iteration,409,10.6489,11.1826,4573.7
iteration,410,10.3983,11.1807,4584.1
iteration,411,10.8765,11.18,4594.98
iteration,412,11.0173,11.1796,4605.99
iteration,413,10.8999,11.1789,4616.89
iteration,414,10.8723,11.1782,4627.76
iteration,415,11.1465,11.1781,4638.91
iteration,416,11.2326,11.1782,4650.14
iteration,417,10.9682,11.1777,4661.11
iteration,418,11.1351,11.1776,4672.25
iteration,419,11.1888,11.1777,4683.44
iteration,420,11.0851,11.1774,4694.52
iteration,421,11.0558,11.1771,4705.58
iteration,422,11.2767,11.1774,4716.85
iteration,423,10.5386,11.1759,4727.39
iteration,424,10.9866,11.1754,4738.38
iteration,425,11.3417,11.1758,4749.72
iteration,426,11.3742,11.1763,4761.09
iteration,427,11.03,11.1759,4772.12
iteration,428,11.5662,11.1768,4783.69
iteration,429,10.9927,11.1764,4794.68
iteration,430,10.8551,11.1757,4805.54
iteration,431,11.0931,11.1755,4816.63
iteration,432,10.6865,11.1743,4827.32
iteration,433,11.199,11.1744,4838.52
iteration,434,11.2658,11.1746,4849.78
iteration,435,10.7496,11.1736,4860.53
iteration,436,11.3823,11.1741,4871.92
iteration,437,11.2958,11.1744,4883.21
iteration,438,11.3572,11.1748,4894.57
iteration,439,11.1241,11.1747,4905.69
iteration,440,10.6073,11.1734,4916.3
iteration,441,11.1573,11.1734,4927.46
iteration,442,11.175,11.1734,4938.63
iteration,443,11.2747,11.1736,4949.91
iteration,444,11.5325,11.1744,4961.44
iteration,445,11.3661,11.1748,4972.81
iteration,446,11.6468,11.1759,4984.45
iteration,447,11.2985,11.1762,4995.75
iteration,448,11.0089,11.1758,5006.76
iteration,449,11.5085,11.1765,5018.27
iteration,450,11.1035,11.1764,5029.37
iteration,451,11.1274,11.1763,5040.5
iteration,452,11.163,11.1762,5051.66
iteration,453,11.4245,11.1768,5063.09
iteration,454,10.6936,11.1757,5073.78
iteration,455,11.2234,11.1758,5085
iteration,456,10.9264,11.1753,5095.93
iteration,457,10.691,11.1742,5106.62
iteration,458,11.128,11.1741,5117.75
iteration,459,10.4894,11.1726,5128.24
iteration,460,11.1942,11.1727,5139.43
iteration,461,11.0306,11.1724,5150.46
iteration,462,10.5327,11.171,5161
iteration,463,11.2239,11.1711,5172.22
iteration,464,10.2525,11.1691,5182.47
iteration,465,11.2851,11.1694,5193.76
iteration,466,11.1988,11.1694,5204.96
iteration,467,10.2371,11.1674,5215.19
iteration,468,11.0586,11.1672,5226.25
iteration,469,10.7376,11.1663,5236.99
iteration,470,10.6126,11.1651,5247.6
iteration,471,11.108,11.165,5258.71
iteration,472,10.2028,11.163,5268.91
iteration,473,11.0634,11.1627,5279.98
iteration,474,10.7359,11.1618,5290.71
iteration,475,11.1819,11.1619,5301.89
iteration,476,11.274,11.1621,5313.17
iteration,477,10.7551,11.1613,5323.92
iteration,478,10.1901,11.1592,5334.11
iteration,479,10.8518,11.1586,5344.96
iteration,480,10.4259,11.1571,5355.39
iteration,481,11.0704,11.1569,5366.46
iteration,482,10.6192,11.1558,5377.08
iteration,483,10.3711,11.1541,5387.45
iteration,484,10.762,11.1533,5398.21
iteration,485,10.3325,11.1516,5408.55
iteration,486,11.0488,11.1514,5419.59
iteration,487,10.8667,11.1508,5430.46
iteration,488,10.3117,11.1491,5440.77
iteration,489,10.8604,11.1485,5451.63
iteration,490,10.2964,11.1468,5461.93
iteration,491,11.0233,11.1465,5472.95
iteration,492,10.9178,11.1461,5483.87
iteration,493,10.2276,11.1442,5494.1
iteration,494,10.6985,11.1433,5504.8
iteration,495,10.3044,11.1416,5515.1
iteration,496,10.9301,11.1412,5526.03
iteration,497,10.5992,11.1401,5536.63
iteration,498,10.5947,11.139,5547.23
iteration,499,10.9581,11.1386,5558.18
iteration,500,10.5604,11.1375,5568.74
iteration,501,11.1258,11.1375,5579.87
iteration,502,10.8066,11.1368,5590.68
iteration,503,10.2356,11.135,5600.91
iteration,504,10.6536,11.1341,5611.57
iteration,505,10.5605,11.1329,5622.13
iteration,506,11.0192,11.1327,5633.15
iteration,507,10.7084,11.1319,5643.85
iteration,508,10.1633,11.13,5654.02
iteration,509,10.637,11.129,5664.65
iteration,510,10.3101,11.1274,5674.96
iteration,511,10.794,11.1267,5685.76
iteration,512,10.0452,11.1246,5695.8
iteration,513,10.8932,11.1242,5706.7
iteration,514,10.6593,11.1233,5717.36
iteration,515,10.2543,11.1216,5727.61
iteration,516,10.6917,11.1207,5738.3
iteration,517,11.015,11.1205,5749.32
iteration,518,11.0362,11.1204,5760.35
iteration,519,10.8606,11.1199,5771.21
iteration,520,10.7714,11.1192,5781.98
iteration,521,10.7072,11.1184,5792.69
iteration,522,10.6169,11.1175,5803.31
iteration,523,10.961,11.1172,5814.27
iteration,524,10.7188,11.1164,5824.99
iteration,525,10.941,11.1161,5835.93
iteration,526,10.8839,11.1156,5846.81
iteration,527,10.7887,11.115,5857.6
iteration,528,10.7562,11.1143,5868.36
iteration,529,10.5832,11.1133,5878.94
iteration,530,11.096,11.1133,5890.04
iteration,531,10.8579,11.1128,5900.9
iteration,532,10.8052,11.1122,5911.7
iteration,533,10.0725,11.1103,5921.77
iteration,534,10.892,11.1099,5932.67
iteration,535,9.91399,11.1076,5942.58
iteration,536,11.228,11.1078,5953.81
iteration,537,10.821,11.1073,5964.63
iteration,538,10.9891,11.1071,5975.62
iteration,539,10.604,11.1062,5986.22
iteration,540,10.4801,11.105,5996.7
iteration,541,10.7572,11.1044,6007.46
iteration,542,10.633,11.1035,6018.09
iteration,543,10.808,11.1029,6028.9
iteration,544,10.2556,11.1014,6039.16
iteration,545,9.96251,11.0993,6049.12
iteration,546,10.4047,11.098,6059.52
iteration,547,10.1663,11.0963,6069.69
iteration,548,10.6108,11.0954,6080.3
iteration,549,10.5318,11.0944,6090.83
iteration,550,10.8055,11.0939,6101.64
iteration,551,10.507,11.0928,6112.14
iteration,552,10.8624,11.0924,6123.01
iteration,553,9.89016,11.0902,6132.9
iteration,554,10.8043,11.0897,6143.7
iteration,555,10.6505,11.0889,6154.35
iteration,556,11.0136,11.0888,6165.36
iteration,557,10.5163,11.0878,6175.88
iteration,558,10.4942,11.0867,6186.38
iteration,559,10.6802,11.086,6197.06
iteration,560,10.74,11.0853,6207.8
iteration,561,10.535,11.0844,6218.33
iteration,562,9.94695,11.0823,6228.28
iteration,563,10.4366,11.0812,6238.71
iteration,564,10.5782,11.0803,6249.29
iteration,565,10.5338,11.0793,6259.83
iteration,566,10.5907,11.0785,6270.42
iteration,567,10.7504,11.0779,6281.17
iteration,568,10.6162,11.0771,6291.78
iteration,569,10.6462,11.0763,6302.43
iteration,570,10.6963,11.0757,6313.13
iteration,571,10.5644,11.0748,6323.69
iteration,572,10.882,11.0744,6334.57
iteration,573,10.8719,11.0741,6345.44
iteration,574,10.7427,11.0735,6356.19
iteration,575,10.2625,11.0721,6366.45
iteration,576,10.6115,11.0713,6377.06
iteration,577,10.9628,11.0711,6388.02
iteration,578,10.6303,11.0703,6398.65
iteration,579,10.7555,11.0698,6409.41
iteration,580,10.6679,11.0691,6420.08
iteration,581,10.2928,11.0678,6430.37
iteration,582,10.7135,11.0672,6441.08
iteration,583,11.0199,11.0671,6452.1
iteration,584,10.8993,11.0668,6463
iteration,585,10.6758,11.0661,6473.68
iteration,586,10.8744,11.0658,6484.55
iteration,587,10.8759,11.0655,6495.43
iteration,588,10.6926,11.0648,6506.12
iteration,589,10.7958,11.0644,6516.92
iteration,590,10.8387,11.064,6527.76
iteration,591,10.6997,11.0634,6538.46
iteration,592,11.0809,11.0634,6549.54
iteration,593,11.004,11.0633,6560.54
iteration,594,10.7859,11.0628,6571.33
iteration,595,10.8398,11.0625,6582.17
iteration,596,10.7701,11.062,6592.94
iteration,597,10.8861,11.0617,6603.82
iteration,598,11.0207,11.0616,6614.84
iteration,599,10.5214,11.0607,6625.36
iteration,600,10.8576,11.0604,6636.22
iteration,601,10.7309,11.0598,6646.95
iteration,602,10.8676,11.0595,6657.82
iteration,603,11.1646,11.0597,6668.99
iteration,604,11.0004,11.0596,6679.99
iteration,605,10.877,11.0593,6690.86
iteration,606,10.9422,11.0591,6701.8
iteration,607,10.9038,11.0588,6712.71
iteration,608,10.98,11.0587,6723.69
iteration,609,10.8895,11.0584,6734.58
iteration,610,10.9169,11.0582,6745.5
iteration,611,10.8355,11.0578,6756.33
iteration,612,10.8513,11.0575,6767.18
iteration,613,10.9283,11.0573,6778.11
iteration,614,11.2391,11.0576,6789.35
iteration,615,11.1589,11.0577,6800.51
iteration,616,11.0799,11.0578,6811.59
iteration,617,10.7287,11.0572,6822.32
iteration,618,10.7948,11.0568,6833.11
iteration,619,10.6802,11.0562,6843.79
iteration,620,10.9021,11.056,6854.69
iteration,621,10.505,11.0551,6865.2
iteration,622,11.3175,11.0555,6876.52
iteration,623,10.1497,11.054,6886.67
iteration,624,11.7408,11.0551,6898.41
iteration,625,11.0746,11.0552,6909.48
iteration,626,10.9282,11.055,6920.41
iteration,627,10.6619,11.0543,6931.07
iteration,628,10.0585,11.0528,6941.13
iteration,629,10.9565,11.0526,6952.09
iteration,630,11.0137,11.0525,6963.1
iteration,631,11.0103,11.0525,6974.11
iteration,632,10.1269,11.051,6984.24
iteration,633,10.9892,11.0509,6995.23
iteration,634,10.9056,11.0507,7006.13
iteration,635,10.7723,11.0502,7016.9
iteration,636,11.0195,11.0502,7027.92
iteration,637,10.7967,11.0498,7038.72
iteration,638,10.9545,11.0496,7049.68
iteration,639,10.7224,11.0491,7060.4
iteration,640,10.6525,11.0485,7071.05
iteration,641,10.9343,11.0483,7081.98
iteration,642,11.2794,11.0487,7093.26
iteration,643,10.7088,11.0482,7103.97
iteration,644,10.6615,11.0476,7114.63
iteration,645,10.757,11.0471,7125.39
iteration,646,10.7217,11.0466,7136.11
iteration,647,10.9558,11.0465,7147.07
iteration,648,10.676,11.0459,7157.74
iteration,649,10.7868,11.0455,7168.53
iteration,650,10.8072,11.0451,7179.34
iteration,651,10.9002,11.0449,7190.24
iteration,652,10.9894,11.0448,7201.23
iteration,653,10.7845,11.0444,7212.01
iteration,654,10.8977,11.0442,7222.91
iteration,655,10.6208,11.0436,7233.53
iteration,656,10.7582,11.0431,7244.29
iteration,657,10.9585,11.043,7255.25
iteration,658,10.4661,11.0421,7265.71
iteration,659,11.1549,11.0423,7276.87
iteration,660,10.9923,11.0422,7287.86
iteration,661,10.9996,11.0421,7298.86
iteration,662,11.2049,11.0424,7310.07
iteration,663,11.1734,11.0426,7321.24
iteration,664,11.3279,11.043,7332.57
iteration,665,11.2958,11.0434,7343.86
iteration,666,11.3172,11.0438,7355.18
iteration,667,11.2991,11.0442,7366.48
iteration,668,11.2025,11.0444,7377.68
iteration,669,11.2931,11.0448,7388.97
iteration,670,11.5045,11.0455,7400.48
iteration,671,11.3834,11.046,7411.86
iteration,672,11.3472,11.0464,7423.21
iteration,673,11.5365,11.0472,7434.75
iteration,674,11.5177,11.0479,7446.26
iteration,675,11.2026,11.0481,7457.47
iteration,676,11.2426,11.0484,7468.71
iteration,677,11.5073,11.0491,7480.22
iteration,678,10.5655,11.0484,7490.78
iteration,679,11.379,11.0488,7502.16
iteration,680,11.4367,11.0494,7513.6
iteration,681,10.9435,11.0493,7524.54
iteration,682,11.4208,11.0498,7535.96
iteration,683,11.1201,11.0499,7547.08
iteration,684,10.9821,11.0498,7558.06
iteration,685,11.6308,11.0506,7569.69
iteration,686,10.7174,11.0502,7580.41
iteration,687,11.3815,11.0506,7591.79
iteration,688,11.6458,11.0515,7603.44
iteration,689,11.7797,11.0526,7615.22
iteration,690,11.59,11.0533,7626.81
iteration,691,11.5926,11.0541,7638.4
iteration,692,11.8913,11.0553,7650.29
iteration,693,11.6425,11.0562,7661.94
iteration,694,11.7236,11.0571,7673.66
iteration,695,11.5103,11.0578,7685.17
iteration,696,11.4214,11.0583,7696.59
iteration,697,11.3203,11.0587,7707.91
iteration,698,11.5048,11.0593,7719.42
iteration,699,11.5475,11.06,7730.96
iteration,700,11.6285,11.0608,7742.59
iteration,701,11.7422,11.0618,7754.33
iteration,702,11.1599,11.062,7765.49
iteration,703,11.3595,11.0624,7776.85
iteration,704,11.6091,11.0632,7788.46
iteration,705,11.6626,11.064,7800.13
iteration,706,11.5034,11.0646,7811.63
iteration,707,11.4314,11.0651,7823.06
iteration,708,11.7251,11.0661,7834.79
iteration,709,11.635,11.0669,7846.42
iteration,710,10.949,11.0667,7857.37
iteration,711,11.5244,11.0674,7868.89
iteration,712,11.1484,11.0675,7880.04
iteration,713,10.8447,11.0672,7890.89
iteration,714,11.5803,11.0679,7902.47
iteration,715,11.2704,11.0682,7913.74
iteration,716,11.7047,11.0691,7925.44
iteration,717,11.6045,11.0698,7937.05
iteration,718,11.3607,11.0702,7948.41
iteration,719,11.6468,11.071,7960.05
iteration,720,10.9769,11.0709,7971.03
iteration,721,11.2707,11.0712,7982.3
iteration,722,11.1799,11.0713,7993.48
iteration,723,11.4318,11.0718,8004.91
iteration,724,10.7277,11.0713,8015.64
iteration,725,11.4119,11.0718,8027.05
iteration,726,11.3814,11.0722,8038.43
iteration,727,11.3913,11.0727,8049.83
iteration,728,11.1388,11.0728,8060.96
iteration,729,11.4101,11.0732,8072.37
iteration,730,11.1835,11.0734,8083.56
iteration,731,11.3793,11.0738,8094.94
iteration,732,11.1894,11.0739,8106.13
iteration,733,11.4735,11.0745,8117.6
iteration,734,11.3181,11.0748,8128.92
iteration,735,11.5485,11.0755,8140.47
iteration,736,11.2387,11.0757,8151.71
iteration,737,11.2395,11.0759,8162.94
iteration,738,11.1752,11.076,8174.12
iteration,739,11.3456,11.0764,8185.47
iteration,740,11.088,11.0764,8196.55
iteration,741,11.0281,11.0764,8207.58
iteration,742,11.1315,11.0764,8218.71
iteration,743,11.3445,11.0768,8230.06
iteration,744,10.8742,11.0765,8240.93
iteration,745,11.5392,11.0771,8252.47
iteration,746,11.019,11.0771,8263.49
iteration,747,11.2305,11.0773,8274.72
iteration,748,11.0852,11.0773,8285.81
iteration,749,11.0496,11.0772,8296.86
iteration,750,10.9924,11.0771,8307.85
iteration,751,10.9316,11.0769,8318.78
iteration,752,11.3269,11.0773,8330.11
iteration,753,10.9613,11.0771,8341.07
iteration,754,10.7587,11.0767,8351.83
iteration,755,10.4527,11.0759,8362.28
iteration,756,10.6385,11.0753,8372.92
iteration,757,10.4526,11.0745,8383.37
iteration,758,11.0868,11.0745,8394.46
iteration,759,11.0228,11.0744,8405.48
iteration,760,10.9836,11.0743,8416.46
iteration,761,11.0049,11.0742,8427.47
iteration,762,11.1069,11.0742,8438.58
iteration,763,10.4754,11.0735,8449.05
iteration,764,11.9088,11.0746,8460.96
iteration,765,11.109,11.0746,8472.07
iteration,766,10.0274,11.0732,8482.1
iteration,767,11.0523,11.0732,8493.15
iteration,768,10.6334,11.0726,8503.78
iteration,769,11.1026,11.0727,8514.88
iteration,770,10.1854,11.0715,8525.07
iteration,771,11.4542,11.072,8536.52
iteration,772,10.8389,11.0717,8547.36
iteration,773,11.2741,11.072,8558.64
iteration,774,10.549,11.0713,8569.19
iteration,775,10.2035,11.0702,8579.39
iteration,776,10.8931,11.07,8590.28
iteration,777,10.4285,11.0691,8600.71
iteration,778,10.732,11.0687,8611.44
iteration,779,10.7831,11.0683,8622.23
iteration,780,10.1421,11.0671,8632.37
iteration,781,10.9036,11.0669,8643.27
iteration,782,11.1011,11.067,8654.37
iteration,783,10.6986,11.0665,8665.07
iteration,784,11.0739,11.0665,8676.15
iteration,785,10.7433,11.0661,8686.89
iteration,786,10.7148,11.0657,8697.6
iteration,787,10.1094,11.0644,8707.71
iteration,788,10.4575,11.0637,8718.17
iteration,789,11.3423,11.064,8729.51
iteration,790,10.5748,11.0634,8740.09
iteration,791,10.8081,11.0631,8750.9
iteration,792,10.7658,11.0627,8761.66
iteration,793,10.9164,11.0625,8772.58
iteration,794,10.6249,11.062,8783.2
iteration,795,11.167,11.0621,8794.37
iteration,796,10.5927,11.0615,8804.96
iteration,797,10.7598,11.0611,8815.72
iteration,798,10.9139,11.0609,8826.64
iteration,799,10.6956,11.0605,8837.33
iteration,800,10.0505,11.0592,8847.38
iteration,801,10.5392,11.0586,8857.92
iteration,802,10.09,11.0574,8868.01
iteration,803,11.2418,11.0576,8879.25
iteration,804,10.7292,11.0572,8889.98
iteration,805,10.179,11.0561,8900.16
iteration,806,10.3715,11.0553,8910.53
iteration,807,10.4315,11.0545,8920.96
iteration,808,10.7095,11.0541,8931.67
iteration,809,10.7106,11.0536,8942.38
iteration,810,10.5874,11.0531,8952.97
iteration,811,10.7312,11.0527,8963.7
iteration,812,10.5986,11.0521,8974.3
iteration,813,10.7941,11.0518,8985.1
iteration,814,10.4708,11.0511,8995.57
iteration,815,10.816,11.0508,9006.38
iteration,816,10.316,11.0499,9016.7
iteration,817,10.8972,11.0497,9027.6
iteration,818,9.81819,11.0482,9037.41
iteration,819,10.7497,11.0478,9048.16
iteration,820,9.88485,11.0464,9058.05
iteration,821,11.5651,11.047,9069.61
iteration,822,10.4883,11.0464,9080.1
iteration,823,10.6648,11.0459,9090.77
iteration,824,10.8713,11.0457,9101.64
iteration,825,10.9726,11.0456,9112.61
iteration,826,10.6949,11.0452,9123.31
iteration,827,10.5534,11.0446,9133.86
iteration,828,10.6541,11.0441,9144.51
iteration,829,10.6261,11.0436,9155.14
iteration,830,9.77326,11.0421,9164.91
iteration,831,10.8121,11.0418,9175.72
iteration,832,10.1971,11.0408,9185.92
iteration,833,10.6608,11.0403,9196.58
iteration,834,10.5421,11.0397,9207.12
iteration,835,10.553,11.0391,9217.68
iteration,836,10.7204,11.0388,9228.4
iteration,837,10.8653,11.0385,9239.26
iteration,838,10.6134,11.038,9249.88
iteration,839,10.7591,11.0377,9260.64
iteration,840,10.4996,11.0371,9271.14
iteration,841,10.1784,11.036,9281.31
iteration,842,10.5609,11.0355,9291.87
iteration,843,10.8732,11.0353,9302.75
iteration,844,10.6672,11.0349,9313.42
iteration,845,9.91231,11.0335,9323.33
iteration,846,10.5916,11.033,9333.92
iteration,847,10.3187,11.0322,9344.24
iteration,848,10.6383,11.0317,9354.88
iteration,849,10.8036,11.0314,9365.68
iteration,850,10.2395,11.0305,9375.92
iteration,851,10.5457,11.0299,9386.46
iteration,852,10.1259,11.0289,9396.59
iteration,853,10.5597,11.0283,9407.15
iteration,854,10.0505,11.0272,9417.2
iteration,855,11.2993,11.0275,9428.5
iteration,856,10.5451,11.0269,9439.05
iteration,857,10.6524,11.0265,9449.7
iteration,858,10.1025,11.0254,9459.8
iteration,859,10.5178,11.0248,9470.32
iteration,860,10.1291,11.0238,9480.45
iteration,861,10.6533,11.0233,9491.1
iteration,862,10.669,11.0229,9501.77
iteration,863,10.9398,11.0228,9512.71
iteration,864,10.0631,11.0217,9522.77
iteration,865,11.3857,11.0221,9534.16
iteration,866,10.5592,11.0216,9544.72
iteration,867,10.8771,11.0214,9555.59
iteration,868,10.6985,11.0211,9566.29
iteration,869,10.6236,11.0206,9576.92
iteration,870,10.0159,11.0195,9586.93
iteration,871,10.5422,11.0189,9597.47
iteration,872,9.92471,11.0177,9607.4
iteration,873,10.8029,11.0174,9618.2
iteration,874,10.4365,11.0167,9628.64
iteration,875,10.7079,11.0164,9639.35
iteration,876,10.4141,11.0157,9649.76
iteration,877,10.1421,11.0147,9659.9
iteration,878,10.8384,11.0145,9670.74
iteration,879,10.8471,11.0143,9681.59
iteration,880,10.7948,11.0141,9692.38
iteration,881,10.6144,11.0136,9703
iteration,882,10.7554,11.0133,9713.75
iteration,883,10.5401,11.0128,9724.29
iteration,884,10.8367,11.0126,9735.13
iteration,885,10.8254,11.0124,9745.95
iteration,886,10.5331,11.0118,9756.49
iteration,887,10.6602,11.0114,9767.15
iteration,888,10.1065,11.0104,9777.25
iteration,889,10.5035,11.0099,9787.76
iteration,890,10.081,11.0088,9797.84
iteration,891,10.6083,11.0084,9808.45
iteration,892,10.7473,11.0081,9819.19
iteration,893,10.5578,11.0076,9829.75
iteration,894,10.0598,11.0065,9839.81
iteration,895,10.7536,11.0062,9850.57
iteration,896,10.2322,11.0054,9860.8
iteration,897,10.8515,11.0052,9871.65
iteration,898,10.5398,11.0047,9882.19
iteration,899,11.0136,11.0047,9893.2
iteration,900,10.5474,11.0042,9903.75
iteration,901,10.7768,11.0039,9914.53
iteration,902,10.773,11.0037,9925.3
iteration,903,10.5655,11.0032,9935.87
iteration,904,10.2797,11.0024,9946.15
iteration,905,10.5857,11.0019,9956.73
iteration,906,10.9831,11.0019,9967.71
iteration,907,10.7752,11.0016,9978.49
iteration,908,10.8502,11.0015,9989.34
iteration,909,10.7898,11.0012,10000.1
iteration,910,10.7458,11.001,10010.9
iteration,911,10.7713,11.0007,10021.6
iteration,912,10.857,11.0006,10032.5
iteration,913,10.6752,11.0002,10043.2
iteration,914,10.9687,11.0002,10054.1
iteration,915,10.5598,10.9997,10064.7
iteration,916,10.9945,10.9997,10075.7
iteration,917,10.5821,10.9992,10086.3
iteration,918,10.2348,10.9984,10096.5
iteration,919,10.5672,10.9979,10107.1
iteration,920,10.9014,10.9978,10118
iteration,921,10.7959,10.9976,10128.8
iteration,922,10.5463,10.9971,10139.3
iteration,923,10.8599,10.997,10150.2
iteration,924,10.8197,10.9968,10161
iteration,925,10.9871,10.9968,10172
iteration,926,10.7762,10.9965,10182.8
iteration,927,10.8407,10.9963,10193.6
iteration,928,10.1916,10.9955,10203.8
iteration,929,10.7533,10.9952,10214.6
iteration,930,10.6277,10.9948,10225.2
iteration,931,10.9876,10.9948,10236.2
iteration,932,10.8043,10.9946,10247
iteration,933,10.766,10.9944,10257.7
iteration,934,10.6738,10.994,10268.4
iteration,935,10.8894,10.9939,10279.3
iteration,936,10.7818,10.9937,10290.1
iteration,937,10.7987,10.9935,10300.9
iteration,938,10.6315,10.9931,10311.5
iteration,939,10.7831,10.9929,10322.3
iteration,940,10.6601,10.9925,10333
iteration,941,10.8169,10.9923,10343.8
iteration,942,10.8244,10.9921,10354.6
iteration,943,10.6192,10.9918,10365.2
iteration,944,10.7023,10.9914,10375.9
iteration,945,10.8743,10.9913,10386.8
iteration,946,10.8816,10.9912,10397.7
iteration,947,10.8266,10.991,10408.5
iteration,948,10.8162,10.9908,10419.3
iteration,949,10.8275,10.9907,10430.2
iteration,950,10.8048,10.9905,10441
iteration,951,10.4718,10.9899,10451.4
iteration,952,10.9516,10.9899,10462.4
iteration,953,11.1014,10.99,10473.5
iteration,954,10.8313,10.9898,10484.3
iteration,955,10.7987,10.9896,10495.1
iteration,956,10.9672,10.9896,10506.1
iteration,957,10.8729,10.9895,10517
iteration,958,11.0861,10.9896,10528
iteration,959,10.7626,10.9894,10538.8
iteration,960,10.8743,10.9892,10549.7
iteration,961,10.864,10.9891,10560.5
iteration,962,11.0618,10.9892,10571.6
iteration,963,11.0827,10.9893,10582.7
iteration,964,10.9192,10.9892,10593.6
iteration,965,10.8044,10.989,10604.4
iteration,966,10.9946,10.989,10615.4
iteration,967,10.8831,10.9889,10626.3
iteration,968,11.0196,10.9889,10637.3
iteration,969,10.7308,10.9887,10648
iteration,970,10.252,10.9879,10658.3
iteration,971,11.0932,10.988,10669.4
iteration,972,10.3982,10.9874,10679.8
iteration,973,11.7487,10.9882,10691.5
iteration,974,10.5381,10.9877,10702.1
iteration,975,11.1172,10.9879,10713.2
iteration,976,10.8801,10.9878,10724.1
iteration,977,11.0722,10.9879,10735.1
iteration,978,10.8896,10.9878,10746
iteration,979,11.0143,10.9878,10757
iteration,980,11.133,10.9879,10768.2
iteration,981,10.9901,10.9879,10779.2
iteration,982,10.9444,10.9879,10790.1
iteration,983,10.9581,10.9879,10801.1
iteration,984,11.1483,10.988,10812.2
iteration,985,11.3306,10.9884,10823.5
iteration,986,10.8359,10.9882,10834.4
iteration,987,11.4182,10.9886,10845.8
iteration,988,10.9931,10.9887,10856.8
iteration,989,11.0685,10.9887,10867.9
iteration,990,10.9375,10.9887,10878.8
iteration,991,11.1773,10.9889,10890
iteration,992,11.1269,10.989,10901.1
iteration,993,11.1244,10.9891,10912.2
iteration,994,11.1329,10.9893,10923.4
iteration,995,10.8628,10.9892,10934.2
iteration,996,10.8878,10.9891,10945.1
iteration,997,11.018,10.9891,10956.1
iteration,998,10.91,10.989,10967
iteration,999,11.0507,10.9891,10978.1
iteration,1000,11.1667,10.9893,10989.3
iteration,1001,10.9962,10.9893,11000.2
iteration,1002,11.0663,10.9893,11011.3
iteration,1003,10.9445,10.9893,11022.3
iteration,1004,11.2152,10.9895,11033.5
iteration,1005,10.9782,10.9895,11044.5
iteration,1006,11.3821,10.9899,11055.8
iteration,1007,11.0165,10.9899,11066.9
iteration,1008,11.2074,10.9901,11078.1
iteration,1009,11.3464,10.9905,11089.4
iteration,1010,11.087,10.9906,11100.5
iteration,1011,11.004,10.9906,11111.5
iteration,1012,10.8574,10.9905,11122.4
iteration,1013,11.2073,10.9907,11133.6
iteration,1014,11.1074,10.9908,11144.7
iteration,1015,10.9915,10.9908,11155.7
iteration,1016,10.996,10.9908,11166.7
iteration,1017,11.1414,10.991,11177.8
iteration,1018,10.9399,10.9909,11188.7
iteration,1019,11.058,10.991,11199.8
iteration,1020,11.4451,10.9914,11211.2
iteration,1021,11.2161,10.9916,11222.5
iteration,1022,10.6891,10.9913,11233.1
iteration,1023,11.399,10.9917,11244.5
iteration,1024,11.1722,10.9919,11255.7
iteration,1025,10.9896,10.9919,11266.7
iteration,1026,11.0027,10.9919,11277.7
iteration,1027,11.1251,10.992,11288.8
iteration,1028,11.0177,10.9921,11299.9
iteration,1029,11.1584,10.9922,11311
iteration,1030,11.0839,10.9923,11322.1
iteration,1031,11.0303,10.9924,11333.1
iteration,1032,10.9779,10.9923,11344.1
iteration,1033,10.8759,10.9922,11355
iteration,1034,11.0671,10.9923,11366
iteration,1035,11.0014,10.9923,11377
iteration,1036,10.8682,10.9922,11387.9
iteration,1037,11.4552,10.9926,11399.4
iteration,1038,11.1922,10.9928,11410.6
iteration,1039,10.9864,10.9928,11421.5
iteration,1040,11.0046,10.9928,11432.6
iteration,1041,11.0429,10.9929,11443.6
iteration,1042,11.0707,10.993,11454.7
iteration,1043,10.8873,10.9929,11465.6
iteration,1044,10.4206,10.9923,11476
iteration,1045,11.1626,10.9925,11487.1
iteration,1046,11.2401,10.9927,11498.4
iteration,1047,11.2128,10.9929,11509.6
iteration,1048,10.8413,10.9928,11520.4
iteration,1049,11.3076,10.9931,11531.7
iteration,1050,11.0347,10.9931,11542.8
iteration,1051,10.9391,10.9931,11553.7
iteration,1052,10.9065,10.993,11564.6
iteration,1053,10.932,10.9929,11575.6
iteration,1054,10.8165,10.9928,11586.4
iteration,1055,11.3954,10.9931,11597.8
iteration,1056,10.8032,10.993,11608.6
iteration,1057,10.9289,10.9929,11619.5
iteration,1058,10.84,10.9928,11630.3
iteration,1059,10.9913,10.9928,11641.3
iteration,1060,10.9915,10.9928,11652.3
iteration,1061,10.797,10.9926,11663.1
iteration,1062,10.7204,10.9923,11673.8
iteration,1063,10.8766,10.9922,11684.7
iteration,1064,10.8645,10.9921,11695.6
iteration,1065,10.4673,10.9916,11706
iteration,1066,11.0485,10.9916,11717.1
iteration,1067,10.8297,10.9915,11727.9
iteration,1068,10.7833,10.9913,11738.7
iteration,1069,10.794,10.9911,11749.5
iteration,1070,10.4816,10.9906,11760
iteration,1071,10.9833,10.9906,11771
iteration,1072,11.271,10.9909,11782.2
iteration,1073,10.9082,10.9908,11793.1
iteration,1074,10.9478,10.9908,11804.1
iteration,1075,10.8146,10.9906,11814.9
iteration,1076,10.8891,10.9905,11825.8
iteration,1077,10.8928,10.9904,11836.7
iteration,1078,10.7724,10.9902,11847.5
iteration,1079,10.9038,10.9901,11858.4
iteration,1080,11.0075,10.9902,11869.4
iteration,1081,11.1433,10.9903,11880.5
iteration,1082,10.8016,10.9901,11891.3
iteration,1083,10.945,10.9901,11902.3
iteration,1084,10.7806,10.9899,11913
iteration,1085,10.8192,10.9897,11923.9
iteration,1086,10.8042,10.9896,11934.7
iteration,1087,10.3238,10.989,11945
iteration,1088,11.026,10.989,11956
iteration,1089,10.7526,10.9888,11966.8
iteration,1090,10.7248,10.9885,11977.5
iteration,1091,10.763,10.9883,11988.3
iteration,1092,11.0884,10.9884,11999.3
iteration,1093,10.7356,10.9882,12010.1
iteration,1094,10.9736,10.9882,12021.1
iteration,1095,10.7303,10.9879,12031.8
iteration,1096,10.7017,10.9877,12042.5
iteration,1097,11.0028,10.9877,12053.5
iteration,1098,10.6495,10.9874,12064.1
iteration,1099,10.2688,10.9867,12074.4
iteration,1100,11.1251,10.9868,12085.5
iteration,1101,10.2087,10.9861,12095.7
iteration,1102,11.463,10.9866,12107.2
iteration,1103,10.3025,10.986,12117.5
iteration,1104,11.1135,10.9861,12128.6
iteration,1105,11.0305,10.9861,12139.6
iteration,1106,10.8393,10.986,12150.5
iteration,1107,10.8913,10.9859,12161.4
iteration,1108,10.4705,10.9854,12171.9
iteration,1109,11.0706,10.9855,12182.9
iteration,1110,10.8491,10.9854,12193.8
iteration,1111,10.7773,10.9852,12204.5
iteration,1112,10.8849,10.9851,12215.4
iteration,1113,11.0457,10.9852,12226.5
iteration,1114,10.951,10.9851,12237.4
iteration,1115,10.8156,10.985,12248.2
iteration,1116,10.82,10.9848,12259.1
iteration,1117,10.7631,10.9846,12269.8
iteration,1118,10.9285,10.9846,12280.8
iteration,1119,10.713,10.9843,12291.5
iteration,1120,10.3021,10.9837,12301.8
iteration,1121,11.1224,10.9838,12312.9
iteration,1122,10.0014,10.983,12322.9
iteration,1123,10.8975,10.9829,12333.8
iteration,1124,10.8731,10.9828,12344.7
iteration,1125,10.7801,10.9826,12355.4
iteration,1126,10.8741,10.9825,12366.3
iteration,1127,10.7089,10.9823,12377
iteration,1128,11.109,10.9824,12388.1
iteration,1129,11.0784,10.9825,12399.2
iteration,1130,10.655,10.9822,12409.9
iteration,1131,10.9389,10.9821,12420.8
iteration,1132,10.3716,10.9816,12431.2
iteration,1133,10.986,10.9816,12442.2
iteration,1134,11.221,10.9818,12453.4
iteration,1135,10.9331,10.9818,12464.3
iteration,1136,10.3998,10.9813,12474.7
iteration,1137,10.9799,10.9813,12485.7
iteration,1138,10.9645,10.9813,12496.7
iteration,1139,11.1313,10.9814,12507.8
iteration,1140,11.1458,10.9815,12518.9
iteration,1141,11.2193,10.9817,12530.2
iteration,1142,11.2876,10.982,12541.5
iteration,1143,11.0154,10.982,12552.5
iteration,1144,11.1607,10.9822,12563.6
iteration,1145,10.4339,10.9817,12574.1
iteration,1146,10.929,10.9817,12585
iteration,1147,10.5492,10.9813,12595.5
iteration,1148,11.8342,10.982,12607.4
iteration,1149,11.0357,10.9821,12618.4
iteration,1150,10.9064,10.982,12629.3
iteration,1151,10.2243,10.9814,12639.5
iteration,1152,10.7683,10.9812,12650.3
iteration,1153,10.1864,10.9805,12660.5
iteration,1154,11.2102,10.9807,12671.7
iteration,1155,10.8488,10.9806,12682.6
iteration,1156,9.99869,10.9797,12692.6
iteration,1157,10.7869,10.9795,12703.3
iteration,1158,10.2935,10.979,12713.6
iteration,1159,11.6368,10.9795,12725.3
iteration,1160,10.9337,10.9795,12736.2
iteration,1161,10.0919,10.9787,12746.3
iteration,1162,10.7932,10.9786,12757.1
iteration,1163,10.8019,10.9784,12767.9
iteration,1164,10.3158,10.9778,12778.2
iteration,1165,10.9549,10.9778,12789.2
iteration,1166,10.0439,10.977,12799.2
iteration,1167,10.8919,10.9769,12810.1
iteration,1168,10.5983,10.9766,12820.7
iteration,1169,10.2978,10.976,12831
iteration,1170,10.8338,10.9759,12841.8
iteration,1171,10.0831,10.9752,12851.9
iteration,1172,10.9828,10.9752,12862.9
iteration,1173,10.6441,10.9749,12873.5
iteration,1174,10.1427,10.9742,12883.7
iteration,1175,10.8477,10.9741,12894.5
iteration,1176,10.6706,10.9738,12905.2
iteration,1177,10.8237,10.9737,12916
iteration,1178,10.9534,10.9737,12927
iteration,1179,10.675,10.9734,12937.6
iteration,1180,10.6276,10.9731,12948.3
iteration,1181,11.0415,10.9732,12959.3
iteration,1182,10.723,10.973,12970
iteration,1183,11.1672,10.9731,12981.2
iteration,1184,10.3476,10.9726,12991.6
iteration,1185,10.9498,10.9726,13002.5
iteration,1186,10.5776,10.9722,13013.1
iteration,1187,11.2857,10.9725,13024.4
iteration,1188,10.2133,10.9719,13034.6
iteration,1189,10.9911,10.9719,13045.6
iteration,1190,10.7212,10.9717,13056.3
iteration,1191,10.7254,10.9715,13067
iteration,1192,10.7681,10.9713,13077.8
iteration,1193,10.6268,10.971,13088.4
iteration,1194,10.8654,10.9709,13099.3
iteration,1195,10.9557,10.9709,13110.2
iteration,1196,10.843,10.9708,13121.1
iteration,1197,10.8884,10.9707,13132
iteration,1198,10.6992,10.9705,13142.7
iteration,1199,10.4304,10.9701,13153.1
iteration,1200,10.8502,10.97,13163.9
iteration,1201,10.7986,10.9698,13174.7
iteration,1202,10.7669,10.9696,13185.5
iteration,1203,10.9723,10.9696,13196.5
iteration,1204,10.7327,10.9694,13207.2
iteration,1205,10.7268,10.9692,13217.9
iteration,1206,10.3802,10.9688,13228.3
iteration,1207,11.1391,10.9689,13239.5
iteration,1208,11.2178,10.9691,13250.7
iteration,1209,10.7179,10.9689,13261.4
iteration,1210,10.7766,10.9687,13272.2
iteration,1211,10.6483,10.9685,13282.8
iteration,1212,10.9324,10.9684,13293.8
iteration,1213,10.8149,10.9683,13304.6
iteration,1214,10.6084,10.968,13315.2
iteration,1215,10.778,10.9679,13326
iteration,1216,10.6951,10.9676,13336.7
iteration,1217,11.0924,10.9677,13347.7
iteration,1218,10.9308,10.9677,13358.7
iteration,1219,10.9483,10.9677,13369.6
iteration,1220,10.6995,10.9675,13380.3
iteration,1221,10.8225,10.9674,13391.1
iteration,1222,10.9403,10.9673,13402.1
iteration,1223,10.8875,10.9673,13413
iteration,1224,10.9319,10.9672,13423.9
iteration,1225,10.8894,10.9672,13434.8
iteration,1226,10.9414,10.9672,13445.7
iteration,1227,10.7192,10.967,13456.5
iteration,1228,10.7484,10.9668,13467.2
iteration,1229,10.7553,10.9666,13478
iteration,1230,11.1836,10.9668,13489.1
iteration,1231,11.1202,10.9669,13500.3
iteration,1232,10.9648,10.9669,13511.2
iteration,1233,10.272,10.9663,13521.5
iteration,1234,10.6614,10.9661,13532.2
iteration,1235,10.2296,10.9655,13542.4
iteration,1236,11.687,10.9661,13554.1
iteration,1237,11.1642,10.9662,13565.2
iteration,1238,11.3067,10.9665,13576.5
iteration,1239,10.7284,10.9663,13587.3
iteration,1240,10.8235,10.9662,13598.1
iteration,1241,11.139,10.9664,13609.2
iteration,1242,10.8829,10.9663,13620.1
iteration,1243,10.8737,10.9662,13631
iteration,1244,11.0941,10.9663,13642.1
iteration,1245,10.8689,10.9662,13653
iteration,1246,10.6888,10.966,13663.6
iteration,1247,10.6444,10.9658,13674.3
iteration,1248,11.1152,10.9659,13685.4
iteration,1249,10.792,10.9657,13696.2
iteration,1250,11.0853,10.9658,13707.3
iteration,1251,10.9262,10.9658,13718.2
iteration,1252,10.779,10.9656,13729
iteration,1253,10.1867,10.965,13739.2
iteration,1254,10.7154,10.9648,13749.9
iteration,1255,10.902,10.9648,13760.8
iteration,1256,11.0061,10.9648,13771.8
iteration,1257,10.6836,10.9646,13782.5
iteration,1258,11.2609,10.9648,13793.7
iteration,1259,10.8906,10.9648,13804.6
iteration,1260,11.1764,10.9649,13815.8
iteration,1261,10.6883,10.9647,13826.5
iteration,1262,11.0869,10.9648,13837.6
iteration,1263,10.9211,10.9648,13848.5
iteration,1264,11.07,10.9649,13859.6
iteration,1265,10.6309,10.9646,13870.2
iteration,1266,10.7808,10.9644,13881
iteration,1267,10.0103,10.9637,13891
iteration,1268,10.5215,10.9633,13901.5
iteration,1269,9.89193,10.9625,13911.4
iteration,1270,10.8459,10.9624,13922.3
iteration,1271,10.9625,10.9624,13933.2
iteration,1272,10.6632,10.9622,13943.9
iteration,1273,11.0579,10.9622,13954.9
iteration,1274,10.7641,10.9621,13965.7
iteration,1275,10.5859,10.9618,13976.3
iteration,1276,10.2545,10.9612,13986.5
iteration,1277,10.6488,10.961,13997.2
iteration,1278,11.0171,10.961,14008.2
iteration,1279,11.0066,10.9611,14019.2
iteration,1280,10.7613,10.9609,14030
iteration,1281,10.6975,10.9607,14040.7
iteration,1282,11.1054,10.9608,14051.8
iteration,1283,10.5766,10.9605,14062.4
iteration,1284,10.8217,10.9604,14073.2
iteration,1285,10.8234,10.9603,14084
iteration,1286,10.6487,10.9601,14094.7
iteration,1287,11.143,10.9602,14105.8
iteration,1288,10.7001,10.96,14116.5
iteration,1289,10.6023,10.9597,14127.1
iteration,1290,10.8233,10.9596,14137.9
iteration,1291,10.8743,10.9596,14148.8
iteration,1292,10.6503,10.9593,14159.4
iteration,1293,10.0539,10.9586,14169.5
iteration,1294,10.4657,10.9582,14180
iteration,1295,10.145,10.9576,14190.1
iteration,1296,10.7525,10.9575,14200.9
iteration,1297,10.5402,10.9571,14211.4
iteration,1298,10.73,10.957,14222.1
iteration,1299,10.6034,10.9567,14232.7
iteration,1300,10.7655,10.9565,14243.5
iteration,1301,10.576,10.9563,14254.1
iteration,1302,11.0498,10.9563,14265.1
iteration,1303,10.5835,10.956,14275.7
iteration,1304,10.4925,10.9557,14286.2
iteration,1305,10.7639,10.9555,14297
iteration,1306,10.3908,10.9551,14307.4
iteration,1307,10.054,10.9544,14317.4
iteration,1308,10.6397,10.9542,14328.1
iteration,1309,10.6084,10.9539,14338.7
iteration,1310,10.6285,10.9537,14349.3
iteration,1311,10.476,10.9533,14359.8
iteration,1312,10.7501,10.9531,14370.5
iteration,1313,10.4215,10.9527,14380.9
iteration,1314,10.5141,10.9524,14391.5
iteration,1315,10.5095,10.9521,14402
iteration,1316,10.3734,10.9516,14412.3
iteration,1317,10.5677,10.9513,14422.9
iteration,1318,10.2681,10.9508,14433.2
iteration,1319,10.3703,10.9504,14443.5
iteration,1320,10.3,10.9499,14453.8
iteration,1321,10.3204,10.9494,14464.2
iteration,1322,9.89195,10.9486,14474.1
iteration,1323,10.4346,10.9482,14484.5
iteration,1324,9.9239,10.9474,14494.4
iteration,1325,10.2141,10.9469,14504.6
iteration,1326,10.2248,10.9463,14514.9
iteration,1327,9.95989,10.9456,14524.8
iteration,1328,10.5212,10.9453,14535.3
iteration,1329,9.76918,10.9444,14545.1
iteration,1330,10.3055,10.9439,14555.4
iteration,1331,9.39287,10.9428,14564.8
iteration,1332,10.0561,10.9421,14574.9
iteration,1333,10.2504,10.9416,14585.1
iteration,1334,10.5007,10.9412,14595.6
iteration,1335,10.2585,10.9407,14605.9
iteration,1336,10.4079,10.9403,14616.3
iteration,1337,10.2742,10.9398,14626.5
iteration,1338,9.75608,10.9389,14636.3
iteration,1339,10.4385,10.9386,14646.7
iteration,1340,10.5437,10.9383,14657.3
iteration,1341,10.3788,10.9379,14667.7
iteration,1342,10.3798,10.9374,14678
iteration,1343,10.3239,10.937,14688.4
iteration,1344,10.5739,10.9367,14698.9
iteration,1345,10.7418,10.9366,14709.7
iteration,1346,10.2878,10.9361,14720
iteration,1347,9.87231,10.9353,14729.8
iteration,1348,10.2094,10.9348,14740.1
iteration,1349,10.7714,10.9346,14750.8
iteration,1350,10.6961,10.9345,14761.5
iteration,1351,10.3893,10.9341,14771.9
iteration,1352,10.476,10.9337,14782.4
iteration,1353,10.5915,10.9335,14793
iteration,1354,10.6471,10.9333,14803.6
iteration,1355,10.6546,10.933,14814.3
iteration,1356,10.6161,10.9328,14824.9
iteration,1357,9.90007,10.9321,14834.8
iteration,1358,10.4276,10.9317,14845.2
iteration,1359,9.81018,10.9309,14855
iteration,1360,10.7846,10.9307,14865.8
iteration,1361,10.3769,10.9303,14876.2
iteration,1362,11.0411,10.9304,14887.2
iteration,1363,10.6301,10.9302,14897.9
iteration,1364,10.8529,10.9301,14908.7
iteration,1365,10.5548,10.9299,14919.3
iteration,1366,10.5864,10.9296,14929.9
iteration,1367,10.9303,10.9296,14940.8
iteration,1368,11.0815,10.9297,14951.9
iteration,1369,10.771,10.9296,14962.6
iteration,1370,10.4915,10.9293,14973.1
iteration,1371,10.694,10.9291,14983.8
iteration,1372,10.4521,10.9288,14994.3
iteration,1373,10.7519,10.9286,15005
iteration,1374,10.6814,10.9285,15015.7
iteration,1375,10.6234,10.9282,15026.3
iteration,1376,10.9087,10.9282,15037.2
iteration,1377,10.7372,10.9281,15048
iteration,1378,10.4814,10.9278,15058.5
iteration,1379,10.8294,10.9277,15069.3
iteration,1380,10.8117,10.9276,15080.1
iteration,1381,10.6788,10.9274,15090.8
iteration,1382,11.0125,10.9275,15101.8
iteration,1383,10.6845,10.9273,15112.5
iteration,1384,10.6814,10.9271,15123.2
iteration,1385,10.3975,10.9268,15133.6
iteration,1386,11.2022,10.927,15144.8
iteration,1387,10.1088,10.9264,15154.9
iteration,1388,11.5112,10.9268,15166.4
iteration,1389,10.515,10.9265,15176.9
iteration,1390,10.8239,10.9264,15187.7
iteration,1391,10.8122,10.9263,15198.5
iteration,1392,10.4566,10.926,15209
iteration,1393,10.7888,10.9259,15219.8
iteration,1394,10.7366,10.9258,15230.5
iteration,1395,10.8151,10.9257,15241.3
iteration,1396,10.3183,10.9253,15251.7
iteration,1397,11.081,10.9254,15262.7
iteration,1398,10.1269,10.9248,15272.9
iteration,1399,10.7987,10.9247,15283.7
iteration,1400,10.7833,10.9246,15294.4
iteration,1401,10.2752,10.9241,15304.7
iteration,1402,10.9182,10.9241,15315.6
iteration,1403,10.1129,10.9236,15325.7
iteration,1404,10.7199,10.9234,15336.5
iteration,1405,10.7604,10.9233,15347.2
iteration,1406,10.4274,10.9229,15357.7
iteration,1407,10.8188,10.9229,15368.5
iteration,1408,10.2087,10.9224,15378.7
iteration,1409,10.5872,10.9221,15389.3
iteration,1410,10.972,10.9222,15400.2
iteration,1411,10.9221,10.9222,15411.2
iteration,1412,10.752,10.922,15421.9
iteration,1413,10.5702,10.9218,15432.5
iteration,1414,10.6132,10.9216,15443.1
iteration,1415,10.832,10.9215,15453.9
iteration,1416,10.8259,10.9214,15464.8
iteration,1417,10.9261,10.9214,15475.7
iteration,1418,10.579,10.9212,15486.3
iteration,1419,10.6761,10.921,15496.9
iteration,1420,10.6568,10.9208,15507.6
iteration,1421,10.8597,10.9208,15518.5
iteration,1422,11.2575,10.921,15529.7
iteration,1423,10.9093,10.921,15540.6
iteration,1424,10.6299,10.9208,15551.3
iteration,1425,10.8045,10.9207,15562.1
iteration,1426,10.7251,10.9206,15572.8
iteration,1427,10.7309,10.9205,15583.5
iteration,1428,10.8445,10.9204,15594.4
iteration,1429,10.7643,10.9203,15605.1
iteration,1430,10.7834,10.9202,15615.9
iteration,1431,11.1172,10.9204,15627
iteration,1432,10.7481,10.9202,15637.8
iteration,1433,10.9146,10.9202,15648.7
iteration,1434,10.1522,10.9197,15658.8
iteration,1435,10.7181,10.9195,15669.6
iteration,1436,11.0517,10.9196,15680.6
iteration,1437,10.6975,10.9195,15691.3
iteration,1438,10.8969,10.9195,15702.2
iteration,1439,10.6896,10.9193,15712.9
iteration,1440,10.8778,10.9193,15723.8
iteration,1441,11.0251,10.9194,15734.8
iteration,1442,10.595,10.9191,15745.4
iteration,1443,10.6695,10.919,15756.1
iteration,1444,10.1258,10.9184,15766.2
iteration,1445,10.6881,10.9182,15776.9
iteration,1446,10.9161,10.9182,15787.8
iteration,1447,10.7095,10.9181,15798.5
iteration,1448,10.7797,10.918,15809.3
iteration,1449,10.6776,10.9178,15820
iteration,1450,10.8535,10.9178,15830.8
iteration,1451,10.8862,10.9178,15841.7
iteration,1452,10.8768,10.9177,15852.6
iteration,1453,10.7715,10.9176,15863.3
iteration,1454,10.865,10.9176,15874.2
iteration,1455,10.6351,10.9174,15884.8
iteration,1456,10.6576,10.9172,15895.5
iteration,1457,10.784,10.9171,15906.3
iteration,1458,10.725,10.917,15917
iteration,1459,10.6551,10.9168,15927.7
iteration,1460,10.7877,10.9167,15938.5
iteration,1461,10.6901,10.9166,15949.1
iteration,1462,10.8498,10.9165,15960
iteration,1463,10.3109,10.9161,15970.3
iteration,1464,11.1244,10.9163,15981.4
iteration,1465,10.7519,10.9162,15992.2
iteration,1466,10.8279,10.9161,16003
iteration,1467,10.7669,10.916,16013.8
iteration,1468,10.9431,10.916,16024.7
iteration,1469,11.3246,10.9163,16036
iteration,1470,10.9456,10.9163,16047
iteration,1471,10.7008,10.9162,16057.7
iteration,1472,10.2529,10.9157,16067.9
iteration,1473,10.955,10.9157,16078.9
iteration,1474,10.959,10.9158,16089.9
iteration,1475,10.8606,10.9157,16100.7
iteration,1476,11.1836,10.9159,16111.9
iteration,1477,10.4997,10.9156,16122.4
iteration,1478,10.9399,10.9157,16133.3
iteration,1479,10.1459,10.9151,16143.5
iteration,1480,10.6186,10.9149,16154.1
iteration,1481,10.4073,10.9146,16164.5
iteration,1482,10.8373,10.9145,16175.3
iteration,1483,10.8481,10.9145,16186.2
iteration,1484,10.2787,10.9141,16196.5
iteration,1485,10.7045,10.9139,16207.2
iteration,1486,10.4099,10.9136,16217.6
iteration,1487,10.9161,10.9136,16228.5
iteration,1488,11.0791,10.9137,16239.6
iteration,1489,10.9172,10.9137,16250.5
iteration,1490,10.8263,10.9136,16261.3
iteration,1491,11.3848,10.914,16272.7
iteration,1492,10.9667,10.914,16283.7
iteration,1493,10.5161,10.9137,16294.2
iteration,1494,10.3172,10.9133,16304.5
iteration,1495,10.7347,10.9132,16315.2
iteration,1496,10.7152,10.9131,16326
iteration,1497,10.8595,10.913,16336.8
iteration,1498,11.0739,10.9131,16347.9
iteration,1499,11.0839,10.9133,16359
iteration,1500,10.4117,10.9129,16369.4
iteration,1501,10.6955,10.9128,16380.1
iteration,1502,10.6833,10.9126,16390.8
iteration,1503,10.7559,10.9125,16401.5
iteration,1504,10.1216,10.912,16411.6
iteration,1505,10.8315,10.9119,16422.5
iteration,1506,10.731,10.9118,16433.2
iteration,1507,10.6548,10.9117,16443.9
iteration,1508,11.0264,10.9117,16454.9
iteration,1509,11.0368,10.9118,16465.9
iteration,1510,10.7353,10.9117,16476.7
iteration,1511,11.23,10.9119,16487.9
iteration,1512,10.6218,10.9117,16498.5
iteration,1513,11.0726,10.9118,16509.6
iteration,1514,10.9711,10.9119,16520.6
iteration,1515,10.9679,10.9119,16531.5
iteration,1516,10.9489,10.9119,16542.5
iteration,1517,11.3452,10.9122,16553.8
iteration,1518,10.7176,10.9121,16564.5
iteration,1519,10.801,10.912,16575.3
iteration,1520,10.6481,10.9118,16586
iteration,1521,10.9748,10.9119,16597
iteration,1522,10.8914,10.9119,16607.9
iteration,1523,10.6272,10.9117,16618.5
iteration,1524,11.2788,10.9119,16629.8
iteration,1525,10.7563,10.9118,16640.5
iteration,1526,10.7757,10.9117,16651.3
iteration,1527,10.2225,10.9113,16661.5
iteration,1528,10.7095,10.9111,16672.2
iteration,1529,10.7897,10.9111,16683
iteration,1530,10.8602,10.911,16693.9
iteration,1531,10.7472,10.9109,16704.6
iteration,1532,10.7818,10.9108,16715.4
iteration,1533,10.8552,10.9108,16726.3
iteration,1534,11.3962,10.9111,16737.7
iteration,1535,10.7933,10.911,16748.4
iteration,1536,10.7119,10.9109,16759.2
iteration,1537,10.6213,10.9107,16769.8
iteration,1538,10.7179,10.9106,16780.5
iteration,1539,10.8743,10.9106,16791.4
iteration,1540,10.8664,10.9105,16802.2
iteration,1541,10.7986,10.9105,16813
iteration,1542,11.1024,10.9106,16824.1
iteration,1543,10.4642,10.9103,16834.6
iteration,1544,11.3631,10.9106,16846
iteration,1545,10.8169,10.9105,16856.8
iteration,1546,10.8682,10.9105,16867.7
iteration,1547,11.0253,10.9106,16878.7
iteration,1548,10.9882,10.9106,16889.7
iteration,1549,11.2154,10.9108,16900.9
iteration,1550,10.9074,10.9108,16911.8
iteration,1551,10.9024,10.9108,16922.7
iteration,1552,10.8359,10.9108,16933.5
iteration,1553,10.9215,10.9108,16944.4
iteration,1554,10.6323,10.9106,16955.1
iteration,1555,11.165,10.9108,16966.2
iteration,1556,10.963,10.9108,16977.2
iteration,1557,10.732,10.9107,16987.9
iteration,1558,10.7488,10.9106,16998.7
iteration,1559,10.7985,10.9105,17009.5
iteration,1560,10.5452,10.9103,17020
iteration,1561,11.011,10.9103,17031
iteration,1562,10.8757,10.9103,17041.9
iteration,1563,10.7384,10.9102,17052.7
iteration,1564,11.0043,10.9103,17063.7
iteration,1565,10.4237,10.91,17074.1
iteration,1566,10.9067,10.91,17085
iteration,1567,10.3649,10.9096,17095.4
iteration,1568,10.8568,10.9096,17106.2
iteration,1569,10.8539,10.9095,17117.1
iteration,1570,11.2921,10.9098,17128.4
iteration,1571,11.0221,10.9099,17139.4
iteration,1572,11.0481,10.9099,17150.4
iteration,1573,11.0724,10.91,17161.5
iteration,1574,10.9079,10.91,17172.4
iteration,1575,11.0052,10.9101,17183.4
iteration,1576,11.0219,10.9102,17194.4
iteration,1577,10.26,10.9098,17204.7
iteration,1578,10.9288,10.9098,17215.6
iteration,1579,10.0436,10.9092,17225.7
iteration,1580,11.7435,10.9098,17237.4
iteration,1581,11.0979,10.9099,17248.5
iteration,1582,10.2417,10.9095,17258.8
iteration,1583,10.9182,10.9095,17269.7
iteration,1584,11.1582,10.9096,17280.8
iteration,1585,11.0196,10.9097,17291.8
iteration,1586,10.9016,10.9097,17302.8
iteration,1587,10.893,10.9097,17313.6
iteration,1588,10.9605,10.9097,17324.6
iteration,1589,10.8132,10.9096,17335.4
iteration,1590,10.9943,10.9097,17346.4
iteration,1591,10.9302,10.9097,17357.3
iteration,1592,10.8943,10.9097,17368.2
iteration,1593,10.8611,10.9097,17379.1
iteration,1594,10.8556,10.9096,17390
iteration,1595,10.8257,10.9096,17400.8
iteration,1596,10.6936,10.9094,17411.5
iteration,1597,11.1263,10.9096,17422.6
iteration,1598,10.9949,10.9096,17433.6
iteration,1599,10.3417,10.9093,17443.9
iteration,1600,11.0074,10.9093,17454.9
iteration,1601,10.2298,10.9089,17465.2
iteration,1602,11.6134,10.9094,17476.8
iteration,1603,11.0479,10.9094,17487.8
iteration,1604,10.4209,10.9091,17498.3
iteration,1605,11.2778,10.9094,17509.5
iteration,1606,10.2004,10.9089,17519.7
iteration,1607,11.64,10.9094,17531.4
iteration,1608,10.7485,10.9093,17542.1
iteration,1609,10.813,10.9092,17552.9
iteration,1610,10.4633,10.9089,17563.4
iteration,1611,11.1803,10.9091,17574.6
iteration,1612,10.9358,10.9091,17585.5
iteration,1613,10.4164,10.9088,17595.9
iteration,1614,10.9477,10.9088,17606.9
iteration,1615,10.3111,10.9085,17617.2
iteration,1616,11.0106,10.9085,17628.2
iteration,1617,10.8654,10.9085,17639.1
iteration,1618,10.2876,10.9081,17649.4
iteration,1619,10.8084,10.9081,17660.2
iteration,1620,10.3535,10.9077,17670.5
iteration,1621,11.1788,10.9079,17681.7
iteration,1622,10.8632,10.9079,17692.6
iteration,1623,10.3827,10.9075,17702.9
iteration,1624,10.993,10.9076,17713.9
iteration,1625,10.1263,10.9071,17724.1
iteration,1626,11.6218,10.9076,17735.7
iteration,1627,11.0268,10.9076,17746.7
iteration,1628,10.4666,10.9074,17757.2
iteration,1629,11.0673,10.9075,17768.2
iteration,1630,10.2277,10.907,17778.5
iteration,1631,10.7542,10.9069,17789.2
iteration,1632,10.8937,10.9069,17800.1
iteration,1633,10.4365,10.9066,17810.6
iteration,1634,10.8805,10.9066,17821.4
iteration,1635,10.1767,10.9062,17831.6
iteration,1636,11.4709,10.9065,17843.1
iteration,1637,10.7265,10.9064,17853.8
iteration,1638,10.8388,10.9064,17864.6
iteration,1639,11.3546,10.9067,17876
iteration,1640,10.9582,10.9067,17887
iteration,1641,10.9555,10.9067,17897.9
iteration,1642,10.7384,10.9066,17908.7
iteration,1643,10.971,10.9066,17919.6
iteration,1644,10.738,10.9065,17930.4
iteration,1645,10.9335,10.9066,17941.3
iteration,1646,10.7331,10.9065,17952
iteration,1647,10.1058,10.906,17962.1
iteration,1648,10.6363,10.9058,17972.8
iteration,1649,10.1763,10.9054,17982.9
iteration,1650,11.6085,10.9058,17994.6
iteration,1651,10.9228,10.9058,18005.5
iteration,1652,10.2634,10.9054,18015.7
iteration,1653,11.6042,10.9058,18027.3
iteration,1654,10.835,10.9058,18038.2
iteration,1655,10.7906,10.9057,18049
iteration,1656,10.6589,10.9056,18059.6
iteration,1657,10.8908,10.9056,18070.5
iteration,1658,10.3833,10.9052,18080.9
iteration,1659,10.9216,10.9053,18091.8
iteration,1660,10.1301,10.9048,18102
iteration,1661,11.449,10.9051,18113.4
iteration,1662,10.6637,10.905,18124.1
iteration,1663,10.8491,10.9049,18134.9
iteration,1664,10.9009,10.9049,18145.8
iteration,1665,10.6868,10.9048,18156.5
iteration,1666,10.9142,10.9048,18167.4
iteration,1667,10.7785,10.9047,18178.2
iteration,1668,10.7848,10.9047,18189
iteration,1669,10.8031,10.9046,18199.8
iteration,1670,10.8133,10.9046,18210.6
iteration,1671,10.931,10.9046,18221.5
iteration,1672,10.8816,10.9046,18232.4
iteration,1673,10.803,10.9045,18243.2
iteration,1674,10.6881,10.9044,18253.9
iteration,1675,10.9534,10.9044,18264.9
iteration,1676,10.7725,10.9043,18275.6
iteration,1677,11.0954,10.9044,18286.7
iteration,1678,10.7232,10.9043,18297.4
iteration,1679,11.1584,10.9045,18308.6
iteration,1680,10.9324,10.9045,18319.5
iteration,1681,10.8098,10.9044,18330.3
iteration,1682,10.8229,10.9044,18341.2
iteration,1683,10.7193,10.9043,18351.9
iteration,1684,10.6961,10.9041,18362.6
iteration,1685,10.8456,10.9041,18373.4
iteration,1686,10.8453,10.9041,18384.3
iteration,1687,10.9159,10.9041,18395.2
iteration,1688,10.9274,10.9041,18406.1
iteration,1689,10.3461,10.9038,18416.5
iteration,1690,11.0532,10.9039,18427.5
iteration,1691,10.8669,10.9038,18438.4
iteration,1692,10.8157,10.9038,18449.2
iteration,1693,10.623,10.9036,18459.8
iteration,1694,11.2062,10.9038,18471
iteration,1695,10.7684,10.9037,18481.8
iteration,1696,10.5786,10.9035,18492.4
iteration,1697,10.8578,10.9035,18503.2
iteration,1698,10.0388,10.903,18513.3
iteration,1699,11.3639,10.9033,18524.6
iteration,1700,10.8544,10.9032,18535.5
iteration,1701,10.973,10.9033,18546.5
iteration,1702,10.1223,10.9028,18556.6
iteration,1703,10.655,10.9027,18567.2
iteration,1704,10.8306,10.9026,18578.1
iteration,1705,10.3284,10.9023,18588.4
iteration,1706,10.676,10.9022,18599.1
iteration,1707,11.0908,10.9023,18610.2
iteration,1708,10.7166,10.9022,18620.9
iteration,1709,10.025,10.9016,18630.9
iteration,1710,10.6209,10.9015,18641.5
iteration,1711,10.2432,10.9011,18651.8
iteration,1712,10.7151,10.901,18662.5
iteration,1713,10.679,10.9009,18673.2
iteration,1714,10.628,10.9007,18683.8
iteration,1715,10.6001,10.9005,18694.4
iteration,1716,9.86547,10.8999,18704.3
iteration,1717,10.8145,10.8999,18715.1
iteration,1718,9.91141,10.8993,18725
iteration,1719,11.2632,10.8995,18736.3
iteration,1720,10.2643,10.8991,18746.5
iteration,1721,11.1492,10.8993,18757.7
iteration,1722,10.0825,10.8988,18767.7
iteration,1723,11.4625,10.8991,18779.2
iteration,1724,10.9474,10.8992,18790.2
iteration,1725,10.0262,10.8987,18800.2
iteration,1726,10.7862,10.8986,18811
iteration,1727,10.0363,10.8981,18821
iteration,1728,10.5336,10.8979,18831.5
iteration,1729,10.7604,10.8978,18842.3
iteration,1730,10.2847,10.8974,18852.6
iteration,1731,10.9146,10.8975,18863.5
iteration,1732,9.89186,10.8969,18873.4
iteration,1733,10.5513,10.8967,18883.9
iteration,1734,10.6117,10.8965,18894.6
iteration,1735,10.2837,10.8962,18904.8
iteration,1736,10.9437,10.8962,18915.8
iteration,1737,10.0651,10.8957,18925.8
iteration,1738,10.5987,10.8955,18936.4
iteration,1739,10.6367,10.8954,18947.1
iteration,1740,10.0616,10.8949,18957.1
iteration,1741,10.9253,10.8949,18968.1
iteration,1742,10.0082,10.8944,18978.1
iteration,1743,10.7493,10.8943,18988.8
iteration,1744,10.0982,10.8939,18998.9
iteration,1745,11.475,10.8942,19010.4
iteration,1746,10.7919,10.8942,19021.2
iteration,1747,10.7376,10.8941,19031.9
iteration,1748,10.6497,10.8939,19042.6
iteration,1749,10.6974,10.8938,19053.3
iteration,1750,9.8791,10.8932,19063.2
iteration,1751,10.8028,10.8932,19074
iteration,1752,10.5995,10.893,19084.6
iteration,1753,10.6875,10.8929,19095.2
iteration,1754,11.1328,10.893,19106.4
iteration,1755,10.8201,10.893,19117.2
iteration,1756,10.7168,10.8929,19127.9
iteration,1757,10.1761,10.8925,19138.1
iteration,1758,11.0728,10.8926,19149.2
iteration,1759,10.8688,10.8926,19160
iteration,1760,10.8074,10.8925,19170.8
iteration,1761,10.1693,10.8921,19181
iteration,1762,10.8475,10.8921,19191.9
iteration,1763,9.98569,10.8916,19201.8
iteration,1764,11.683,10.892,19213.5
iteration,1765,11.0564,10.8921,19224.6
iteration,1766,10.9944,10.8922,19235.6
iteration,1767,10.9185,10.8922,19246.5
iteration,1768,10.7498,10.8921,19257.2
iteration,1769,10.8463,10.8921,19268.1
iteration,1770,10.6603,10.8919,19278.8
iteration,1771,10.8762,10.8919,19289.6
iteration,1772,11.2382,10.8921,19300.9
iteration,1773,11.0513,10.8922,19311.9
iteration,1774,10.9358,10.8923,19322.9
iteration,1775,10.869,10.8922,19333.7
iteration,1776,10.6195,10.8921,19344.3
iteration,1777,10.6275,10.8919,19355
iteration,1778,10.9792,10.892,19365.9
iteration,1779,10.8022,10.8919,19376.8
iteration,1780,10.6693,10.8918,19387.4
iteration,1781,10.22,10.8914,19397.6
iteration,1782,10.7343,10.8913,19408.4
iteration,1783,10.8736,10.8913,19419.2
iteration,1784,10.6816,10.8912,19429.9
iteration,1785,10.4123,10.8909,19440.3
iteration,1786,10.7541,10.8909,19451.1
iteration,1787,9.92885,10.8903,19461
iteration,1788,11.5981,10.8907,19472.6
iteration,1789,10.9157,10.8907,19483.5
iteration,1790,10.8863,10.8907,19494.4
iteration,1791,10.6673,10.8906,19505.1
iteration,1792,10.7551,10.8905,19515.8
iteration,1793,10.6241,10.8904,19526.5
iteration,1794,10.7099,10.8903,19537.2
iteration,1795,11.2076,10.8905,19548.4
iteration,1796,10.8077,10.8904,19559.2
iteration,1797,10.529,10.8902,19569.7
iteration,1798,10.6854,10.8901,19580.4
iteration,1799,10.7148,10.89,19591.1
iteration,1800,10.6063,10.8899,19601.7
iteration,1801,10.8539,10.8898,19612.6
iteration,1802,10.9752,10.8899,19623.6
iteration,1803,10.8188,10.8898,19634.4
iteration,1804,10.7339,10.8898,19645.1
iteration,1805,10.8176,10.8897,19655.9
iteration,1806,10.7258,10.8896,19666.7
iteration,1807,10.9075,10.8896,19677.6
iteration,1808,10.7207,10.8895,19688.3
iteration,1809,10.6542,10.8894,19698.9
iteration,1810,10.1464,10.889,19709.1
iteration,1811,10.5781,10.8888,19719.7
iteration,1812,10.2789,10.8885,19729.9
iteration,1813,10.7421,10.8884,19740.7
iteration,1814,10.9539,10.8884,19751.6
iteration,1815,10.8395,10.8884,19762.5
iteration,1816,10.7461,10.8883,19773.2
iteration,1817,10.7761,10.8883,19784
iteration,1818,11.0336,10.8884,19795
iteration,1819,10.7607,10.8883,19805.8
iteration,1820,10.6037,10.8881,19816.4
iteration,1821,11.1162,10.8883,19827.5
iteration,1822,9.97401,10.8878,19837.5
iteration,1823,11.505,10.8881,19849
iteration,1824,10.9079,10.8881,19859.9
iteration,1825,11.2499,10.8883,19871.2
iteration,1826,10.6243,10.8882,19881.8
iteration,1827,10.9188,10.8882,19892.7
iteration,1828,10.7589,10.8881,19903.5
iteration,1829,10.9212,10.8881,19914.4
iteration,1830,10.7868,10.8881,19925.2
iteration,1831,10.6216,10.8879,19935.8
iteration,1832,11.0105,10.888,19946.8
iteration,1833,10.2669,10.8876,19957.1
iteration,1834,10.7056,10.8875,19967.8
iteration,1835,10.631,10.8874,19978.4
iteration,1836,10.6667,10.8873,19989.1
iteration,1837,10.9943,10.8873,20000.1
iteration,1838,10.3163,10.887,20010.4
iteration,1839,10.5912,10.8869,20021
iteration,1840,10.4027,10.8866,20031.4
iteration,1841,11.6728,10.887,20043
iteration,1842,10.9646,10.8871,20054
iteration,1843,10.0504,10.8866,20064.1
iteration,1844,10.9395,10.8867,20075
iteration,1845,10.2884,10.8863,20085.3
iteration,1846,10.8502,10.8863,20096.1
iteration,1847,10.7324,10.8862,20106.9
iteration,1848,10.109,10.8858,20117
iteration,1849,10.8738,10.8858,20127.8
iteration,1850,10.6899,10.8857,20138.5
iteration,1851,10.9779,10.8857,20149.5
iteration,1852,10.7258,10.8857,20160.2
iteration,1853,10.9654,10.8857,20171.2
iteration,1854,10.1696,10.8853,20181.4
iteration,1855,11.3391,10.8856,20192.7
iteration,1856,11.0476,10.8856,20203.8
iteration,1857,10.2332,10.8853,20214
iteration,1858,10.5928,10.8851,20224.6
iteration,1859,10.1915,10.8848,20234.8
iteration,1860,10.6597,10.8846,20245.4
iteration,1861,10.9557,10.8847,20256.4
iteration,1862,10.4632,10.8845,20266.9
iteration,1863,10.9861,10.8845,20277.8
iteration,1864,10.1167,10.8841,20288
iteration,1865,10.7683,10.884,20298.7
iteration,1866,10.8521,10.884,20309.6
iteration,1867,10.4648,10.8838,20320
iteration,1868,10.1324,10.8834,20330.2
iteration,1869,10.8139,10.8834,20341
iteration,1870,9.83555,10.8828,20350.8
iteration,1871,11.3648,10.8831,20362.2
iteration,1872,10.9939,10.8831,20373.2
iteration,1873,10.7664,10.8831,20384
iteration,1874,10.4145,10.8828,20394.4
iteration,1875,10.3973,10.8825,20404.8
iteration,1876,10.6124,10.8824,20415.4
iteration,1877,10.5028,10.8822,20425.9
iteration,1878,10.9717,10.8822,20436.9
iteration,1879,10.0625,10.8818,20446.9
iteration,1880,11.566,10.8822,20458.5
iteration,1881,10.7985,10.8821,20469.3
iteration,1882,11.0271,10.8822,20480.3
iteration,1883,10.9354,10.8822,20491.2
iteration,1884,11.1697,10.8824,20502.4
iteration,1885,10.8657,10.8824,20513.3
iteration,1886,10.7847,10.8823,20524.1
iteration,1887,10.8041,10.8823,20534.9
iteration,1888,10.8422,10.8823,20545.7
iteration,1889,11.0339,10.8823,20556.7
iteration,1890,11.0705,10.8824,20567.8
iteration,1891,10.7487,10.8824,20578.6
iteration,1892,10.8925,10.8824,20589.5
iteration,1893,10.8993,10.8824,20600.4
iteration,1894,11.0311,10.8825,20611.4
iteration,1895,10.6419,10.8823,20622
iteration,1896,10.3274,10.882,20632.4
iteration,1897,10.9858,10.8821,20643.3
iteration,1898,10.6028,10.882,20653.9
iteration,1899,10.2087,10.8816,20664.2
iteration,1900,11.0693,10.8817,20675.2
iteration,1901,11.2113,10.8819,20686.4
iteration,1902,11.0009,10.8819,20697.4
iteration,1903,11.1276,10.8821,20708.6
iteration,1904,10.9405,10.8821,20719.5
iteration,1905,10.8068,10.8821,20730.3
iteration,1906,11.205,10.8822,20741.5
iteration,1907,10.5455,10.882,20752.1
iteration,1908,10.6134,10.8819,20762.7
iteration,1909,10.7717,10.8818,20773.4
iteration,1910,10.2463,10.8815,20783.7
iteration,1911,10.9233,10.8815,20794.6
iteration,1912,10.134,10.8811,20804.7
iteration,1913,11.5552,10.8815,20816.3
iteration,1914,10.9487,10.8815,20827.3
iteration,1915,10.5395,10.8814,20837.8
iteration,1916,10.8751,10.8813,20848.7
iteration,1917,11.3246,10.8816,20860
iteration,1918,10.7508,10.8815,20870.7
iteration,1919,10.1564,10.8811,20880.9
iteration,1920,10.8718,10.8811,20891.8
iteration,1921,10.1066,10.8807,20901.9
iteration,1922,10.7918,10.8807,20912.7
iteration,1923,10.5866,10.8805,20923.3
iteration,1924,10.4235,10.8803,20933.7
iteration,1925,10.8614,10.8803,20944.5
iteration,1926,11.1012,10.8804,20955.6
iteration,1927,10.8981,10.8804,20966.5
iteration,1928,10.7737,10.8803,20977.3
iteration,1929,10.7761,10.8803,20988.1
iteration,1930,10.623,10.8802,20998.7
iteration,1931,10.9938,10.8802,21009.7
iteration,1932,10.2524,10.8799,21020
iteration,1933,10.983,10.8799,21030.9
iteration,1934,10.1081,10.8795,21041
iteration,1935,10.9424,10.8796,21052
iteration,1936,11.0675,10.8797,21063.1
iteration,1937,11.2417,10.8799,21074.3
iteration,1938,10.8877,10.8799,21085.2
iteration,1939,10.7744,10.8798,21096
iteration,1940,11.2193,10.88,21107.2
iteration,1941,10.7871,10.8799,21118
iteration,1942,11.158,10.8801,21129.1
iteration,1943,10.4237,10.8799,21139.6
iteration,1944,11.0788,10.88,21150.6
iteration,1945,11.0476,10.88,21161.7
iteration,1946,10.7868,10.88,21172.5
iteration,1947,11.1773,10.8801,21183.6
iteration,1948,11.0599,10.8802,21194.7
iteration,1949,11.0881,10.8803,21205.8
iteration,1950,10.9576,10.8804,21216.7
iteration,1951,11.0981,10.8805,21227.8
iteration,1952,10.5371,10.8803,21238.4
iteration,1953,11.0531,10.8804,21249.4
iteration,1954,10.9798,10.8805,21260.4
iteration,1955,11.1172,10.8806,21271.5
iteration,1956,10.1909,10.8802,21281.7
iteration,1957,11.0817,10.8803,21292.8
iteration,1958,11.04,10.8804,21303.8
iteration,1959,11.0267,10.8805,21314.9
iteration,1960,10.8813,10.8805,21325.8
iteration,1961,10.9416,10.8805,21336.7
iteration,1962,11.003,10.8806,21347.7
iteration,1963,11.1401,10.8807,21358.8
iteration,1964,11.2282,10.8809,21370.1
iteration,1965,11.0482,10.881,21381.1
iteration,1966,10.8642,10.881,21392
iteration,1967,11.2539,10.8812,21403.2
iteration,1968,10.8697,10.8811,21414.1
iteration,1969,11.1166,10.8813,21425.2
iteration,1970,10.9406,10.8813,21436.2
iteration,1971,11.1345,10.8814,21447.3
iteration,1972,10.9942,10.8815,21458.3
iteration,1973,10.5641,10.8813,21468.9
iteration,1974,11.0425,10.8814,21479.9
iteration,1975,10.4222,10.8812,21490.3
iteration,1976,11.0462,10.8813,21501.4
iteration,1977,10.6616,10.8811,21512
iteration,1978,11.0518,10.8812,21523.1
iteration,1979,10.4228,10.881,21533.5
iteration,1980,11.4417,10.8813,21544.9
iteration,1981,10.7459,10.8812,21555.7
iteration,1982,10.3701,10.881,21566.1
iteration,1983,11.3149,10.8812,21577.4
iteration,1984,10.5068,10.881,21587.9
iteration,1985,11.016,10.8811,21598.9
iteration,1986,11.0179,10.8811,21609.9
iteration,1987,10.3995,10.8809,21620.3
iteration,1988,10.963,10.8809,21631.3
iteration,1989,10.3728,10.8807,21641.6
iteration,1990,10.9335,10.8807,21652.6
iteration,1991,10.4159,10.8805,21663
iteration,1992,11.499,10.8808,21674.5
iteration,1993,11.1886,10.8809,21685.7
iteration,1994,10.1261,10.8805,21695.8
iteration,1995,10.8265,10.8805,21706.6
iteration,1996,10.8295,10.8805,21717.5
iteration,1997,10.6014,10.8804,21728.1
iteration,1998,10.8027,10.8803,21738.9
iteration,1999,10.4109,10.8801,21749.3
iteration,2000,10.87,10.8801,21760.2
iteration,2001,10.7036,10.88,21770.9
iteration,2002,10.8686,10.88,21781.7
iteration,2003,10.5642,10.8798,21792.3
iteration,2004,11.0376,10.8799,21803.3
iteration,2005,10.3351,10.8796,21813.7
iteration,2006,10.7672,10.8796,21824.4
iteration,2007,11.1,10.8797,21835.5
iteration,2008,10.3743,10.8794,21845.9
iteration,2009,10.583,10.8793,21856.5
iteration,2010,10.4107,10.8791,21866.9
iteration,2011,10.8706,10.879,21877.8
iteration,2012,10.7688,10.879,21888.5
iteration,2013,10.9324,10.879,21899.5
iteration,2014,10.3265,10.8787,21909.8
iteration,2015,11.0247,10.8788,21920.8
iteration,2016,10.1028,10.8784,21930.9
iteration,2017,11.4162,10.8787,21942.3
iteration,2018,11.009,10.8788,21953.3
iteration,2019,10.4325,10.8785,21963.8
iteration,2020,10.8078,10.8785,21974.6
iteration,2021,10.9861,10.8786,21985.6
iteration,2022,10.8375,10.8785,21996.4
iteration,2023,10.7489,10.8785,22007.2
iteration,2024,10.8695,10.8785,22018
iteration,2025,10.7792,10.8784,22028.8
iteration,2026,11.0698,10.8785,22039.9
iteration,2027,10.7227,10.8784,22050.6
iteration,2028,11.1215,10.8786,22061.7
iteration,2029,10.7824,10.8785,22072.5
iteration,2030,10.9208,10.8785,22083.4
iteration,2031,10.2894,10.8782,22093.7
iteration,2032,11.5815,10.8786,22105.3
iteration,2033,11.0405,10.8787,22116.3
iteration,2034,10.0336,10.8783,22126.4
iteration,2035,11.662,10.8786,22138
iteration,2036,10.8869,10.8786,22148.9
iteration,2037,10.9451,10.8787,22159.9
iteration,2038,10.8548,10.8787,22170.7
iteration,2039,10.9221,10.8787,22181.6
iteration,2040,10.632,10.8786,22192.3
iteration,2041,10.2805,10.8783,22202.6
iteration,2042,11.1951,10.8784,22213.7
iteration,2043,10.1732,10.8781,22223.9
iteration,2044,11.5774,10.8784,22235.5
iteration,2045,10.4989,10.8782,22246
iteration,2046,10.9317,10.8783,22256.9
iteration,2047,10.7346,10.8782,22267.7
iteration,2048,10.1707,10.8778,22277.8
iteration,2049,11.1094,10.878,22288.9
iteration,2050,10.3515,10.8777,22299.3
iteration,2051,10.9249,10.8777,22310.2
iteration,2052,10.5462,10.8776,22320.8
iteration,2053,10.1553,10.8772,22330.9
iteration,2054,11.167,10.8774,22342.1
iteration,2055,10.7822,10.8773,22352.9
iteration,2056,10.936,10.8773,22363.8
iteration,2057,11.3486,10.8776,22375.2
iteration,2058,10.7454,10.8775,22385.9
iteration,2059,10.6926,10.8774,22396.6
iteration,2060,11.0951,10.8775,22407.7
iteration,2061,10.7078,10.8774,22418.4
iteration,2062,10.3429,10.8772,22428.7
iteration,2063,10.839,10.8772,22439.6
iteration,2064,10.0605,10.8768,22449.6
iteration,2065,10.6597,10.8767,22460.3
iteration,2066,10.2667,10.8764,22470.6
iteration,2067,11.6544,10.8767,22482.2
iteration,2068,10.8997,10.8768,22493.1
iteration,2069,10.436,10.8765,22503.6
iteration,2070,11.6523,10.8769,22515.2
iteration,2071,10.8698,10.8769,22526.1
iteration,2072,10.8664,10.8769,22536.9
iteration,2073,10.7926,10.8769,22547.7
iteration,2074,10.2711,10.8766,22558
iteration,2075,11.2339,10.8767,22569.2
iteration,2076,10.202,10.8764,22579.4
iteration,2077,11.5455,10.8767,22591
iteration,2078,10.7847,10.8767,22601.8
iteration,2079,10.5941,10.8766,22612.4
iteration,2080,10.7589,10.8765,22623.1
iteration,2081,10.1851,10.8762,22633.3
iteration,2082,10.9404,10.8762,22644.3
iteration,2083,10.8596,10.8762,22655.1
iteration,2084,10.8536,10.8762,22666
iteration,2085,10.8399,10.8762,22676.8
iteration,2086,10.4237,10.8759,22687.2
iteration,2087,11.1812,10.8761,22698.4
iteration,2088,10.0924,10.8757,22708.5
iteration,2089,11.543,10.876,22720
iteration,2090,10.6327,10.8759,22730.7
iteration,2091,10.9414,10.876,22741.6
iteration,2092,10.8418,10.8759,22752.5
iteration,2093,10.7922,10.8759,22763.3
iteration,2094,10.732,10.8758,22774
iteration,2095,10.8182,10.8758,22784.8
iteration,2096,10.7115,10.8757,22795.5
iteration,2097,10.8718,10.8757,22806.4
iteration,2098,10.9285,10.8757,22817.3
iteration,2099,11.0081,10.8758,22828.3
iteration,2100,10.8665,10.8758,22839.2
iteration,2101,10.7006,10.8757,22849.9
iteration,2102,10.6499,10.8756,22860.5
iteration,2103,10.7576,10.8756,22871.3
iteration,2104,10.8609,10.8756,22882.2
iteration,2105,10.7818,10.8755,22892.9
iteration,2106,10.8713,10.8755,22903.8
iteration,2107,11.2528,10.8757,22915.1
iteration,2108,10.8238,10.8757,22925.9
iteration,2109,10.5913,10.8755,22936.5
iteration,2110,10.8904,10.8755,22947.4
iteration,2111,11.0414,10.8756,22958.4
iteration,2112,10.8331,10.8756,22969.2
iteration,2113,10.7951,10.8756,22980
iteration,2114,10.7843,10.8755,22990.8
iteration,2115,11.0908,10.8756,23001.9
iteration,2116,10.2584,10.8753,23012.2
iteration,2117,10.6443,10.8752,23022.8
iteration,2118,10.1883,10.8749,23033
iteration,2119,10.8361,10.8749,23043.8
iteration,2120,10.6132,10.8747,23054.5
iteration,2121,10.943,10.8748,23065.4
iteration,2122,10.9198,10.8748,23076.3
iteration,2123,10.9036,10.8748,23087.2
iteration,2124,10.7817,10.8748,23098
iteration,2125,11.2241,10.8749,23109.2
iteration,2126,10.8822,10.8749,23120.1
iteration,2127,10.6338,10.8748,23130.7
iteration,2128,11.1638,10.875,23141.9
iteration,2129,10.8691,10.875,23152.8
iteration,2130,10.4573,10.8748,23163.2
iteration,2131,11.075,10.8749,23174.3
iteration,2132,10.6002,10.8747,23184.9
iteration,2133,10.4661,10.8745,23195.4
iteration,2134,10.8329,10.8745,23206.2
iteration,2135,10.2395,10.8742,23216.4
iteration,2136,10.7954,10.8742,23227.2
iteration,2137,10.0012,10.8738,23237.2
iteration,2138,11.0915,10.8739,23248.3
iteration,2139,11.0256,10.8739,23259.4
iteration,2140,10.6002,10.8738,23270
iteration,2141,11.0033,10.8739,23281
iteration,2142,10.8013,10.8738,23291.8
iteration,2143,10.8361,10.8738,23302.6
iteration,2144,10.8227,10.8738,23313.4
iteration,2145,10.2473,10.8735,23323.7
iteration,2146,10.8347,10.8735,23334.5
iteration,2147,10.1603,10.8732,23344.7
iteration,2148,10.7747,10.8731,23355.4
iteration,2149,10.7549,10.8731,23366.2
iteration,2150,10.8213,10.873,23377
iteration,2151,10.9465,10.8731,23388
iteration,2152,10.9147,10.8731,23398.9
iteration,2153,10.7293,10.873,23409.6
iteration,2154,10.7895,10.873,23420.4
iteration,2155,10.5994,10.8729,23431
iteration,2156,10.9164,10.8729,23441.9
iteration,2157,10.8917,10.8729,23452.8
iteration,2158,10.7251,10.8728,23463.5
iteration,2159,10.6916,10.8727,23474.2
iteration,2160,10.7698,10.8727,23485
iteration,2161,10.7141,10.8726,23495.7
iteration,2162,10.8551,10.8726,23506.6
iteration,2163,10.8832,10.8726,23517.4
iteration,2164,10.5927,10.8725,23528
iteration,2165,10.7762,10.8724,23538.8
iteration,2166,10.7172,10.8724,23549.5
iteration,2167,10.8379,10.8723,23560.4
iteration,2168,10.2848,10.8721,23570.7
iteration,2169,10.9515,10.8721,23581.6
iteration,2170,10.7671,10.8721,23592.4
iteration,2171,10.8169,10.872,23603.2
iteration,2172,10.6211,10.8719,23613.8
iteration,2173,10.9369,10.872,23624.7
iteration,2174,10.8646,10.8719,23635.6
iteration,2175,10.7073,10.8719,23646.3
iteration,2176,11.067,10.872,23657.4
iteration,2177,10.6383,10.8719,23668
iteration,2178,10.7724,10.8718,23678.8
iteration,2179,10.8473,10.8718,23689.6
iteration,2180,11.2424,10.872,23700.9
iteration,2181,10.8519,10.872,23711.7
iteration,2182,10.6907,10.8719,23722.4
iteration,2183,11.0298,10.8719,23733.5
iteration,2184,10.7446,10.8719,23744.2
iteration,2185,10.8444,10.8719,23755
iteration,2186,10.7482,10.8718,23765.8
iteration,2187,10.7527,10.8718,23776.5
iteration,2188,10.8439,10.8718,23787.4
iteration,2189,10.7953,10.8717,23798.2
iteration,2190,10.7449,10.8717,23808.9
iteration,2191,10.8298,10.8716,23819.8
iteration,2192,10.726,10.8716,23830.5
iteration,2193,10.7607,10.8715,23841.2
iteration,2194,10.7615,10.8715,23852
iteration,2195,10.8739,10.8715,23862.9
iteration,2196,10.9033,10.8715,23873.8
iteration,2197,10.2837,10.8712,23884.1
iteration,2198,10.7617,10.8712,23894.8
iteration,2199,11.0021,10.8712,23905.8
iteration,2200,10.6921,10.8711,23916.5
iteration,2201,10.9559,10.8712,23927.5
iteration,2202,10.5957,10.8711,23938.1
iteration,2203,10.7963,10.871,23948.9
iteration,2204,10.8039,10.871,23959.7
iteration,2205,11.0013,10.8711,23970.7
iteration,2206,10.8538,10.871,23981.5
iteration,2207,10.6747,10.871,23992.2
iteration,2208,10.6041,10.8708,24002.8
iteration,2209,10.9041,10.8709,24013.7
iteration,2210,10.1894,10.8705,24023.9
iteration,2211,10.9243,10.8706,24034.8
iteration,2212,10.7182,10.8705,24045.5
iteration,2213,10.7503,10.8704,24056.3
iteration,2214,10.8852,10.8705,24067.2
iteration,2215,10.7074,10.8704,24077.9
iteration,2216,11.4405,10.8706,24089.3
iteration,2217,10.7632,10.8706,24100.1
iteration,2218,10.7291,10.8705,24110.8
iteration,2219,10.9812,10.8706,24121.8
iteration,2220,10.8451,10.8706,24132.7
iteration,2221,10.8906,10.8706,24143.5
iteration,2222,10.5065,10.8704,24154
iteration,2223,10.1748,10.8701,24164.2
iteration,2224,10.6533,10.87,24174.9
iteration,2225,10.9122,10.87,24185.8
iteration,2226,10.7737,10.87,24196.6
iteration,2227,10.049,10.8696,24206.6
iteration,2228,10.8508,10.8696,24217.5
iteration,2229,9.99121,10.8692,24227.5
iteration,2230,11.4097,10.8694,24238.9
iteration,2231,10.9366,10.8695,24249.8
iteration,2232,10.8391,10.8695,24260.6
iteration,2233,10.7684,10.8694,24271.4
iteration,2234,10.7955,10.8694,24282.2
iteration,2235,10.7853,10.8693,24293
iteration,2236,10.5704,10.8692,24303.6
iteration,2237,10.7717,10.8692,24314.3
iteration,2238,11.178,10.8693,24325.5
iteration,2239,10.7498,10.8693,24336.3
iteration,2240,10.6624,10.8692,24346.9
iteration,2241,10.6425,10.8691,24357.6
iteration,2242,10.8631,10.8691,24368.4
iteration,2243,10.8254,10.869,24379.3
iteration,2244,10.7209,10.869,24390
iteration,2245,10.7977,10.8689,24400.8
iteration,2246,10.7797,10.8689,24411.5
iteration,2247,10.678,10.8688,24422.2
iteration,2248,10.8666,10.8688,24433.1
iteration,2249,11.0017,10.8689,24444.1
iteration,2250,10.8693,10.8689,24455
iteration,2251,10.8088,10.8688,24465.8
iteration,2252,11.0008,10.8689,24476.8
iteration,2253,10.9336,10.8689,24487.7
iteration,2254,10.7504,10.8689,24498.5
iteration,2255,11.0772,10.869,24509.5
iteration,2256,10.801,10.8689,24520.3
iteration,2257,10.5515,10.8688,24530.9
iteration,2258,10.7614,10.8688,24541.7
iteration,2259,10.7471,10.8687,24552.4
iteration,2260,10.7007,10.8686,24563.1
iteration,2261,10.8536,10.8686,24574
iteration,2262,10.7322,10.8686,24584.7
iteration,2263,10.8276,10.8685,24595.5
iteration,2264,10.7151,10.8685,24606.2
iteration,2265,10.6857,10.8684,24616.9
iteration,2266,10.9306,10.8684,24627.8
iteration,2267,10.8198,10.8684,24638.7
iteration,2268,10.6665,10.8683,24649.3
iteration,2269,10.7189,10.8682,24660
iteration,2270,10.6968,10.8682,24670.7
iteration,2271,10.6529,10.8681,24681.4
iteration,2272,10.5903,10.868,24692
iteration,2273,11.0485,10.868,24703
iteration,2274,10.6451,10.8679,24713.7
iteration,2275,10.7848,10.8679,24724.5
iteration,2276,10.8364,10.8679,24735.3
iteration,2277,10.5538,10.8677,24745.9
iteration,2278,10.9085,10.8678,24756.8
iteration,2279,10.8461,10.8678,24767.6
iteration,2280,10.6326,10.8677,24778.2
iteration,2281,10.1252,10.8673,24788.4
iteration,2282,10.6347,10.8672,24799
iteration,2283,10.9097,10.8672,24809.9
iteration,2284,10.8369,10.8672,24820.8
iteration,2285,10.7453,10.8672,24831.5
iteration,2286,10.8924,10.8672,24842.4
iteration,2287,10.7141,10.8671,24853.1
iteration,2288,10.8424,10.8671,24863.9
iteration,2289,11.4126,10.8673,24875.4
iteration,2290,10.7556,10.8673,24886.1
iteration,2291,10.5964,10.8672,24896.7
iteration,2292,10.7393,10.8671,24907.4
iteration,2293,10.7484,10.8671,24918.2
iteration,2294,10.6789,10.867,24928.9
iteration,2295,10.94,10.867,24939.8
iteration,2296,10.7543,10.867,24950.6
iteration,2297,10.6768,10.8669,24961.2
iteration,2298,10.7026,10.8668,24971.9
iteration,2299,10.6533,10.8667,24982.6
iteration,2300,10.8932,10.8667,24993.5
iteration,2301,10.3884,10.8665,25003.9
iteration,2302,10.8531,10.8665,25014.7
iteration,2303,10.6903,10.8664,25025.4
iteration,2304,10.7355,10.8664,25036.2
iteration,2305,10.809,10.8664,25047
iteration,2306,10.7162,10.8663,25057.7
iteration,2307,11.1375,10.8664,25068.8
iteration,2308,10.7056,10.8663,25079.5
iteration,2309,10.892,10.8664,25090.4
iteration,2310,10.7505,10.8663,25101.2
iteration,2311,10.6241,10.8662,25111.8
iteration,2312,10.8356,10.8662,25122.6
iteration,2313,10.5169,10.866,25133.2
iteration,2314,11.0009,10.8661,25144.2
iteration,2315,10.6198,10.866,25154.8
iteration,2316,10.58,10.8659,25165.4
iteration,2317,10.7611,10.8658,25176.1
iteration,2318,10.8806,10.8658,25187
iteration,2319,11.1208,10.8659,25198.1
iteration,2320,10.6539,10.8658,25208.8
iteration,2321,10.0944,10.8655,25218.9
iteration,2322,10.5586,10.8654,25229.4
iteration,2323,10.9321,10.8654,25240.4
iteration,2324,10.6564,10.8653,25251
iteration,2325,10.4916,10.8652,25261.5
iteration,2326,10.9105,10.8652,25272.4
iteration,2327,10.741,10.8651,25283.2
iteration,2328,10.8735,10.8651,25294
iteration,2329,11.0185,10.8652,25305
iteration,2330,10.1267,10.8649,25315.2
iteration,2331,10.4873,10.8647,25325.7
iteration,2332,10.1587,10.8644,25335.8
iteration,2333,11.5326,10.8647,25347.3
iteration,2334,11.0422,10.8648,25358.4
iteration,2335,10.0054,10.8644,25368.4
iteration,2336,11.3294,10.8646,25379.7
iteration,2337,11.0069,10.8647,25390.7
iteration,2338,10.124,10.8644,25400.9
iteration,2339,10.7355,10.8643,25411.6
iteration,2340,10.014,10.8639,25421.6
iteration,2341,10.6595,10.8638,25432.3
iteration,2342,11.0402,10.8639,25443.3
iteration,2343,10.1275,10.8636,25453.4
iteration,2344,10.4756,10.8634,25463.9
iteration,2345,10.1212,10.8631,25474
iteration,2346,10.6824,10.863,25484.7
iteration,2347,10.7583,10.863,25495.5
iteration,2348,10.885,10.863,25506.4
iteration,2349,10.7325,10.863,25517.1
iteration,2350,10.6304,10.8629,25527.7
iteration,2351,10.6518,10.8628,25538.4
iteration,2352,10.803,10.8627,25549.2
iteration,2353,10.7325,10.8627,25559.9
iteration,2354,10.5898,10.8626,25570.5
iteration,2355,10.063,10.8622,25580.6
iteration,2356,10.9774,10.8623,25591.5
iteration,2357,10.1049,10.862,25601.6
iteration,2358,11.3231,10.8622,25613
iteration,2359,10.3262,10.8619,25623.3
iteration,2360,10.8727,10.8619,25634.2
iteration,2361,10.0836,10.8616,25644.2
iteration,2362,11.3705,10.8618,25655.6
iteration,2363,10.7741,10.8618,25666.4
iteration,2364,11.1251,10.8619,25677.5
iteration,2365,10.876,10.8619,25688.4
iteration,2366,10.5678,10.8618,25699
iteration,2367,11.1325,10.8619,25710.1
iteration,2368,10.6263,10.8618,25720.7
iteration,2369,10.8294,10.8618,25731.5
iteration,2370,11.144,10.8619,25742.7
iteration,2371,10.0181,10.8615,25752.7
iteration,2372,11.4697,10.8618,25764.2
iteration,2373,10.8421,10.8618,25775
iteration,2374,11.0415,10.8619,25786.1
iteration,2375,10.6711,10.8618,25796.7
iteration,2376,10.712,10.8617,25807.4
iteration,2377,10.757,10.8617,25818.2
iteration,2378,10.7422,10.8616,25828.9
iteration,2379,10.6074,10.8615,25839.6
iteration,2380,10.5433,10.8614,25850.1
iteration,2381,10.7603,10.8613,25860.9
iteration,2382,11.182,10.8615,25872
iteration,2383,10.7211,10.8614,25882.8
iteration,2384,10.4987,10.8613,25893.3
iteration,2385,10.6799,10.8612,25903.9
iteration,2386,10.7755,10.8612,25914.7
iteration,2387,10.8995,10.8612,25925.6
iteration,2388,10.7634,10.8611,25936.4
iteration,2389,10.7128,10.8611,25947.1
iteration,2390,10.6015,10.861,25957.7
iteration,2391,10.6191,10.8609,25968.3
iteration,2392,10.4852,10.8607,25978.8
iteration,2393,10.638,10.8606,25989.4
iteration,2394,9.84399,10.8602,25999.3
iteration,2395,10.824,10.8602,26010.1
iteration,2396,10.6424,10.8601,26020.7
iteration,2397,10.7422,10.86,26031.5
iteration,2398,11.2292,10.8602,26042.7
iteration,2399,10.689,10.8601,26053.4
iteration,2400,10.796,10.8601,26064.2
iteration,2401,10.5702,10.86,26074.8
iteration,2402,10.6561,10.8599,26085.4
iteration,2403,10.7317,10.8598,26096.2
iteration,2404,10.7036,10.8598,26106.9
iteration,2405,10.7481,10.8597,26117.6
iteration,2406,10.6311,10.8596,26128.2
iteration,2407,10.6272,10.8595,26138.9
iteration,2408,10.7816,10.8595,26149.7
iteration,2409,10.0486,10.8592,26159.7
iteration,2410,11.2037,10.8593,26170.9
iteration,2411,10.0407,10.859,26180.9
iteration,2412,10.3694,10.8588,26191.3
iteration,2413,10.7398,10.8587,26202.1
iteration,2414,10.1607,10.8584,26212.2
iteration,2415,10.8284,10.8584,26223
iteration,2416,10.0661,10.8581,26233.1
iteration,2417,10.4255,10.8579,26243.5
iteration,2418,10.774,10.8579,26254.3
iteration,2419,10.4866,10.8577,26264.8
iteration,2420,10.4905,10.8576,26275.3
iteration,2421,10.779,10.8575,26286.1
iteration,2422,10.4078,10.8573,26296.5
iteration,2423,10.8821,10.8573,26307.4
iteration,2424,10.7332,10.8573,26318.1
iteration,2425,10.557,10.8572,26328.6
iteration,2426,10.0597,10.8568,26338.7
iteration,2427,10.3369,10.8566,26349
iteration,2428,10.2377,10.8564,26359.3
iteration,2429,10.4557,10.8562,26369.7
iteration,2430,10.6248,10.8561,26380.4
iteration,2431,9.94952,10.8557,26390.3
iteration,2432,10.3359,10.8555,26400.6
iteration,2433,11.0674,10.8556,26411.7
iteration,2434,10.6614,10.8555,26422.4
iteration,2435,10.5283,10.8554,26432.9
iteration,2436,10.6545,10.8553,26443.6
iteration,2437,10.7203,10.8553,26454.3
iteration,2438,10.4811,10.8551,26464.8
iteration,2439,10.9379,10.8551,26475.7
iteration,2440,10.6233,10.855,26486.3
iteration,2441,10.5938,10.8549,26496.9
iteration,2442,11.0492,10.855,26508
iteration,2443,10.7008,10.855,26518.7
iteration,2444,10.6751,10.8549,26529.3
iteration,2445,10.6207,10.8548,26540
iteration,2446,10.5036,10.8546,26550.5
iteration,2447,10.7129,10.8546,26561.2
iteration,2448,10.5459,10.8545,26571.7
iteration,2449,9.89268,10.8541,26581.6
iteration,2450,10.6624,10.854,26592.3
iteration,2451,10.4956,10.8538,26602.8
iteration,2452,10.8944,10.8539,26613.7
iteration,2453,10.745,10.8538,26624.4
iteration,2454,10.7391,10.8538,26635.2
iteration,2455,10.63,10.8537,26645.8
iteration,2456,10.8977,10.8537,26656.7
iteration,2457,10.7932,10.8537,26667.5
iteration,2458,10.8676,10.8537,26678.3
iteration,2459,10.8351,10.8537,26689.2
iteration,2460,10.635,10.8536,26699.8
iteration,2461,10.8116,10.8536,26710.6
iteration,2462,10.8798,10.8536,26721.5
iteration,2463,11.1024,10.8537,26732.6
iteration,2464,10.9455,10.8537,26743.5
iteration,2465,10.781,10.8537,26754.3
iteration,2466,10.9599,10.8537,26765.3
iteration,2467,10.7266,10.8537,26776
iteration,2468,10.7891,10.8536,26786.8
iteration,2469,10.9116,10.8537,26797.7
iteration,2470,11.0649,10.8538,26808.8
iteration,2471,11.1575,10.8539,26819.9
iteration,2472,11.0681,10.854,26831
iteration,2473,10.1992,10.8537,26841.2
iteration,2474,10.6342,10.8536,26851.8
iteration,2475,10.7584,10.8536,26862.6
iteration,2476,10.7808,10.8535,26873.4
iteration,2477,10.9899,10.8536,26884.4
iteration,2478,10.7388,10.8536,26895.1
iteration,2479,10.6093,10.8535,26905.7
iteration,2480,11.1202,10.8536,26916.8
iteration,2481,10.745,10.8535,26927.6
iteration,2482,11.0653,10.8536,26938.6
iteration,2483,10.9205,10.8536,26949.6
iteration,2484,10.7817,10.8536,26960.3
iteration,2485,10.7179,10.8535,26971.1
iteration,2486,10.7913,10.8535,26981.9
iteration,2487,11.0297,10.8536,26992.9
iteration,2488,11.0076,10.8537,27003.9
iteration,2489,10.8112,10.8536,27014.7
iteration,2490,10.0918,10.8533,27024.8
iteration,2491,10.941,10.8534,27035.7
iteration,2492,9.99081,10.853,27045.7
iteration,2493,10.9813,10.8531,27056.7
iteration,2494,10.7765,10.853,27067.5
iteration,2495,11.2391,10.8532,27078.7
iteration,2496,10.6834,10.8531,27089.4
iteration,2497,10.7929,10.8531,27100.2
iteration,2498,10.8677,10.8531,27111.1
iteration,2499,10.2002,10.8528,27121.3
iteration,2500,10.7171,10.8528,27132
iteration,2501,10.8576,10.8528,27142.8
iteration,2502,10.7109,10.8527,27153.6
iteration,2503,10.8035,10.8527,27164.4
iteration,2504,10.2104,10.8525,27174.6
iteration,2505,10.6096,10.8524,27185.2
iteration,2506,10.2972,10.8521,27195.5
iteration,2507,10.9439,10.8522,27206.4
iteration,2508,10.8475,10.8522,27217.3
iteration,2509,10.2522,10.8519,27227.5
iteration,2510,10.6747,10.8519,27238.2
iteration,2511,10.8249,10.8519,27249
iteration,2512,10.7748,10.8518,27259.8
iteration,2513,11.1299,10.8519,27270.9
iteration,2514,10.6857,10.8519,27281.6
iteration,2515,10.8528,10.8519,27292.5
iteration,2516,10.9354,10.8519,27303.4
iteration,2517,11.0111,10.852,27314.4
iteration,2518,10.2043,10.8517,27324.6
iteration,2519,10.5419,10.8516,27335.2
iteration,2520,10.1652,10.8513,27345.3
iteration,2521,11.5338,10.8516,27356.9
iteration,2522,10.7808,10.8516,27367.6
iteration,2523,10.2387,10.8513,27377.9
iteration,2524,10.9208,10.8513,27388.8
iteration,2525,10.1265,10.8511,27398.9
iteration,2526,10.9711,10.8511,27409.9
iteration,2527,10.6555,10.851,27420.5
iteration,2528,10.3038,10.8508,27430.9
iteration,2529,10.9456,10.8508,27441.8
iteration,2530,10.8197,10.8508,27452.6
iteration,2531,10.8988,10.8509,27463.5
iteration,2532,10.9037,10.8509,27474.4
iteration,2533,10.8612,10.8509,27485.3
iteration,2534,10.9024,10.8509,27496.2
iteration,2535,10.9029,10.8509,27507.1
iteration,2536,10.6684,10.8509,27517.8
iteration,2537,10.8153,10.8508,27528.6
iteration,2538,10.9093,10.8509,27539.5
iteration,2539,10.475,10.8507,27550
iteration,2540,11.051,10.8508,27561
iteration,2541,10.044,10.8505,27571.1
iteration,2542,10.6991,10.8504,27581.7
iteration,2543,10.8481,10.8504,27592.6
iteration,2544,10.9241,10.8504,27603.5
iteration,2545,10.6143,10.8503,27614.1
iteration,2546,10.9185,10.8504,27625.1
iteration,2547,10.8513,10.8504,27635.9
iteration,2548,10.8373,10.8504,27646.7
iteration,2549,10.9894,10.8504,27657.7
iteration,2550,11.0502,10.8505,27668.8
iteration,2551,10.9678,10.8505,27679.8
iteration,2552,10.8098,10.8505,27690.6
iteration,2553,10.9201,10.8506,27701.5
iteration,2554,10.7737,10.8505,27712.3
iteration,2555,10.9477,10.8506,27723.2
iteration,2556,11.0544,10.8506,27734.3
iteration,2557,10.9111,10.8507,27745.2
iteration,2558,10.7257,10.8506,27755.9
iteration,2559,10.8934,10.8506,27766.8
iteration,2560,10.3025,10.8504,27777.1
iteration,2561,10.9866,10.8505,27788.1
iteration,2562,11.055,10.8506,27799.1
iteration,2563,10.3139,10.8503,27809.4
iteration,2564,11.1512,10.8505,27820.6
iteration,2565,10.1362,10.8502,27830.7
iteration,2566,10.7622,10.8502,27841.5
iteration,2567,10.7005,10.8501,27852.2
iteration,2568,10.4816,10.85,27862.7
iteration,2569,11.0102,10.85,27873.7
iteration,2570,10.3619,10.8498,27884
iteration,2571,10.8119,10.8498,27894.9
iteration,2572,10.3917,10.8496,27905.3
iteration,2573,11.6925,10.85,27916.9
iteration,2574,11.1679,10.8501,27928.1
iteration,2575,10.9867,10.8501,27939.1
iteration,2576,11.1519,10.8503,27950.3
iteration,2577,10.841,10.8502,27961.1
iteration,2578,10.9831,10.8503,27972.1
iteration,2579,10.9132,10.8503,27983
iteration,2580,10.9352,10.8504,27993.9
iteration,2581,10.8818,10.8504,28004.8
iteration,2582,10.2096,10.8501,28015
iteration,2583,11.2107,10.8503,28026.2
iteration,2584,10.1185,10.85,28036.3
iteration,2585,11.3337,10.8502,28047.7
iteration,2586,10.9742,10.8502,28058.7
iteration,2587,10.6367,10.8501,28069.3
iteration,2588,11.1323,10.8502,28080.4
iteration,2589,10.8739,10.8502,28091.3
iteration,2590,10.26,10.85,28101.6
iteration,2591,10.7161,10.85,28112.3
iteration,2592,10.2632,10.8497,28122.5
iteration,2593,11.1863,10.8499,28133.7
iteration,2594,10.8321,10.8499,28144.6
iteration,2595,10.2929,10.8497,28154.8
iteration,2596,11.0826,10.8497,28165.9
iteration,2597,10.362,10.8496,28176.3
iteration,2598,10.9475,10.8496,28187.2
iteration,2599,10.8575,10.8496,28198.1
iteration,2600,10.3014,10.8494,28208.4
iteration,2601,10.9481,10.8494,28219.3
iteration,2602,10.7119,10.8494,28230.1
iteration,2603,10.9201,10.8494,28241
iteration,2604,10.8526,10.8494,28251.8
iteration,2605,10.655,10.8493,28262.5
iteration,2606,11.1326,10.8494,28273.6
iteration,2607,10.5501,10.8493,28284.2
iteration,2608,10.9905,10.8494,28295.2
iteration,2609,11.0301,10.8494,28306.2
iteration,2610,10.3135,10.8492,28316.5
iteration,2611,10.9243,10.8493,28327.4
iteration,2612,10.101,10.849,28337.5
iteration,2613,10.6486,10.8489,28348.2
iteration,2614,10.915,10.8489,28359.1
iteration,2615,10.4493,10.8488,28369.5
iteration,2616,10.8846,10.8488,28380.4
iteration,2617,10.1811,10.8485,28390.6
iteration,2618,10.7623,10.8485,28401.4
iteration,2619,10.7272,10.8485,28412.1
iteration,2620,11.2974,10.8486,28423.4
iteration,2621,10.9512,10.8487,28434.3
iteration,2622,10.8401,10.8487,28445.2
iteration,2623,10.9376,10.8487,28456.1
iteration,2624,10.9286,10.8487,28467
iteration,2625,11.0857,10.8488,28478.1
iteration,2626,10.8646,10.8488,28489
iteration,2627,10.9542,10.8489,28500
iteration,2628,11.0105,10.8489,28511
iteration,2629,10.2388,10.8487,28521.2
iteration,2630,10.8181,10.8487,28532
iteration,2631,10.314,10.8485,28542.3
iteration,2632,10.9057,10.8485,28553.2
iteration,2633,10.8071,10.8485,28564
iteration,2634,11.2651,10.8486,28575.3
iteration,2635,10.9655,10.8487,28586.3
iteration,2636,10.9182,10.8487,28597.2
iteration,2637,10.7117,10.8487,28607.9
iteration,2638,10.9909,10.8487,28618.9
iteration,2639,11.0021,10.8488,28629.9
iteration,2640,10.7751,10.8487,28640.7
iteration,2641,10.7963,10.8487,28651.5
iteration,2642,10.8015,10.8487,28662.3
iteration,2643,10.8997,10.8487,28673.2
iteration,2644,10.8492,10.8487,28684
iteration,2645,10.902,10.8487,28694.9
iteration,2646,11.0523,10.8488,28706
iteration,2647,10.7095,10.8488,28716.7
iteration,2648,10.3443,10.8486,28727
iteration,2649,10.7137,10.8485,28737.7
iteration,2650,11.1,10.8486,28748.8
iteration,2651,10.9782,10.8487,28759.8
iteration,2652,10.9084,10.8487,28770.7
iteration,2653,10.7645,10.8487,28781.5
iteration,2654,10.8788,10.8487,28792.4
iteration,2655,10.5961,10.8486,28803
iteration,2656,11.02,10.8486,28814
iteration,2657,10.8179,10.8486,28824.8
iteration,2658,10.8232,10.8486,28835.6
iteration,2659,10.7874,10.8486,28846.4
iteration,2660,10.7523,10.8486,28857.2
iteration,2661,11.1939,10.8487,28868.4
iteration,2662,11.0309,10.8488,28879.4
iteration,2663,11.0973,10.8489,28890.5
iteration,2664,10.8525,10.8489,28901.3
iteration,2665,10.5046,10.8487,28911.9
iteration,2666,10.7911,10.8487,28922.6
iteration,2667,10.7954,10.8487,28933.4
iteration,2668,10.843,10.8487,28944.3
iteration,2669,11.0474,10.8488,28955.3
iteration,2670,10.8794,10.8488,28966.2
iteration,2671,10.8498,10.8488,28977.1
iteration,2672,10.856,10.8488,28987.9
iteration,2673,10.7819,10.8487,28998.7
iteration,2674,10.6973,10.8487,29009.4
iteration,2675,10.8644,10.8487,29020.3
iteration,2676,10.8454,10.8487,29031.1
iteration,2677,10.8844,10.8487,29042
iteration,2678,10.8525,10.8487,29052.8
iteration,2679,10.7977,10.8487,29063.6
iteration,2680,10.2115,10.8485,29073.8
iteration,2681,10.7251,10.8484,29084.6
iteration,2682,10.1759,10.8482,29094.7
iteration,2683,10.7566,10.8481,29105.5
iteration,2684,10.8795,10.8481,29116.4
iteration,2685,10.3824,10.848,29126.8
iteration,2686,10.4995,10.8478,29137.3
iteration,2687,10.1211,10.8476,29147.4
iteration,2688,10.7363,10.8475,29158.1
iteration,2689,10.7357,10.8475,29168.9
iteration,2690,10.8157,10.8475,29179.7
iteration,2691,11.3631,10.8477,29191
iteration,2692,10.7939,10.8476,29201.8
iteration,2693,10.7389,10.8476,29212.6
iteration,2694,10.2138,10.8474,29222.8
iteration,2695,10.6988,10.8473,29233.5
iteration,2696,11.2053,10.8474,29244.7
iteration,2697,10.8188,10.8474,29255.5
iteration,2698,10.5014,10.8473,29266
iteration,2699,10.6122,10.8472,29276.6
iteration,2700,10.1124,10.8469,29286.7
iteration,2701,10.8636,10.8469,29297.6
iteration,2702,10.3396,10.8468,29307.9
iteration,2703,10.7521,10.8467,29318.7
iteration,2704,10.8442,10.8467,29329.5
iteration,2705,10.0978,10.8464,29339.6
iteration,2706,10.5687,10.8463,29350.2
iteration,2707,10.8749,10.8464,29361.1
iteration,2708,10.747,10.8463,29371.8
iteration,2709,10.7137,10.8463,29382.5
iteration,2710,11.0623,10.8463,29393.6
iteration,2711,11.0445,10.8464,29404.6
iteration,2712,10.8161,10.8464,29415.5
iteration,2713,10.747,10.8464,29426.2
iteration,2714,10.9027,10.8464,29437.1
iteration,2715,10.9705,10.8464,29448.1
iteration,2716,10.8427,10.8464,29458.9
iteration,2717,10.6827,10.8464,29469.6
iteration,2718,10.9578,10.8464,29480.6
iteration,2719,10.9116,10.8464,29491.5
iteration,2720,10.7403,10.8464,29502.2
iteration,2721,10.789,10.8464,29513
iteration,2722,10.9268,10.8464,29523.9
iteration,2723,10.8289,10.8464,29534.8
iteration,2724,10.9508,10.8464,29545.7
iteration,2725,11.1208,10.8465,29556.8
iteration,2726,10.8597,10.8465,29567.7
iteration,2727,11.181,10.8467,29578.9
iteration,2728,11.1358,10.8468,29590
iteration,2729,10.734,10.8467,29600.7
iteration,2730,10.9463,10.8468,29611.7
iteration,2731,11.5797,10.847,29623.3
iteration,2732,10.8942,10.8471,29634.2
iteration,2733,11.1593,10.8472,29645.3
iteration,2734,10.8831,10.8472,29656.2
iteration,2735,11.0278,10.8473,29667.2
iteration,2736,10.9934,10.8473,29678.2
iteration,2737,10.9049,10.8473,29689.1
iteration,2738,10.4395,10.8472,29699.6
iteration,2739,10.7737,10.8471,29710.3
iteration,2740,11.1584,10.8473,29721.5
iteration,2741,10.832,10.8473,29732.3
iteration,2742,10.7909,10.8472,29743.1
iteration,2743,10.3185,10.847,29753.4
iteration,2744,10.6611,10.847,29764.1
iteration,2745,10.4008,10.8468,29774.5
iteration,2746,10.7485,10.8468,29785.3
iteration,2747,10.8179,10.8468,29796.1
iteration,2748,10.0683,10.8465,29806.1
iteration,2749,10.6128,10.8464,29816.8
iteration,2750,10.0656,10.8461,29826.8
iteration,2751,10.9088,10.8461,29837.7
iteration,2752,10.7235,10.8461,29848.4
iteration,2753,10.8022,10.8461,29859.3
iteration,2754,10.3397,10.8459,29869.6
iteration,2755,11.0198,10.846,29880.6
iteration,2756,10.0533,10.8457,29890.7
iteration,2757,11.3988,10.8459,29902.1
iteration,2758,10.8363,10.8459,29912.9
iteration,2759,10.2145,10.8456,29923.1
iteration,2760,10.5943,10.8455,29933.7
iteration,2761,10.1943,10.8453,29943.9
iteration,2762,10.6926,10.8453,29954.6
iteration,2763,10.7555,10.8452,29965.4
iteration,2764,10.7908,10.8452,29976.1
iteration,2765,10.0892,10.8449,29986.2
iteration,2766,10.8709,10.8449,29997.1
iteration,2767,9.90057,10.8446,30007
iteration,2768,10.8956,10.8446,30017.9
iteration,2769,11.0368,10.8447,30028.9
iteration,2770,10.9351,10.8447,30039.9
iteration,2771,10.163,10.8445,30050
iteration,2772,10.7875,10.8445,30060.8
iteration,2773,10.8903,10.8445,30071.7
iteration,2774,10.7311,10.8444,30082.4
iteration,2775,10.4505,10.8443,30092.9
iteration,2776,11.024,10.8444,30103.9
iteration,2777,10.0989,10.8441,30114
iteration,2778,10.795,10.8441,30124.8
iteration,2779,10.9725,10.8441,30135.8
iteration,2780,11.2444,10.8443,30147
iteration,2781,10.9269,10.8443,30158
iteration,2782,11.1352,10.8444,30169.1
iteration,2783,10.8578,10.8444,30179.9
iteration,2784,10.8707,10.8444,30190.8
iteration,2785,10.1589,10.8442,30201
iteration,2786,10.5852,10.8441,30211.6
iteration,2787,10.2456,10.8438,30221.8
iteration,2788,11.0776,10.8439,30232.9
iteration,2789,10.8034,10.8439,30243.7
iteration,2790,10.3137,10.8437,30254
iteration,2791,10.6257,10.8437,30264.6
iteration,2792,10.2674,10.8434,30274.9
iteration,2793,10.9436,10.8435,30285.8
iteration,2794,10.7827,10.8435,30296.6
iteration,2795,10.1781,10.8432,30306.8
iteration,2796,10.8075,10.8432,30317.6
iteration,2797,10.268,10.843,30327.9
iteration,2798,11.0783,10.8431,30339
iteration,2799,10.8662,10.8431,30349.8
iteration,2800,10.3703,10.8429,30360.2
iteration,2801,11.24,10.8431,30371.4
iteration,2802,10.2647,10.8429,30381.7
iteration,2803,11.2504,10.843,30392.9
iteration,2804,11.0612,10.8431,30404
iteration,2805,11.0409,10.8432,30415
iteration,2806,10.4688,10.843,30425.5
iteration,2807,10.6265,10.8429,30436.1
iteration,2808,10.8135,10.8429,30447
iteration,2809,11.4327,10.8431,30458.4
iteration,2810,10.9591,10.8432,30469.3
iteration,2811,10.7463,10.8431,30480.1
iteration,2812,10.2615,10.8429,30490.4
iteration,2813,10.9446,10.843,30501.3
iteration,2814,10.3236,10.8428,30511.6
iteration,2815,11.6543,10.8431,30523.3
iteration,2816,10.942,10.8431,30534.2
iteration,2817,10.1289,10.8429,30544.3
iteration,2818,10.806,10.8429,30555.2
iteration,2819,10.9399,10.8429,30566.1
iteration,2820,10.9447,10.8429,30577
iteration,2821,10.4088,10.8428,30587.4
iteration,2822,11.0495,10.8428,30598.5
iteration,2823,10.174,10.8426,30608.7
iteration,2824,11.6117,10.8429,30620.3
iteration,2825,10.8829,10.8429,30631.2
iteration,2826,10.7249,10.8428,30641.9
iteration,2827,10.8755,10.8429,30652.8
iteration,2828,11.3578,10.843,30664.1
iteration,2829,10.7433,10.843,30674.9
iteration,2830,10.6886,10.843,30685.6
iteration,2831,10.4532,10.8428,30696
iteration,2832,10.6971,10.8428,30706.7
iteration,2833,10.4105,10.8426,30717.1
iteration,2834,10.9245,10.8426,30728
iteration,2835,11.0318,10.8427,30739.1
iteration,2836,10.1493,10.8425,30749.2
iteration,2837,10.8683,10.8425,30760.1
iteration,2838,11.2835,10.8426,30771.4
iteration,2839,10.9664,10.8427,30782.3
iteration,2840,11.1858,10.8428,30793.5
iteration,2841,10.2993,10.8426,30803.8
iteration,2842,10.7403,10.8426,30814.6
iteration,2843,11.0373,10.8426,30825.6
iteration,2844,11.2628,10.8428,30836.9
iteration,2845,10.9356,10.8428,30847.8
iteration,2846,10.8499,10.8428,30858.7
iteration,2847,10.9166,10.8428,30869.6
iteration,2848,10.896,10.8429,30880.5
iteration,2849,10.756,10.8428,30891.2
iteration,2850,11.4357,10.843,30902.7
iteration,2851,11.0214,10.8431,30913.7
iteration,2852,11.0215,10.8432,30924.7
iteration,2853,11.0053,10.8432,30935.7
iteration,2854,10.8384,10.8432,30946.5
iteration,2855,11.0269,10.8433,30957.6
iteration,2856,11.0042,10.8433,30968.6
iteration,2857,10.9195,10.8434,30979.5
iteration,2858,10.929,10.8434,30990.4
iteration,2859,11.1333,10.8435,31001.6
iteration,2860,10.9623,10.8435,31012.5
iteration,2861,10.9005,10.8436,31023.4
iteration,2862,10.8499,10.8436,31034.3
iteration,2863,10.8009,10.8435,31045.1
iteration,2864,10.7238,10.8435,31055.8
iteration,2865,11.0225,10.8436,31066.8
iteration,2866,11.0143,10.8436,31077.8
iteration,2867,10.83,10.8436,31088.7
iteration,2868,10.807,10.8436,31099.5
iteration,2869,10.6673,10.8435,31110.1
iteration,2870,11.2555,10.8437,31121.4
iteration,2871,10.8341,10.8437,31132.2
iteration,2872,10.9182,10.8437,31143.1
iteration,2873,11.0763,10.8438,31154.2
iteration,2874,10.924,10.8438,31165.1
iteration,2875,10.8979,10.8438,31176
iteration,2876,10.8433,10.8438,31186.9
iteration,2877,10.8617,10.8438,31197.7
iteration,2878,11.0814,10.8439,31208.8
iteration,2879,11.0616,10.844,31219.9
iteration,2880,10.519,10.8439,31230.4
iteration,2881,11.3536,10.8441,31241.8
iteration,2882,10.2192,10.8439,31252
iteration,2883,11.5513,10.8441,31263.5
iteration,2884,10.8573,10.8441,31274.4
iteration,2885,11.0314,10.8442,31285.4
iteration,2886,11.2306,10.8443,31296.7
iteration,2887,10.9734,10.8443,31307.6
iteration,2888,10.9601,10.8444,31318.6
iteration,2889,11.0241,10.8444,31329.6
iteration,2890,10.9997,10.8445,31340.6
iteration,2891,10.3579,10.8443,31351
iteration,2892,10.7604,10.8443,31361.7
iteration,2893,11.2085,10.8444,31372.9
iteration,2894,10.7999,10.8444,31383.7
iteration,2895,11.2916,10.8446,31395
iteration,2896,10.9475,10.8446,31406
iteration,2897,11.0887,10.8447,31417.1
iteration,2898,10.969,10.8447,31428
iteration,2899,10.9184,10.8448,31438.9
iteration,2900,11.0047,10.8448,31450
iteration,2901,11.0849,10.8449,31461
iteration,2902,10.975,10.8449,31472
iteration,2903,11.2813,10.8451,31483.3
iteration,2904,10.9999,10.8451,31494.3
iteration,2905,10.8649,10.8451,31505.2
iteration,2906,10.9622,10.8452,31516.1
iteration,2907,10.9645,10.8452,31527.1
iteration,2908,11.0254,10.8453,31538.1
iteration,2909,10.489,10.8452,31548.6
iteration,2910,11.456,10.8454,31560.1
iteration,2911,10.9381,10.8454,31571
iteration,2912,10.9142,10.8454,31581.9
iteration,2913,10.1872,10.8452,31592.1
iteration,2914,10.7941,10.8452,31602.9
iteration,2915,11.2165,10.8453,31614.1
iteration,2916,10.9496,10.8454,31625.1
iteration,2917,10.9715,10.8454,31636
iteration,2918,11.3516,10.8456,31647.4
iteration,2919,11.1141,10.8457,31658.5
iteration,2920,10.8755,10.8457,31669.4
iteration,2921,11.0472,10.8457,31680.4
iteration,2922,11.1936,10.8459,31691.6
iteration,2923,11.2151,10.846,31702.8
iteration,2924,10.8887,10.846,31713.7
iteration,2925,11.316,10.8462,31725
iteration,2926,10.9753,10.8462,31736
iteration,2927,11.09,10.8463,31747.1
iteration,2928,11.3701,10.8465,31758.5
iteration,2929,10.9277,10.8465,31769.4
iteration,2930,10.5962,10.8464,31780
iteration,2931,10.9344,10.8464,31790.9
iteration,2932,10.4763,10.8463,31801.4
iteration,2933,10.9271,10.8463,31812.3
iteration,2934,11.0945,10.8464,31823.4
iteration,2935,11.0225,10.8465,31834.4
iteration,2936,11.0265,10.8466,31845.5
iteration,2937,11.3928,10.8467,31856.9
iteration,2938,11.1152,10.8468,31868
iteration,2939,10.8881,10.8468,31878.9
iteration,2940,11.0178,10.8469,31889.9
iteration,2941,10.847,10.8469,31900.7
iteration,2942,10.8863,10.8469,31911.6
iteration,2943,11.1001,10.847,31922.7
iteration,2944,10.4133,10.8469,31933.1
iteration,2945,11.3424,10.847,31944.5
iteration,2946,10.9042,10.847,31955.4
iteration,2947,10.9049,10.8471,31966.3
iteration,2948,11.418,10.8473,31977.7
iteration,2949,11.182,10.8474,31988.9
iteration,2950,11.1222,10.8475,32000
iteration,2951,10.583,10.8474,32010.6
iteration,2952,11.1218,10.8475,32021.7
iteration,2953,11.0872,10.8475,32032.8
iteration,2954,10.2799,10.8474,32043.1
iteration,2955,10.754,10.8473,32053.8
iteration,2956,10.3701,10.8472,32064.2
iteration,2957,11.8623,10.8475,32076.1
iteration,2958,11.2824,10.8476,32087.3
iteration,2959,10.6321,10.8476,32098
iteration,2960,10.9589,10.8476,32108.9
iteration,2961,10.2999,10.8474,32119.2
iteration,2962,11.6745,10.8477,32130.9
iteration,2963,11.0204,10.8478,32141.9
iteration,2964,10.3569,10.8476,32152.3
iteration,2965,10.9337,10.8476,32163.2
iteration,2966,10.9001,10.8476,32174.1
iteration,2967,11.3676,10.8478,32185.5
iteration,2968,10.839,10.8478,32196.3
iteration,2969,10.8854,10.8478,32207.2
iteration,2970,10.7158,10.8478,32217.9
iteration,2971,11.2128,10.8479,32229.1
iteration,2972,11.1521,10.848,32240.3
iteration,2973,11.0591,10.8481,32251.4
iteration,2974,10.6804,10.848,32262
iteration,2975,11.2202,10.8482,32273.3
iteration,2976,11.2807,10.8483,32284.5
iteration,2977,10.9255,10.8483,32295.5
iteration,2978,10.7371,10.8483,32306.2
iteration,2979,11.3232,10.8484,32317.5
iteration,2980,11.1004,10.8485,32328.6
iteration,2981,10.7641,10.8485,32339.4
iteration,2982,11.4255,10.8487,32350.8
iteration,2983,11.0492,10.8488,32361.9
iteration,2984,11.0679,10.8488,32372.9
iteration,2985,11.0631,10.8489,32384
iteration,2986,10.9858,10.849,32395
iteration,2987,11.5133,10.8492,32406.5
iteration,2988,11.0215,10.8492,32417.5
iteration,2989,10.602,10.8492,32428.1
iteration,2990,11.4534,10.8494,32439.6
iteration,2991,10.8821,10.8494,32450.5
iteration,2992,10.8671,10.8494,32461.3
iteration,2993,10.8324,10.8494,32472.1
iteration,2994,11.1256,10.8495,32483.3
iteration,2995,10.9884,10.8495,32494.3
iteration,2996,10.6954,10.8495,32505
iteration,2997,11.3784,10.8496,32516.3
iteration,2998,10.8031,10.8496,32527.1
iteration,2999,10.9302,10.8496,32538.1
iteration,3000,11.0074,10.8497,32549.1
iteration,3001,11.1926,10.8498,32560.3
iteration,3002,10.9128,10.8498,32571.2
iteration,3003,11.4404,10.85,32582.6
iteration,3004,11.1975,10.8501,32593.8
iteration,3005,11.0825,10.8502,32604.9
iteration,3006,11.0156,10.8503,32615.9
iteration,3007,10.9786,10.8503,32626.9
iteration,3008,10.3717,10.8502,32637.3
iteration,3009,11.0647,10.8502,32648.3
iteration,3010,10.854,10.8502,32659.2
iteration,3011,11.441,10.8504,32670.6
iteration,3012,10.7872,10.8504,32681.4
iteration,3013,10.9444,10.8504,32692.4
iteration,3014,10.8606,10.8504,32703.2
iteration,3015,10.8944,10.8505,32714.1
iteration,3016,11.0404,10.8505,32725.2
iteration,3017,10.5181,10.8504,32735.7
iteration,3018,11.2918,10.8506,32747
iteration,3019,10.3157,10.8504,32757.3
iteration,3020,11.7719,10.8507,32769.1
iteration,3021,10.9634,10.8507,32780
iteration,3022,11.33,10.8509,32791.3
iteration,3023,11.1995,10.851,32802.5
iteration,3024,11.1604,10.8511,32813.7
iteration,3025,11.0366,10.8512,32824.7
iteration,3026,11.0042,10.8512,32835.7
iteration,3027,11.2273,10.8513,32847
iteration,3028,10.9522,10.8514,32857.9
iteration,3029,11.3401,10.8515,32869.3
iteration,3030,10.9797,10.8516,32880.2
iteration,3031,10.9446,10.8516,32891.2
iteration,3032,10.9693,10.8516,32902.2
iteration,3033,11.6806,10.8519,32913.8
iteration,3034,11.1975,10.852,32925
iteration,3035,11.1697,10.8521,32936.2
iteration,3036,11.1179,10.8522,32947.3
iteration,3037,10.99,10.8523,32958.3
iteration,3038,10.9654,10.8523,32969.3
iteration,3039,11.0872,10.8524,32980.4
iteration,3040,11.0071,10.8524,32991.4
iteration,3041,11.2698,10.8526,33002.6
iteration,3042,11.0809,10.8526,33013.7
iteration,3043,11.2115,10.8528,33024.9
iteration,3044,11.1935,10.8529,33036.1
iteration,3045,10.8612,10.8529,33047
iteration,3046,10.89,10.8529,33057.9
iteration,3047,10.9277,10.8529,33068.8
iteration,3048,10.609,10.8528,33079.4
iteration,3049,11.0477,10.8529,33090.5
iteration,3050,11.4103,10.8531,33101.9
iteration,3051,11.018,10.8531,33112.9
iteration,3052,10.8884,10.8531,33123.8
iteration,3053,11.3862,10.8533,33135.2
iteration,3054,11.0552,10.8534,33146.2
iteration,3055,10.9796,10.8534,33157.2
iteration,3056,10.8014,10.8534,33168
iteration,3057,11.0158,10.8535,33179
iteration,3058,10.572,10.8534,33189.6
iteration,3059,11.1361,10.8535,33200.7
iteration,3060,10.9394,10.8535,33211.7
iteration,3061,11.0568,10.8536,33222.7
iteration,3062,10.9156,10.8536,33233.6
iteration,3063,10.3941,10.8534,33244
iteration,3064,10.8562,10.8534,33254.9
iteration,3065,10.364,10.8533,33265.3
iteration,3066,11.008,10.8533,33276.3
iteration,3067,10.9826,10.8534,33287.2
iteration,3068,10.7256,10.8533,33298
iteration,3069,10.9798,10.8534,33309
iteration,3070,11.0799,10.8534,33320
iteration,3071,11.0332,10.8535,33331.1
iteration,3072,11.1668,10.8536,33342.2
iteration,3073,10.8826,10.8536,33353.1
iteration,3074,10.9378,10.8536,33364.1
iteration,3075,10.3681,10.8535,33374.4
iteration,3076,10.7569,10.8534,33385.2
iteration,3077,11.1569,10.8535,33396.3
iteration,3078,10.7916,10.8535,33407.1
iteration,3079,11.4187,10.8537,33418.5
iteration,3080,10.8404,10.8537,33429.4
iteration,3081,11.1227,10.8538,33440.5
iteration,3082,11.0355,10.8538,33451.5
iteration,3083,11.017,10.8539,33462.6
iteration,3084,11.1349,10.854,33473.7
iteration,3085,11.1076,10.8541,33484.8
iteration,3086,11.027,10.8541,33495.8
iteration,3087,10.9675,10.8542,33506.8
iteration,3088,11.334,10.8543,33518.1
iteration,3089,11.0532,10.8544,33529.2
iteration,3090,10.8302,10.8544,33540
iteration,3091,11.1022,10.8545,33551.1
iteration,3092,11.0846,10.8545,33562.2
iteration,3093,11.1274,10.8546,33573.3
iteration,3094,11.0475,10.8547,33584.4
iteration,3095,10.8032,10.8547,33595.2
iteration,3096,11.0691,10.8547,33606.2
iteration,3097,10.8801,10.8547,33617.1
iteration,3098,11.1043,10.8548,33628.2
iteration,3099,10.5005,10.8547,33638.7
iteration,3100,11.0751,10.8548,33649.8
iteration,3101,10.8798,10.8548,33660.7
iteration,3102,10.8256,10.8548,33671.5
iteration,3103,10.8901,10.8548,33682.4
iteration,3104,10.8237,10.8548,33693.2
iteration,3105,11.4787,10.855,33704.7
iteration,3106,10.9531,10.855,33715.7
iteration,3107,10.4564,10.8549,33726.1
iteration,3108,11.1235,10.855,33737.2
iteration,3109,10.8743,10.855,33748.1
iteration,3110,11.2567,10.8551,33759.4
iteration,3111,10.2912,10.8549,33769.7
iteration,3112,11.077,10.855,33780.7
iteration,3113,11.0857,10.8551,33791.8
iteration,3114,10.8585,10.8551,33802.7
iteration,3115,10.7446,10.855,33813.4
iteration,3116,10.2142,10.8548,33823.6
iteration,3117,10.7748,10.8548,33834.4
iteration,3118,11.0363,10.8549,33845.5
iteration,3119,10.748,10.8548,33856.2
iteration,3120,10.8428,10.8548,33867
iteration,3121,10.4928,10.8547,33877.5
iteration,3122,10.9065,10.8547,33888.4
iteration,3123,10.4013,10.8546,33898.8
iteration,3124,11.1552,10.8547,33910
iteration,3125,10.9052,10.8547,33920.9
iteration,3126,10.2339,10.8545,33931.1
iteration,3127,11.0381,10.8545,33942.2
iteration,3128,10.3575,10.8544,33952.5
iteration,3129,11.1334,10.8545,33963.7
iteration,3130,11.1599,10.8546,33974.8
iteration,3131,11.2367,10.8547,33986.1
iteration,3132,10.7944,10.8547,33996.9
iteration,3133,10.8611,10.8547,34007.7
iteration,3134,10.3357,10.8545,34018.1
iteration,3135,11.017,10.8546,34029.1
iteration,3136,10.9624,10.8546,34040
iteration,3137,10.8828,10.8546,34050.9
iteration,3138,11.1379,10.8547,34062.1
iteration,3139,10.9645,10.8547,34073
iteration,3140,10.9765,10.8548,34084
iteration,3141,10.7723,10.8547,34094.8
iteration,3142,11.0583,10.8548,34105.8
iteration,3143,10.4978,10.8547,34116.3
iteration,3144,11.1039,10.8548,34127.4
iteration,3145,10.2025,10.8546,34137.6
iteration,3146,10.8147,10.8546,34148.4
iteration,3147,11.0508,10.8546,34159.5
iteration,3148,10.6222,10.8545,34170.1
iteration,3149,11.052,10.8546,34181.2
iteration,3150,11.1458,10.8547,34192.3
iteration,3151,10.8991,10.8547,34203.2
iteration,3152,10.7876,10.8547,34214
iteration,3153,10.8704,10.8547,34224.9
iteration,3154,11.2604,10.8548,34236.1
iteration,3155,10.8552,10.8548,34247
iteration,3156,10.9739,10.8549,34258
iteration,3157,10.2248,10.8547,34268.2
iteration,3158,10.6944,10.8546,34278.9
iteration,3159,10.2325,10.8544,34289.1
iteration,3160,11.6649,10.8547,34300.8
iteration,3161,11.1429,10.8548,34311.9
iteration,3162,10.928,10.8548,34322.9
iteration,3163,10.8763,10.8548,34333.7
iteration,3164,10.9102,10.8548,34344.6
iteration,3165,10.82,10.8548,34355.5
iteration,3166,10.7849,10.8548,34366.2
iteration,3167,11.0873,10.8549,34377.3
iteration,3168,10.9836,10.8549,34388.3
iteration,3169,10.7691,10.8549,34399.1
iteration,3170,10.9125,10.8549,34410
iteration,3171,10.6708,10.8548,34420.7
iteration,3172,10.7337,10.8548,34431.4
iteration,3173,10.9028,10.8548,34442.3
iteration,3174,10.956,10.8548,34453.3
iteration,3175,10.681,10.8548,34463.9
iteration,3176,10.7421,10.8547,34474.7
iteration,3177,10.1196,10.8545,34484.8
iteration,3178,10.472,10.8544,34495.3
iteration,3179,10.4504,10.8543,34505.7
iteration,3180,10.7504,10.8542,34516.5
iteration,3181,10.7408,10.8542,34527.2
iteration,3182,11.0237,10.8543,34538.2
iteration,3183,10.2147,10.8541,34548.5
iteration,3184,10.9925,10.8541,34559.4
iteration,3185,10.863,10.8541,34570.3
iteration,3186,10.3075,10.8539,34580.6
iteration,3187,10.7487,10.8539,34591.4
iteration,3188,10.7446,10.8539,34602.1
iteration,3189,11.0402,10.8539,34613.2
iteration,3190,10.997,10.854,34624.1
iteration,3191,10.7552,10.8539,34634.9
iteration,3192,11.0154,10.854,34645.9
iteration,3193,10.7977,10.854,34656.7
iteration,3194,10.9961,10.854,34667.7
iteration,3195,10.1183,10.8538,34677.8
iteration,3196,10.6523,10.8537,34688.5
iteration,3197,11.1424,10.8538,34699.6
iteration,3198,10.7944,10.8538,34710.4
iteration,3199,10.8723,10.8538,34721.3
iteration,3200,10.7228,10.8538,34732
iteration,3201,10.8828,10.8538,34742.9
iteration,3202,10.2122,10.8536,34753.1
iteration,3203,10.9795,10.8536,34764.1
iteration,3204,9.85542,10.8533,34773.9
iteration,3205,10.9213,10.8533,34784.9
iteration,3206,10.9033,10.8533,34795.8
iteration,3207,11.0104,10.8534,34806.8
iteration,3208,10.8403,10.8534,34817.6
iteration,3209,10.7738,10.8533,34828.4
iteration,3210,10.1302,10.8531,34838.5
iteration,3211,10.7156,10.8531,34849.2
iteration,3212,10.8707,10.8531,34860.1
iteration,3213,10.4867,10.853,34870.6
iteration,3214,10.76,10.8529,34881.4
iteration,3215,10.5964,10.8529,34892
iteration,3216,10.8668,10.8529,34902.8
iteration,3217,10.8852,10.8529,34913.7
iteration,3218,10.6941,10.8528,34924.4
iteration,3219,10.6432,10.8528,34935
iteration,3220,10.638,10.8527,34945.7
iteration,3221,10.5928,10.8526,34956.3
iteration,3222,10.8151,10.8526,34967.1
iteration,3223,11.1959,10.8527,34978.3
iteration,3224,10.7608,10.8527,34989
iteration,3225,10.7412,10.8526,34999.8
iteration,3226,10.5503,10.8526,35010.3
iteration,3227,10.7131,10.8525,35021
iteration,3228,10.6959,10.8525,35031.7
iteration,3229,10.5995,10.8524,35042.3
iteration,3230,11.0435,10.8524,35053.4
iteration,3231,10.8182,10.8524,35064.2
iteration,3232,10.6843,10.8524,35074.9
iteration,3233,10.8536,10.8524,35085.7
iteration,3234,10.9055,10.8524,35096.6
iteration,3235,10.8171,10.8524,35107.5
iteration,3236,10.7263,10.8523,35118.2
iteration,3237,10.6869,10.8523,35128.9
iteration,3238,10.6163,10.8522,35139.5
iteration,3239,10.8479,10.8522,35150.3
iteration,3240,10.8922,10.8522,35161.2
iteration,3241,10.3275,10.8521,35171.6
iteration,3242,10.7074,10.852,35182.3
iteration,3243,10.7532,10.852,35193
iteration,3244,10.8844,10.852,35203.9
iteration,3245,10.8574,10.852,35214.8
iteration,3246,10.6653,10.852,35225.4
iteration,3247,10.0987,10.8517,35235.5
iteration,3248,10.5649,10.8516,35246.1
iteration,3249,10.017,10.8514,35256.1
iteration,3250,10.6602,10.8513,35266.8
iteration,3251,10.6378,10.8512,35277.4
iteration,3252,10.1013,10.851,35287.5
iteration,3253,10.4212,10.8509,35297.9
iteration,3254,10.2254,10.8507,35308.2
iteration,3255,10.9484,10.8507,35319.1
iteration,3256,10.539,10.8506,35329.6
iteration,3257,9.93918,10.8503,35339.6
iteration,3258,10.4727,10.8502,35350.1
iteration,3259,10.304,10.8501,35360.4
iteration,3260,10.664,10.85,35371
iteration,3261,9.78356,10.8497,35380.8
iteration,3262,11.4242,10.8499,35392.2
iteration,3263,10.8604,10.8499,35403.1
iteration,3264,10.2715,10.8497,35413.4
iteration,3265,10.7291,10.8496,35424.1
iteration,3266,9.82112,10.8493,35433.9
iteration,3267,10.6483,10.8493,35444.6
iteration,3268,9.94565,10.849,35454.5
iteration,3269,11.5128,10.8492,35466
iteration,3270,10.7814,10.8492,35476.8
iteration,3271,10.0852,10.8489,35486.9
iteration,3272,10.6585,10.8489,35497.5
iteration,3273,10.187,10.8487,35507.7
iteration,3274,11.4346,10.8489,35519.2
iteration,3275,10.8906,10.8489,35530.1
iteration,3276,9.93968,10.8486,35540
iteration,3277,10.8779,10.8486,35550.9
iteration,3278,9.77504,10.8483,35560.7
iteration,3279,11.3825,10.8484,35572
iteration,3280,10.7525,10.8484,35582.8
iteration,3281,10.1838,10.8482,35593
iteration,3282,10.7383,10.8482,35603.7
iteration,3283,10.0029,10.8479,35613.7
iteration,3284,11.3501,10.8481,35625.1
iteration,3285,10.755,10.848,35635.8
iteration,3286,10.2685,10.8479,35646.1
iteration,3287,10.739,10.8478,35656.8
iteration,3288,10.1482,10.8476,35667
iteration,3289,11.5481,10.8478,35678.5
iteration,3290,10.5673,10.8477,35689.1
iteration,3291,10.8132,10.8477,35699.9
iteration,3292,10.3693,10.8476,35710.3
iteration,3293,10.4854,10.8475,35720.8
iteration,3294,10.133,10.8473,35730.9
iteration,3295,10.7089,10.8472,35741.6
iteration,3296,10.6616,10.8472,35752.3
iteration,3297,10.2632,10.847,35762.5
iteration,3298,10.8772,10.847,35773.4
iteration,3299,10.5871,10.8469,35784
iteration,3300,10.6391,10.8469,35794.6
iteration,3301,10.0827,10.8466,35804.7
iteration,3302,10.5446,10.8465,35815.3
iteration,3303,10.9056,10.8466,35826.2
iteration,3304,10.3386,10.8464,35836.5
iteration,3305,10.2412,10.8462,35846.7
iteration,3306,10.7413,10.8462,35857.5
iteration,3307,11.1156,10.8463,35868.6
iteration,3308,10.8401,10.8463,35879.4
iteration,3309,10.6634,10.8462,35890.1
iteration,3310,10.8591,10.8462,35901
iteration,3311,10.0752,10.846,35911
iteration,3312,11.4416,10.8462,35922.5
iteration,3313,10.8633,10.8462,35933.3
iteration,3314,10.2229,10.846,35943.6
iteration,3315,10.8026,10.846,35954.4
iteration,3316,10.1403,10.8457,35964.5
iteration,3317,10.8746,10.8458,35975.4
iteration,3318,10.5616,10.8457,35985.9
iteration,3319,11.1579,10.8458,35997.1
iteration,3320,10.0511,10.8455,36007.1
iteration,3321,10.6987,10.8455,36017.8
iteration,3322,10.8985,10.8455,36028.7
iteration,3323,10.405,10.8454,36039.2
iteration,3324,10.8757,10.8454,36050
iteration,3325,10.1307,10.8452,36060.2
iteration,3326,10.6935,10.8451,36070.9
iteration,3327,10.8407,10.8451,36081.7
iteration,3328,10.5234,10.845,36092.2
iteration,3329,11.0337,10.8451,36103.2
iteration,3330,10.87,10.8451,36114.1
iteration,3331,10.6925,10.845,36124.8
iteration,3332,10.801,10.845,36135.6
iteration,3333,10.7971,10.845,36146.4
iteration,3334,10.4524,10.8449,36156.9
iteration,3335,11.2205,10.845,36168.1
iteration,3336,10.7806,10.845,36178.9
iteration,3337,10.7612,10.845,36189.6
iteration,3338,10.9777,10.845,36200.6
iteration,3339,10.8734,10.845,36211.5
iteration,3340,11.1379,10.8451,36222.6
iteration,3341,10.7775,10.8451,36233.4
iteration,3342,10.6798,10.845,36244.1
iteration,3343,10.6731,10.845,36254.7
iteration,3344,10.2242,10.8448,36265
iteration,3345,10.611,10.8447,36275.6
iteration,3346,10.2674,10.8445,36285.8
iteration,3347,10.652,10.8445,36296.5
iteration,3348,10.8403,10.8445,36307.3
iteration,3349,10.2671,10.8443,36317.6
iteration,3350,10.6084,10.8442,36328.2
iteration,3351,11.1108,10.8443,36339.3
iteration,3352,10.6963,10.8443,36350
iteration,3353,10.5683,10.8442,36360.6
iteration,3354,10.722,10.8442,36371.3
iteration,3355,10.9535,10.8442,36382.3
iteration,3356,10.2799,10.844,36392.5
iteration,3357,11.168,10.8441,36403.7
iteration,3358,10.066,10.8439,36413.8
iteration,3359,11.5262,10.8441,36425.3
iteration,3360,10.6881,10.844,36436
iteration,3361,10.61,10.844,36446.6
iteration,3362,10.018,10.8437,36456.6
iteration,3363,10.8618,10.8437,36467.5
iteration,3364,10.1936,10.8435,36477.7
iteration,3365,11.4731,10.8437,36489.2
iteration,3366,10.9553,10.8438,36500.1
iteration,3367,11.0747,10.8438,36511.2
iteration,3368,10.2774,10.8437,36521.5
iteration,3369,11.4296,10.8438,36532.9
iteration,3370,11.038,10.8439,36543.9
iteration,3371,9.91986,10.8436,36553.8
iteration,3372,10.8681,10.8436,36564.7
iteration,3373,10.2515,10.8435,36575
iteration,3374,11.467,10.8436,36586.4
iteration,3375,10.7327,10.8436,36597.2
iteration,3376,10.0768,10.8434,36607.2
iteration,3377,10.6263,10.8433,36617.9
iteration,3378,10.3553,10.8432,36628.2
iteration,3379,11.0109,10.8432,36639.2
iteration,3380,10.6595,10.8432,36649.9
iteration,3381,10.2188,10.843,36660.1
iteration,3382,10.6934,10.8429,36670.8
iteration,3383,10.2731,10.8428,36681.1
iteration,3384,11.0557,10.8428,36692.1
iteration,3385,10.765,10.8428,36702.9
iteration,3386,10.1033,10.8426,36713
iteration,3387,10.5824,10.8425,36723.6
iteration,3388,10.1627,10.8423,36733.7
iteration,3389,11.0094,10.8424,36744.8
iteration,3390,9.99928,10.8421,36754.8
iteration,3391,11.2081,10.8422,36766
iteration,3392,11.1257,10.8423,36777.1
iteration,3393,10.5041,10.8422,36787.6
iteration,3394,10.8071,10.8422,36798.4
iteration,3395,10.1037,10.842,36808.5
iteration,3396,11.2323,10.8421,36819.7
iteration,3397,10.8269,10.8421,36830.6
iteration,3398,10.3162,10.8419,36840.9
iteration,3399,10.9748,10.842,36851.9
iteration,3400,10.1044,10.8418,36862
iteration,3401,11.4593,10.8419,36873.4
iteration,3402,10.9173,10.842,36884.3
iteration,3403,10.1766,10.8418,36894.5
iteration,3404,10.7004,10.8417,36905.2
iteration,3405,10.1531,10.8415,36915.4
iteration,3406,10.6775,10.8415,36926
iteration,3407,11.0581,10.8415,36937.1
iteration,3408,10.2161,10.8413,36947.3
iteration,3409,10.6093,10.8413,36957.9
iteration,3410,10.2082,10.8411,36968.1
iteration,3411,10.8506,10.8411,36979
iteration,3412,10.8249,10.8411,36989.8
iteration,3413,11.2898,10.8412,37001.1
iteration,3414,10.929,10.8413,37012
iteration,3415,10.8348,10.8412,37022.9
iteration,3416,10.8219,10.8412,37033.7
iteration,3417,10.8602,10.8412,37044.5
iteration,3418,10.7167,10.8412,37055.3
iteration,3419,10.9716,10.8413,37066.2
iteration,3420,10.8356,10.8412,37077.1
iteration,3421,11.0558,10.8413,37088.1
iteration,3422,10.8183,10.8413,37098.9
iteration,3423,10.9913,10.8413,37109.9
iteration,3424,10.1825,10.8412,37120.1
iteration,3425,10.6812,10.8411,37130.8
iteration,3426,10.8007,10.8411,37141.6
iteration,3427,10.1869,10.8409,37151.8
iteration,3428,10.9392,10.8409,37162.7
iteration,3429,9.99621,10.8407,37172.7
iteration,3430,11.0606,10.8408,37183.8
iteration,3431,11.0595,10.8408,37194.8
iteration,3432,10.3973,10.8407,37205.2
iteration,3433,11.3116,10.8408,37216.6
iteration,3434,10.0572,10.8406,37226.6
iteration,3435,11.4954,10.8408,37238.1
iteration,3436,10.6876,10.8407,37248.8
iteration,3437,10.9916,10.8408,37259.8
iteration,3438,10.947,10.8408,37270.7
iteration,3439,10.7919,10.8408,37281.5
iteration,3440,10.9972,10.8408,37292.5
iteration,3441,10.9217,10.8409,37303.4
iteration,3442,10.6909,10.8408,37314.1
iteration,3443,10.8458,10.8408,37325
iteration,3444,11.1815,10.8409,37336.2
iteration,3445,10.9897,10.841,37347.1
iteration,3446,10.5834,10.8409,37357.7
iteration,3447,10.263,10.8407,37368
iteration,3448,10.4095,10.8406,37378.4
iteration,3449,11.1546,10.8407,37389.6
iteration,3450,10.9525,10.8407,37400.5
iteration,3451,11.023,10.8408,37411.5
iteration,3452,10.9987,10.8408,37422.5
iteration,3453,10.1498,10.8406,37432.7
iteration,3454,10.6023,10.8406,37443.3
iteration,3455,10.8834,10.8406,37454.2
iteration,3456,10.5511,10.8405,37464.7
iteration,3457,11.0053,10.8405,37475.7
iteration,3458,11.3526,10.8407,37487.1
iteration,3459,10.8842,10.8407,37498
iteration,3460,10.7955,10.8407,37508.8
iteration,3461,10.9649,10.8407,37519.7
iteration,3462,11.0732,10.8408,37530.8
iteration,3463,10.9124,10.8408,37541.7
iteration,3464,10.83,10.8408,37552.5
iteration,3465,10.3132,10.8406,37562.9
iteration,3466,11.2648,10.8408,37574.1
iteration,3467,11.0702,10.8408,37585.2
iteration,3468,11.1634,10.8409,37596.4
iteration,3469,10.9616,10.841,37607.3
iteration,3470,10.8534,10.841,37618.2
iteration,3471,10.8272,10.841,37629
iteration,3472,10.9699,10.841,37640
iteration,3473,10.9858,10.841,37650.9
iteration,3474,10.9527,10.8411,37661.9
iteration,3475,10.9093,10.8411,37672.8
iteration,3476,10.7203,10.8411,37683.5
iteration,3477,10.277,10.8409,37693.8
iteration,3478,11.1084,10.841,37704.9
iteration,3479,10.8737,10.841,37715.8
iteration,3480,10.9488,10.841,37726.7
iteration,3481,11.0394,10.8411,37737.8
iteration,3482,11.0457,10.8411,37748.8
iteration,3483,10.9186,10.8412,37759.7
iteration,3484,10.8913,10.8412,37770.6
iteration,3485,11.2493,10.8413,37781.9
iteration,3486,10.9424,10.8413,37792.8
iteration,3487,10.9047,10.8413,37803.7
iteration,3488,10.9936,10.8414,37814.7
iteration,3489,10.6271,10.8413,37825.4
iteration,3490,11.12,10.8414,37836.5
iteration,3491,10.9666,10.8414,37847.4
iteration,3492,10.7927,10.8414,37858.2
iteration,3493,10.3048,10.8413,37868.5
iteration,3494,10.9492,10.8413,37879.5
iteration,3495,10.5541,10.8412,37890
iteration,3496,11.4642,10.8414,37901.5
iteration,3497,11.2475,10.8415,37912.7
iteration,3498,10.9837,10.8415,37923.7
iteration,3499,11.2307,10.8417,37935
iteration,3500,10.9739,10.8417,37945.9
iteration,3501,11.0121,10.8417,37956.9
iteration,3502,10.9922,10.8418,37967.9
iteration,3503,11.5261,10.842,37979.5
iteration,3504,10.9747,10.842,37990.4
iteration,3505,10.9845,10.8421,38001.4
iteration,3506,10.9433,10.8421,38012.4
iteration,3507,11.0004,10.8421,38023.4
iteration,3508,10.3837,10.842,38033.8
iteration,3509,10.866,10.842,38044.6
iteration,3510,10.3541,10.8419,38055
iteration,3511,11.2683,10.842,38066.2
iteration,3512,10.9283,10.842,38077.2
iteration,3513,10.3859,10.8419,38087.6
iteration,3514,10.7442,10.8419,38098.3
iteration,3515,10.6972,10.8418,38109
iteration,3516,11.6296,10.842,38120.6
iteration,3517,10.9857,10.8421,38131.6
iteration,3518,11.1711,10.8422,38142.8
iteration,3519,11.0279,10.8422,38153.8
iteration,3520,10.9921,10.8423,38164.8
iteration,3521,11.2348,10.8424,38176
iteration,3522,11.1093,10.8425,38187.1
iteration,3523,10.9007,10.8425,38198.1
iteration,3524,10.4175,10.8424,38208.5
iteration,3525,10.9737,10.8424,38219.4
iteration,3526,10.7369,10.8424,38230.2
iteration,3527,11.2907,10.8425,38241.5
iteration,3528,11.207,10.8426,38252.7
iteration,3529,11.2628,10.8427,38263.9
iteration,3530,11.0367,10.8428,38275
iteration,3531,10.9419,10.8428,38285.9
iteration,3532,11.2006,10.8429,38297.1
iteration,3533,10.9873,10.8429,38308.1
iteration,3534,10.9351,10.843,38319
iteration,3535,11.1164,10.843,38330.2
iteration,3536,11.2223,10.8432,38341.4
iteration,3537,11.1191,10.8432,38352.5
iteration,3538,11.4161,10.8434,38363.9
iteration,3539,10.8852,10.8434,38374.8
iteration,3540,11.0285,10.8435,38385.8
iteration,3541,11.4072,10.8436,38397.2
iteration,3542,11.0239,10.8437,38408.3
iteration,3543,11.0089,10.8437,38419.3
iteration,3544,10.941,10.8437,38430.2
iteration,3545,11.2658,10.8439,38441.5
iteration,3546,11.3585,10.844,38452.8
iteration,3547,11.1068,10.8441,38463.9
iteration,3548,10.7818,10.8441,38474.7
iteration,3549,10.9623,10.8441,38485.7
iteration,3550,10.8646,10.8441,38496.5
iteration,3551,11.4423,10.8443,38508
iteration,3552,11.0005,10.8443,38519
iteration,3553,11.0534,10.8444,38530
iteration,3554,10.9582,10.8444,38541
iteration,3555,10.9611,10.8444,38552
iteration,3556,11.1032,10.8445,38563.1
iteration,3557,10.9702,10.8445,38574
iteration,3558,10.9059,10.8446,38584.9
iteration,3559,10.8042,10.8445,38595.7
iteration,3560,11.2803,10.8447,38607
iteration,3561,11.2436,10.8448,38618.3
iteration,3562,11.2121,10.8449,38629.5
iteration,3563,11.0579,10.8449,38640.5
iteration,3564,10.8692,10.845,38651.4
iteration,3565,10.8351,10.8449,38662.2
iteration,3566,10.9773,10.845,38673.2
iteration,3567,11.0049,10.845,38684.2
iteration,3568,10.8186,10.845,38695
iteration,3569,10.626,10.845,38705.7
iteration,3570,11.0131,10.845,38716.7
iteration,3571,10.8872,10.845,38727.6
iteration,3572,10.886,10.845,38738.5
iteration,3573,10.8437,10.845,38749.3
iteration,3574,10.9341,10.8451,38760.2
iteration,3575,11.0129,10.8451,38771.2
iteration,3576,11.0175,10.8452,38782.3
iteration,3577,10.8548,10.8452,38793.1
iteration,3578,11.0351,10.8452,38804.2
iteration,3579,10.8357,10.8452,38815
iteration,3580,10.749,10.8452,38825.7
iteration,3581,11.0864,10.8452,38836.8
iteration,3582,11.0456,10.8453,38847.9
iteration,3583,10.9426,10.8453,38858.8
iteration,3584,10.8475,10.8453,38869.7
iteration,3585,10.8121,10.8453,38880.5
iteration,3586,10.9015,10.8453,38891.4
iteration,3587,10.8355,10.8453,38902.2
iteration,3588,10.8406,10.8453,38913.1
iteration,3589,10.2401,10.8452,38923.3
iteration,3590,10.8896,10.8452,38934.2
iteration,3591,10.1342,10.845,38944.3
iteration,3592,11.5239,10.8452,38955.8
iteration,3593,10.9843,10.8452,38966.8
iteration,3594,11.2397,10.8453,38978.1
iteration,3595,11.0596,10.8454,38989.1
iteration,3596,10.9121,10.8454,39000
iteration,3597,10.8342,10.8454,39010.9
iteration,3598,10.6661,10.8453,39021.5
iteration,3599,11.0454,10.8454,39032.6
iteration,3600,10.8915,10.8454,39043.5
iteration,3601,11.0419,10.8455,39054.5
iteration,3602,10.9119,10.8455,39065.4
iteration,3603,10.8792,10.8455,39076.3
iteration,3604,10.8279,10.8455,39087.1
iteration,3605,10.8554,10.8455,39098
iteration,3606,10.71,10.8455,39108.7
iteration,3607,10.919,10.8455,39119.6
iteration,3608,10.8702,10.8455,39130.5
iteration,3609,10.8337,10.8455,39141.3
iteration,3610,11.3377,10.8456,39152.7
iteration,3611,10.7857,10.8456,39163.4
iteration,3612,11.0348,10.8456,39174.5
iteration,3613,11.0654,10.8457,39185.5
iteration,3614,10.9019,10.8457,39196.4
iteration,3615,10.9409,10.8458,39207.4
iteration,3616,10.8743,10.8458,39218.3
iteration,3617,10.7538,10.8457,39229
iteration,3618,10.8936,10.8457,39239.9
iteration,3619,10.801,10.8457,39250.7
iteration,3620,10.2748,10.8456,39261
iteration,3621,10.7617,10.8456,39271.7
iteration,3622,11.2509,10.8457,39283
iteration,3623,10.7608,10.8456,39293.8
iteration,3624,10.7968,10.8456,39304.6
iteration,3625,10.6361,10.8456,39315.2
iteration,3626,10.8177,10.8456,39326
iteration,3627,10.8957,10.8456,39336.9
iteration,3628,10.9156,10.8456,39347.8
iteration,3629,10.6854,10.8456,39358.5
iteration,3630,10.8033,10.8455,39369.3
iteration,3631,10.7905,10.8455,39380.1
iteration,3632,11.0523,10.8456,39391.2
iteration,3633,10.9464,10.8456,39402.1
iteration,3634,10.9556,10.8456,39413.1
iteration,3635,10.8327,10.8456,39423.9
iteration,3636,10.7784,10.8456,39434.7
iteration,3637,10.7407,10.8456,39445.4
iteration,3638,10.9398,10.8456,39456.3
iteration,3639,10.9951,10.8457,39467.3
iteration,3640,11.0313,10.8457,39478.4
iteration,3641,10.7895,10.8457,39489.2
iteration,3642,10.7098,10.8457,39499.9
iteration,3643,10.8771,10.8457,39510.8
iteration,3644,10.6321,10.8456,39521.4
iteration,3645,11.0826,10.8457,39532.5
iteration,3646,10.9301,10.8457,39543.4
iteration,3647,10.8968,10.8457,39554.3
iteration,3648,10.7233,10.8457,39565
iteration,3649,10.8391,10.8457,39575.9
iteration,3650,10.2172,10.8455,39586.1
iteration,3651,10.7995,10.8455,39596.9
iteration,3652,11.0495,10.8455,39607.9
iteration,3653,10.7758,10.8455,39618.7
iteration,3654,11.1103,10.8456,39629.8
iteration,3655,10.9184,10.8456,39640.7
iteration,3656,10.635,10.8456,39651.4
iteration,3657,11.0304,10.8456,39662.4
iteration,3658,10.9154,10.8456,39673.3
iteration,3659,11.0834,10.8457,39684.4
iteration,3660,11.129,10.8458,39695.5
iteration,3661,10.7407,10.8457,39706.3
iteration,3662,11.0405,10.8458,39717.3
iteration,3663,10.3231,10.8457,39727.6
iteration,3664,10.6439,10.8456,39738.3
iteration,3665,10.3089,10.8455,39748.6
iteration,3666,11.0566,10.8455,39759.6
iteration,3667,10.8414,10.8455,39770.5
iteration,3668,10.5395,10.8454,39781
iteration,3669,10.9155,10.8454,39791.9
iteration,3670,11.1533,10.8455,39803.1
iteration,3671,10.7667,10.8455,39813.8
iteration,3672,10.7651,10.8455,39824.6
iteration,3673,11.2761,10.8456,39835.9
iteration,3674,10.6954,10.8456,39846.6
iteration,3675,10.9796,10.8456,39857.6
iteration,3676,10.5614,10.8455,39868.1
iteration,3677,10.8462,10.8455,39879
iteration,3678,10.1837,10.8453,39889.2
iteration,3679,10.7566,10.8453,39899.9
iteration,3680,10.7825,10.8453,39910.7
iteration,3681,10.9653,10.8453,39921.7
iteration,3682,10.7472,10.8453,39932.4
iteration,3683,11.2499,10.8454,39943.7
iteration,3684,10.9282,10.8454,39954.6
iteration,3685,10.8655,10.8454,39965.5
iteration,3686,10.8416,10.8454,39976.3
iteration,3687,10.9149,10.8455,39987.2
iteration,3688,10.4059,10.8453,39997.6
iteration,3689,11.0792,10.8454,40008.7
iteration,3690,10.3266,10.8453,40019
iteration,3691,10.8568,10.8453,40029.9
iteration,3692,11.025,10.8453,40040.9
iteration,3693,11.4327,10.8455,40052.3
iteration,3694,10.8986,10.8455,40063.2
iteration,3695,11.1877,10.8456,40074.4
iteration,3696,10.7769,10.8456,40085.2
iteration,3697,10.922,10.8456,40096.1
iteration,3698,10.9626,10.8456,40107.1
iteration,3699,10.7151,10.8456,40117.8
iteration,3700,10.9191,10.8456,40128.7
iteration,3701,11.069,10.8457,40139.8
iteration,3702,10.5922,10.8456,40150.4
iteration,3703,10.4032,10.8455,40160.8
iteration,3704,10.9048,10.8455,40171.7
iteration,3705,10.7625,10.8455,40182.4
iteration,3706,11.048,10.8455,40193.5
iteration,3707,11.174,10.8456,40204.7
iteration,3708,10.9047,10.8456,40215.6
iteration,3709,10.938,10.8456,40226.5
iteration,3710,10.9068,10.8457,40237.4
iteration,3711,10.8157,10.8457,40248.2
iteration,3712,10.6821,10.8456,40258.9
iteration,3713,10.9257,10.8456,40269.8
iteration,3714,11.0608,10.8457,40280.9
iteration,3715,10.8184,10.8457,40291.7
iteration,3716,10.7805,10.8457,40302.5
iteration,3717,10.988,10.8457,40313.5
iteration,3718,10.75,10.8457,40324.2
iteration,3719,10.9734,10.8457,40335.2
iteration,3720,10.5073,10.8456,40345.7
iteration,3721,11.0368,10.8457,40356.8
iteration,3722,10.321,10.8455,40367.1
iteration,3723,10.7594,10.8455,40377.8
iteration,3724,10.8462,10.8455,40388.7
iteration,3725,10.9347,10.8455,40399.6
iteration,3726,10.9881,10.8456,40410.6
iteration,3727,10.8304,10.8456,40421.4
iteration,3728,11.1726,10.8457,40432.6
iteration,3729,10.982,10.8457,40443.6
iteration,3730,10.7877,10.8457,40454.4
iteration,3731,10.8962,10.8457,40465.3
iteration,3732,10.5043,10.8456,40475.8
iteration,3733,11.4164,10.8458,40487.2
iteration,3734,10.0881,10.8456,40497.3
iteration,3735,11.6782,10.8458,40509
iteration,3736,10.9359,10.8458,40519.9
iteration,3737,11.1404,10.8459,40531
iteration,3738,10.1948,10.8457,40541.2
iteration,3739,11.0356,10.8458,40552.3
iteration,3740,10.3072,10.8456,40562.6
iteration,3741,11.6041,10.8458,40574.2
iteration,3742,10.9297,10.8458,40585.1
iteration,3743,10.6818,10.8458,40595.8
iteration,3744,11.0515,10.8458,40606.8
iteration,3745,10.9163,10.8459,40617.8
iteration,3746,11.2402,10.846,40629
iteration,3747,10.9244,10.846,40639.9
iteration,3748,10.904,10.846,40650.8
iteration,3749,10.802,10.846,40661.6
iteration,3750,10.7928,10.846,40672.4
iteration,3751,10.9151,10.846,40683.3
iteration,3752,11.0148,10.846,40694.4
iteration,3753,10.9718,10.8461,40705.3
iteration,3754,10.9686,10.8461,40716.3
iteration,3755,10.6998,10.8461,40727
iteration,3756,10.9143,10.8461,40737.9
iteration,3757,10.8479,10.8461,40748.8
iteration,3758,10.3244,10.8459,40759.1
iteration,3759,11.2405,10.8461,40770.3
iteration,3760,10.8482,10.8461,40781.2
iteration,3761,10.7528,10.846,40791.9
iteration,3762,10.823,10.846,40802.7
iteration,3763,10.8399,10.846,40813.6
iteration,3764,10.8827,10.846,40824.5
iteration,3765,11.0289,10.8461,40835.5
iteration,3766,10.3861,10.846,40845.9
iteration,3767,10.7255,10.8459,40856.6
iteration,3768,10.6853,10.8459,40867.3
iteration,3769,10.9895,10.8459,40878.3
iteration,3770,11.0761,10.846,40889.4
iteration,3771,10.7975,10.846,40900.2
iteration,3772,10.7768,10.846,40910.9
iteration,3773,11.3035,10.8461,40922.2
iteration,3774,10.6564,10.846,40932.9
iteration,3775,10.8424,10.846,40943.7
iteration,3776,10.8419,10.846,40954.6
iteration,3777,10.9583,10.8461,40965.5
iteration,3778,10.7999,10.846,40976.3
iteration,3779,11.0901,10.8461,40987.4
iteration,3780,10.8138,10.8461,40998.2
iteration,3781,10.7904,10.8461,41009
iteration,3782,10.3313,10.8459,41019.4
iteration,3783,10.855,10.8459,41030.2
iteration,3784,11.0107,10.846,41041.2
iteration,3785,10.726,10.846,41052
iteration,3786,11.1484,10.846,41063.1
iteration,3787,10.7191,10.846,41073.8
iteration,3788,10.8888,10.846,41084.7
iteration,3789,10.3447,10.8459,41095.1
iteration,3790,10.9085,10.8459,41106
iteration,3791,10.7798,10.8459,41116.7
iteration,3792,10.5829,10.8458,41127.3
iteration,3793,10.6723,10.8458,41138
iteration,3794,10.7872,10.8458,41148.8
iteration,3795,10.3247,10.8456,41159.1
iteration,3796,10.96,10.8456,41170.1
iteration,3797,10.7472,10.8456,41180.8
iteration,3798,10.7955,10.8456,41191.6
iteration,3799,10.1673,10.8454,41201.8
iteration,3800,10.9215,10.8454,41212.7
iteration,3801,10.1299,10.8453,41222.8
iteration,3802,10.7629,10.8452,41233.6
iteration,3803,11.0485,10.8453,41244.6
iteration,3804,10.2359,10.8451,41254.9
iteration,3805,10.5412,10.8451,41265.4
iteration,3806,10.1379,10.8449,41275.6
iteration,3807,10.6496,10.8448,41286.2
iteration,3808,10.5953,10.8447,41296.8
iteration,3809,10.3436,10.8446,41307.1
iteration,3810,10.9804,10.8447,41318.1
iteration,3811,11.1359,10.8447,41329.3
iteration,3812,10.7793,10.8447,41340
iteration,3813,10.7827,10.8447,41350.8
iteration,3814,10.7393,10.8447,41361.6
iteration,3815,10.7137,10.8446,41372.3
iteration,3816,10.6015,10.8446,41382.9
iteration,3817,10.2108,10.8444,41393.1
iteration,3818,10.781,10.8444,41403.9
iteration,3819,10.156,10.8442,41414
iteration,3820,10.7496,10.8442,41424.8
iteration,3821,10.898,10.8442,41435.7
iteration,3822,10.7291,10.8442,41446.4
iteration,3823,10.7031,10.8441,41457.1
iteration,3824,9.99992,10.8439,41467.1
iteration,3825,10.5064,10.8438,41477.6
iteration,3826,10.2128,10.8437,41487.8
iteration,3827,10.7357,10.8436,41498.6
iteration,3828,10.5173,10.8435,41509.1
iteration,3829,10.7896,10.8435,41519.9
iteration,3830,10.2632,10.8434,41530.1
iteration,3831,11.1588,10.8435,41541.3
iteration,3832,10.6339,10.8434,41551.9
iteration,3833,10.7549,10.8434,41562.7
iteration,3834,10.7959,10.8434,41573.5
iteration,3835,10.8262,10.8434,41584.3
iteration,3836,10.8879,10.8434,41595.2
iteration,3837,10.7319,10.8433,41605.9
iteration,3838,10.9284,10.8434,41616.8
iteration,3839,10.5022,10.8433,41627.4
iteration,3840,10.1518,10.8431,41637.5
iteration,3841,10.8326,10.8431,41648.3
iteration,3842,10.1076,10.8429,41658.4
iteration,3843,10.5447,10.8428,41669
iteration,3844,10.9811,10.8429,41680
iteration,3845,10.8169,10.8429,41690.8
iteration,3846,10.7542,10.8428,41701.5
iteration,3847,10.7791,10.8428,41712.3
iteration,3848,10.5898,10.8428,41722.9
iteration,3849,10.8357,10.8427,41733.7
iteration,3850,10.0301,10.8425,41743.8
iteration,3851,10.9638,10.8426,41754.7
iteration,3852,10.993,10.8426,41765.7
iteration,3853,10.6041,10.8425,41776.3
iteration,3854,10.7186,10.8425,41787.1
iteration,3855,10.6915,10.8425,41797.7
iteration,3856,10.8745,10.8425,41808.6
iteration,3857,10.5684,10.8424,41819.2
iteration,3858,10.529,10.8423,41829.7
iteration,3859,10.7646,10.8423,41840.5
iteration,3860,10.6127,10.8423,41851.1
iteration,3861,11.1788,10.8423,41862.3
iteration,3862,10.6539,10.8423,41872.9
iteration,3863,9.9313,10.8421,41882.9
iteration,3864,10.9563,10.8421,41893.8
iteration,3865,10.0955,10.8419,41903.9
iteration,3866,10.6648,10.8418,41914.6
iteration,3867,9.92381,10.8416,41924.5
iteration,3868,11.5068,10.8418,41936
iteration,3869,10.7151,10.8417,41946.7
iteration,3870,10.4756,10.8417,41957.2
iteration,3871,10.8679,10.8417,41968.1
iteration,3872,10.786,10.8416,41978.9
iteration,3873,10.5689,10.8416,41989.4
iteration,3874,10.7166,10.8415,42000.1
iteration,3875,10.7885,10.8415,42010.9
iteration,3876,10.9272,10.8416,42021.9
iteration,3877,10.6855,10.8415,42032.5
iteration,3878,10.4516,10.8414,42043
iteration,3879,10.7084,10.8414,42053.7
iteration,3880,10.6505,10.8413,42064.3
iteration,3881,10.6631,10.8413,42075
iteration,3882,10.8383,10.8413,42085.8
iteration,3883,10.6337,10.8412,42096.5
iteration,3884,10.534,10.8411,42107
iteration,3885,10.0169,10.8409,42117
iteration,3886,10.3512,10.8408,42127.4
iteration,3887,10.8979,10.8408,42138.3
iteration,3888,10.4827,10.8407,42148.8
iteration,3889,10.0255,10.8405,42158.8
iteration,3890,10.5632,10.8405,42169.4
iteration,3891,10.1081,10.8403,42179.5
iteration,3892,10.5628,10.8402,42190
iteration,3893,10.5792,10.8401,42200.6
iteration,3894,10.7648,10.8401,42211.4
iteration,3895,9.99442,10.8399,42221.4
iteration,3896,10.5698,10.8398,42231.9
iteration,3897,10.5413,10.8397,42242.5
iteration,3898,9.94089,10.8395,42252.4
iteration,3899,10.4539,10.8394,42262.9
iteration,3900,10.261,10.8393,42273.1
iteration,3901,10.5841,10.8392,42283.7
iteration,3902,9.80843,10.8389,42293.5
iteration,3903,11.0376,10.839,42304.6
iteration,3904,10.7077,10.839,42315.3
iteration,3905,10.9511,10.839,42326.2
iteration,3906,10.6036,10.8389,42336.8
iteration,3907,10.6025,10.8389,42347.4
iteration,3908,10.4613,10.8388,42357.9
iteration,3909,10.6487,10.8387,42368.5
iteration,3910,10.6306,10.8387,42379.2
iteration,3911,10.5052,10.8386,42389.7
iteration,3912,10.6193,10.8385,42400.3
iteration,3913,9.83986,10.8383,42410.1
iteration,3914,10.2543,10.8381,42420.4
iteration,3915,10.0111,10.8379,42430.4
iteration,3916,10.5229,10.8378,42440.9
iteration,3917,10.5648,10.8378,42451.5
iteration,3918,11.0336,10.8378,42462.5
iteration,3919,10.3011,10.8377,42472.8
iteration,3920,10.5132,10.8376,42483.3
iteration,3921,10.5724,10.8375,42493.9
iteration,3922,10.7134,10.8375,42504.6
iteration,3923,10.6758,10.8374,42515.3
iteration,3924,10.5017,10.8374,42525.8
iteration,3925,10.489,10.8373,42536.3
iteration,3926,10.2167,10.8371,42546.5
iteration,3927,10.5209,10.837,42557
iteration,3928,10.0044,10.8368,42567
iteration,3929,10.5314,10.8367,42577.6
iteration,3930,10.7538,10.8367,42588.3
iteration,3931,10.0611,10.8365,42598.4
iteration,3932,10.7211,10.8365,42609.1
iteration,3933,9.92078,10.8363,42619
iteration,3934,10.7062,10.8362,42629.7
iteration,3935,10.7652,10.8362,42640.5
iteration,3936,10.8014,10.8362,42651.3
iteration,3937,10.7013,10.8362,42662
iteration,3938,10.8759,10.8362,42672.9
iteration,3939,10.6187,10.8361,42683.5
iteration,3940,10.658,10.8361,42694.1
iteration,3941,10.8274,10.8361,42705
iteration,3942,10.7642,10.8361,42715.7
iteration,3943,10.5067,10.836,42726.2
iteration,3944,10.8157,10.836,42737.1
iteration,3945,10.5781,10.8359,42747.6
iteration,3946,10.7118,10.8359,42758.3
iteration,3947,10.4651,10.8358,42768.8
iteration,3948,10.2485,10.8356,42779.1
iteration,3949,10.7302,10.8356,42789.8
iteration,3950,10.4737,10.8355,42800.3
iteration,3951,10.7467,10.8355,42811
iteration,3952,10.65,10.8354,42821.7
iteration,3953,10.5206,10.8354,42832.2
iteration,3954,10.6023,10.8353,42842.8
iteration,3955,10.8131,10.8353,42853.6
iteration,3956,11.0283,10.8353,42864.6
iteration,3957,10.4938,10.8353,42875.1
iteration,3958,10.0297,10.8351,42885.1
iteration,3959,10.3775,10.8349,42895.5
iteration,3960,9.92936,10.8347,42905.5
iteration,3961,11.3791,10.8348,42916.8
iteration,3962,10.9791,10.8349,42927.8
iteration,3963,9.93122,10.8347,42937.7
iteration,3964,11.6106,10.8349,42949.4
iteration,3965,10.5617,10.8348,42959.9
iteration,3966,10.6581,10.8347,42970.6
iteration,3967,10.2811,10.8346,42980.9
iteration,3968,10.8948,10.8346,42991.7
iteration,3969,10.8597,10.8346,43002.6
iteration,3970,10.7752,10.8346,43013.4
iteration,3971,10.9562,10.8346,43024.3
iteration,3972,11.2135,10.8347,43035.6
iteration,3973,11.0988,10.8348,43046.7
iteration,3974,10.6571,10.8348,43057.3
iteration,3975,11.1161,10.8348,43068.4
iteration,3976,10.85,10.8348,43079.3
iteration,3977,10.6476,10.8348,43089.9
iteration,3978,10.7244,10.8348,43100.6
iteration,3979,11.2914,10.8349,43111.9
iteration,3980,10.8739,10.8349,43122.8
iteration,3981,10.6315,10.8348,43133.4
iteration,3982,10.9436,10.8349,43144.4
iteration,3983,10.6736,10.8348,43155.1
iteration,3984,10.6544,10.8348,43165.7
iteration,3985,10.8875,10.8348,43176.6
iteration,3986,10.5521,10.8347,43187.2
iteration,3987,10.1759,10.8345,43197.3
iteration,3988,10.6318,10.8345,43208
iteration,3989,10.2031,10.8343,43218.2
iteration,3990,10.8344,10.8343,43229
iteration,3991,10.6783,10.8343,43239.7
iteration,3992,11.0749,10.8344,43250.8
iteration,3993,10.8831,10.8344,43261.6
iteration,3994,10.6995,10.8343,43272.3
iteration,3995,10.9073,10.8344,43283.2
iteration,3996,10.9277,10.8344,43294.2
iteration,3997,10.7232,10.8343,43304.9
iteration,3998,11.1105,10.8344,43316
iteration,3999,10.6745,10.8344,43326.7
iteration,4000,10.6822,10.8343,43337.4
iteration,4001,10.872,10.8343,43348.2
iteration,4002,10.9872,10.8344,43359.2
iteration,4003,10.9469,10.8344,43370.2
iteration,4004,10.6891,10.8344,43380.9
iteration,4005,10.3082,10.8342,43391.2
iteration,4006,10.5823,10.8342,43401.7
iteration,4007,11.0133,10.8342,43412.8
iteration,4008,10.7919,10.8342,43423.6
iteration,4009,10.7015,10.8342,43434.3
iteration,4010,10.1874,10.834,43444.4
iteration,4011,10.5676,10.834,43455
iteration,4012,10.3563,10.8338,43465.4
iteration,4013,11.2572,10.8339,43476.6
iteration,4014,10.6902,10.8339,43487.3
iteration,4015,11.0068,10.834,43498.3
iteration,4016,10.7936,10.8339,43509.1
iteration,4017,10.6992,10.8339,43519.8
iteration,4018,11.1423,10.834,43531
iteration,4019,10.9893,10.834,43541.9
iteration,4020,10.9606,10.8341,43552.9
iteration,4021,10.7538,10.834,43563.7
iteration,4022,10.6058,10.834,43574.3
iteration,4023,10.6585,10.8339,43584.9
iteration,4024,10.8899,10.8339,43595.8
iteration,4025,10.9553,10.834,43606.8
iteration,4026,10.8779,10.834,43617.6
iteration,4027,11.2071,10.8341,43628.9
iteration,4028,10.6953,10.834,43639.5
iteration,4029,10.8454,10.8341,43650.4
iteration,4030,10.9869,10.8341,43661.4
iteration,4031,11.3281,10.8342,43672.7
iteration,4032,10.9261,10.8342,43683.6
iteration,4033,10.9276,10.8343,43694.6
iteration,4034,10.75,10.8342,43705.3
iteration,4035,10.9558,10.8343,43716.3
iteration,4036,10.8047,10.8343,43727.1
iteration,4037,10.9383,10.8343,43738
iteration,4038,10.4962,10.8342,43748.5
iteration,4039,10.9113,10.8342,43759.4
iteration,4040,10.1207,10.834,43769.5
iteration,4041,11.566,10.8342,43781.1
iteration,4042,10.9933,10.8343,43792.1
iteration,4043,11.2411,10.8344,43803.3
iteration,4044,10.2231,10.8342,43813.6
iteration,4045,11.0122,10.8343,43824.6
iteration,4046,10.7867,10.8342,43835.4
iteration,4047,11.3784,10.8344,43846.7
iteration,4048,10.9757,10.8344,43857.7
iteration,4049,10.8107,10.8344,43868.5
iteration,4050,10.9292,10.8344,43879.5
iteration,4051,10.8644,10.8344,43890.3
iteration,4052,11.3619,10.8346,43901.7
iteration,4053,10.9755,10.8346,43912.7
iteration,4054,11.0014,10.8346,43923.7
iteration,4055,10.7253,10.8346,43934.4
iteration,4056,10.9509,10.8346,43945.3
iteration,4057,10.8543,10.8347,43956.2
iteration,4058,11.0357,10.8347,43967.2
iteration,4059,11.1398,10.8348,43978.4
iteration,4060,10.6873,10.8347,43989.1
iteration,4061,11.3139,10.8349,44000.4
iteration,4062,10.9956,10.8349,44011.4
iteration,4063,11.0116,10.8349,44022.4
iteration,4064,10.9684,10.835,44033.3
iteration,4065,11.1424,10.8351,44044.5
iteration,4066,11.2043,10.8351,44055.7
iteration,4067,10.8705,10.8352,44066.6
iteration,4068,11.113,10.8352,44077.7
iteration,4069,10.973,10.8353,44088.6
iteration,4070,11.0114,10.8353,44099.7
iteration,4071,10.9234,10.8353,44110.6
iteration,4072,11.225,10.8354,44121.8
iteration,4073,10.418,10.8353,44132.2
iteration,4074,11.022,10.8354,44143.2
iteration,4075,10.2739,10.8352,44153.5
iteration,4076,11.8171,10.8355,44165.3
iteration,4077,11.2387,10.8356,44176.6
iteration,4078,10.8599,10.8356,44187.4
iteration,4079,10.4083,10.8355,44197.8
iteration,4080,11.0848,10.8355,44208.9
iteration,4081,11.1093,10.8356,44220
iteration,4082,10.9677,10.8356,44231
iteration,4083,11.4868,10.8358,44242.5
iteration,4084,10.9752,10.8358,44253.5
iteration,4085,10.8719,10.8358,44264.3
iteration,4086,11.1514,10.8359,44275.5
iteration,4087,10.5024,10.8358,44286
iteration,4088,10.8842,10.8358,44296.9
iteration,4089,11.1361,10.8359,44308
iteration,4090,11.0534,10.836,44319.1
iteration,4091,11.1885,10.836,44330.3
iteration,4092,10.9659,10.8361,44341.2
iteration,4093,10.9422,10.8361,44352.2
iteration,4094,11.0935,10.8362,44363.3
iteration,4095,11.114,10.8362,44374.4
iteration,4096,11.419,10.8364,44385.8
iteration,4097,11.1948,10.8365,44397
iteration,4098,10.9442,10.8365,44407.9
iteration,4099,11.35,10.8366,44419.3
iteration,4100,11.0233,10.8367,44430.3
iteration,4101,11.1143,10.8367,44441.4
iteration,4102,11.1846,10.8368,44452.6
iteration,4103,11.1964,10.8369,44463.8
iteration,4104,11.4823,10.8371,44475.3
iteration,4105,10.9598,10.8371,44486.2
iteration,4106,10.6423,10.837,44496.9
iteration,4107,11.1641,10.8371,44508
iteration,4108,10.2998,10.837,44518.3
iteration,4109,11.7442,10.8372,44530.1
iteration,4110,11.0133,10.8373,44541.1
iteration,4111,11.2474,10.8374,44552.3
iteration,4112,11.1736,10.8374,44563.5
iteration,4113,10.7811,10.8374,44574.3
iteration,4114,11.379,10.8376,44585.7
iteration,4115,11.0756,10.8376,44596.8
iteration,4116,10.4067,10.8375,44607.2
iteration,4117,10.813,10.8375,44618
iteration,4118,10.689,10.8375,44628.7
iteration,4119,11.8402,10.8377,44640.5
iteration,4120,11.2691,10.8378,44651.8
iteration,4121,11.1149,10.8379,44662.9
iteration,4122,11.1138,10.8379,44674
iteration,4123,10.9986,10.838,44685
iteration,4124,10.4653,10.8379,44695.5
iteration,4125,11.0079,10.8379,44706.5
iteration,4126,11.3379,10.8381,44717.8
iteration,4127,11.1058,10.8381,44728.9
iteration,4128,10.3789,10.838,44739.3
iteration,4129,11.1144,10.8381,44750.4
iteration,4130,11.0222,10.8381,44761.4
iteration,4131,11.0781,10.8382,44772.5
iteration,4132,11.3358,10.8383,44783.8
iteration,4133,10.5632,10.8382,44794.4
iteration,4134,11.1794,10.8383,44805.6
iteration,4135,11.0697,10.8384,44816.7
iteration,4136,10.803,10.8384,44827.5
iteration,4137,11.2476,10.8385,44838.7
iteration,4138,10.9554,10.8385,44849.7
iteration,4139,11.0097,10.8385,44860.7
iteration,4140,10.4498,10.8384,44871.1
iteration,4141,10.9926,10.8385,44882.1
iteration,4142,11.3081,10.8386,44893.4
iteration,4143,10.5726,10.8385,44904
iteration,4144,11.0814,10.8386,44915.1
iteration,4145,11.41,10.8387,44926.5
iteration,4146,10.9665,10.8388,44937.5
iteration,4147,11.1062,10.8388,44948.6
iteration,4148,11.1199,10.8389,44959.7
iteration,4149,11.3529,10.839,44971
iteration,4150,11.1545,10.8391,44982.2
iteration,4151,11.6347,10.8393,44993.8
iteration,4152,11.2206,10.8394,45005
iteration,4153,11.3826,10.8395,45016.4
iteration,4154,11.0065,10.8395,45027.4
iteration,4155,10.4376,10.8394,45037.9
iteration,4156,11.2934,10.8395,45049.2
iteration,4157,10.3556,10.8394,45059.5
iteration,4158,11.7434,10.8397,45071.3
iteration,4159,11.0182,10.8397,45082.3
iteration,4160,11.0858,10.8398,45093.4
iteration,4161,10.6501,10.8397,45104
iteration,4162,11.2973,10.8398,45115.3
iteration,4163,11.0716,10.8399,45126.4
iteration,4164,11.2005,10.84,45137.6
iteration,4165,11.0131,10.84,45148.6
iteration,4166,10.3493,10.8399,45159
iteration,4167,11.0881,10.8399,45170
iteration,4168,10.5339,10.8399,45180.6
iteration,4169,11.8634,10.8401,45192.4
iteration,4170,10.8575,10.8401,45203.3
iteration,4171,11.4096,10.8403,45214.7
iteration,4172,10.9365,10.8403,45225.6
iteration,4173,11.1747,10.8404,45236.8
iteration,4174,11.1423,10.8404,45248
iteration,4175,11.079,10.8405,45259
iteration,4176,11.2137,10.8406,45270.3
iteration,4177,11.245,10.8407,45281.5
iteration,4178,11.2538,10.8408,45292.8
iteration,4179,12.8272,10.8412,45305.6
iteration,4180,11.3684,10.8414,45316.9
iteration,4181,10.7568,10.8414,45327.7
iteration,4182,11.4536,10.8415,45339.2
iteration,4183,11.1144,10.8416,45350.3
iteration,4184,11.155,10.8416,45361.4
iteration,4185,11.2288,10.8417,45372.7
iteration,4186,11.0091,10.8418,45383.7
iteration,4187,11.2159,10.8419,45394.9
iteration,4188,11.3815,10.842,45406.3
iteration,4189,11.2699,10.8421,45417.5
iteration,4190,11.1178,10.8422,45428.6
iteration,4191,10.9498,10.8422,45439.6
iteration,4192,11.0056,10.8422,45450.6
iteration,4193,11.4107,10.8424,45462
iteration,4194,11.0868,10.8424,45473.1
iteration,4195,11.2918,10.8425,45484.4
iteration,4196,11.0275,10.8426,45495.4
iteration,4197,11.3404,10.8427,45506.8
iteration,4198,11.2541,10.8428,45518
iteration,4199,11.0763,10.8428,45529.1
iteration,4200,11.3959,10.843,45540.5
iteration,4201,11.1798,10.8431,45551.7
iteration,4202,11.1094,10.8431,45562.8
iteration,4203,11.0725,10.8432,45573.8
iteration,4204,11.1232,10.8432,45585
iteration,4205,11.2134,10.8433,45596.2
iteration,4206,11.3722,10.8435,45607.6
iteration,4207,11.2705,10.8436,45618.8
iteration,4208,11.2842,10.8437,45630.1
iteration,4209,10.903,10.8437,45641
iteration,4210,11.5239,10.8438,45652.5
iteration,4211,11.2256,10.8439,45663.8
iteration,4212,11.0841,10.844,45674.8
iteration,4213,11.0155,10.844,45685.9
iteration,4214,10.5282,10.8439,45696.4
iteration,4215,11.0909,10.844,45707.5
iteration,4216,11.3914,10.8441,45718.9
iteration,4217,11.1346,10.8442,45730
iteration,4218,11.0656,10.8443,45741.1
iteration,4219,11.1965,10.8443,45752.3
iteration,4220,11.2085,10.8444,45763.5
iteration,4221,11.0877,10.8445,45774.6
iteration,4222,11.0679,10.8445,45785.6
iteration,4223,10.9114,10.8446,45796.5
iteration,4224,11.1043,10.8446,45807.7
iteration,4225,11.3974,10.8447,45819
iteration,4226,10.9758,10.8448,45830
iteration,4227,11.3152,10.8449,45841.3
iteration,4228,10.987,10.8449,45852.3
iteration,4229,11.0077,10.845,45863.3
iteration,4230,11.1211,10.845,45874.5
iteration,4231,10.8217,10.845,45885.3
iteration,4232,11.2047,10.8451,45896.5
iteration,4233,11.2966,10.8452,45907.8
iteration,4234,11.1411,10.8453,45918.9
iteration,4235,10.9719,10.8453,45929.9
iteration,4236,11.0746,10.8454,45941
iteration,4237,11.0532,10.8454,45952
iteration,4238,11.1604,10.8455,45963.2
iteration,4239,10.9398,10.8455,45974.1
iteration,4240,11.1153,10.8456,45985.2
iteration,4241,10.5315,10.8455,45995.8
iteration,4242,10.919,10.8455,46006.7
iteration,4243,10.9897,10.8456,46017.7
iteration,4244,11.497,10.8457,46029.2
iteration,4245,11.0668,10.8458,46040.2
iteration,4246,10.9099,10.8458,46051.1
iteration,4247,11.049,10.8458,46062.2
iteration,4248,11.2077,10.8459,46073.4
iteration,4249,11.5148,10.8461,46084.9
iteration,4250,11.1429,10.8461,46096.1
iteration,4251,11.2756,10.8462,46107.3
iteration,4252,11.1416,10.8463,46118.5
iteration,4253,11.0314,10.8463,46129.5
iteration,4254,11.5385,10.8465,46141.1
iteration,4255,11.2533,10.8466,46152.3
iteration,4256,11.1562,10.8467,46163.5
iteration,4257,10.8615,10.8467,46174.3
iteration,4258,11.3981,10.8468,46185.7
iteration,4259,11.1694,10.8469,46196.9
iteration,4260,10.8652,10.8469,46207.8
iteration,4261,10.3086,10.8468,46218.1
iteration,4262,11.0876,10.8468,46229.2
iteration,4263,10.9796,10.8469,46240.1
iteration,4264,11.0016,10.8469,46251.1
iteration,4265,11.1785,10.847,46262.3
iteration,4266,11.0761,10.847,46273.4
iteration,4267,11.2777,10.8471,46284.7
iteration,4268,10.8613,10.8471,46295.5
iteration,4269,10.946,10.8471,46306.5
iteration,4270,11.0498,10.8472,46317.5
iteration,4271,11.1747,10.8473,46328.7
iteration,4272,11.1726,10.8473,46339.9
iteration,4273,11.3751,10.8475,46351.2
iteration,4274,11.1121,10.8475,46362.4
iteration,4275,11.0946,10.8476,46373.5
iteration,4276,11.3108,10.8477,46384.8
iteration,4277,10.3813,10.8476,46395.1
iteration,4278,10.8185,10.8476,46406
iteration,4279,10.9487,10.8476,46416.9
iteration,4280,11.0351,10.8477,46427.9
iteration,4281,10.7164,10.8476,46438.7
iteration,4282,11.0404,10.8477,46449.7
iteration,4283,11.4312,10.8478,46461.1
iteration,4284,10.8356,10.8478,46472
iteration,4285,10.9306,10.8478,46482.9
iteration,4286,10.9969,10.8479,46493.9
iteration,4287,11.0323,10.8479,46504.9
iteration,4288,11.0977,10.848,46516
iteration,4289,10.7904,10.8479,46526.8
iteration,4290,10.3207,10.8478,46537.1
iteration,4291,11.0793,10.8479,46548.2
iteration,4292,10.1659,10.8477,46558.4
iteration,4293,10.9741,10.8477,46569.4
iteration,4294,11.1532,10.8478,46580.5
iteration,4295,10.8533,10.8478,46591.4
iteration,4296,10.9244,10.8478,46602.3
iteration,4297,10.9319,10.8479,46613.2
iteration,4298,10.7844,10.8478,46624
iteration,4299,10.7586,10.8478,46634.8
iteration,4300,10.8375,10.8478,46645.6
iteration,4301,10.9421,10.8478,46656.5
iteration,4302,11.005,10.8479,46667.5
iteration,4303,10.7308,10.8478,46678.3
iteration,4304,10.959,10.8479,46689.2
iteration,4305,10.8555,10.8479,46700.1
iteration,4306,10.994,10.8479,46711.1
iteration,4307,11.3161,10.848,46722.4
iteration,4308,10.9432,10.848,46733.3
iteration,4309,10.8551,10.848,46744.2
iteration,4310,11.0736,10.8481,46755.3
iteration,4311,10.7215,10.8481,46766
iteration,4312,11.0748,10.8481,46777.1
iteration,4313,11.2624,10.8482,46788.3
iteration,4314,11.0553,10.8483,46799.4
iteration,4315,11.067,10.8483,46810.5
iteration,4316,11.0395,10.8484,46821.5
iteration,4317,11.3322,10.8485,46832.8
iteration,4318,10.8293,10.8485,46843.7
iteration,4319,10.9266,10.8485,46854.6
iteration,4320,10.7744,10.8485,46865.4
iteration,4321,10.9677,10.8485,46876.3
iteration,4322,10.9653,10.8485,46887.3
iteration,4323,10.8951,10.8485,46898.2
iteration,4324,10.8979,10.8485,46909.1
iteration,4325,11.2089,10.8486,46920.3
iteration,4326,10.9121,10.8486,46931.2
iteration,4327,11.2133,10.8487,46942.4
iteration,4328,11.1763,10.8488,46953.6
iteration,4329,11.1446,10.8489,46964.7
iteration,4330,10.9799,10.8489,46975.7
iteration,4331,10.599,10.8488,46986.3
iteration,4332,10.9741,10.8489,46997.3
iteration,4333,11.0553,10.8489,47008.3
iteration,4334,10.7564,10.8489,47019.1
iteration,4335,11.1355,10.849,47030.2
iteration,4336,11.3061,10.8491,47041.5
iteration,4337,10.8867,10.8491,47052.4
iteration,4338,10.1706,10.8489,47062.6
iteration,4339,11.1261,10.849,47073.7
iteration,4340,10.2807,10.8488,47084
iteration,4341,11.0695,10.8489,47095.1
iteration,4342,11.0026,10.8489,47106.1
iteration,4343,10.3931,10.8488,47116.5
iteration,4344,10.9648,10.8489,47127.4
iteration,4345,10.8196,10.8489,47138.3
iteration,4346,10.8251,10.8488,47149.1
iteration,4347,10.4168,10.8487,47159.5
iteration,4348,10.906,10.8488,47170.4
iteration,4349,10.32,10.8486,47180.7
iteration,4350,10.9013,10.8486,47191.6
iteration,4351,10.9207,10.8487,47202.5
iteration,4352,10.9074,10.8487,47213.5
iteration,4353,11.1541,10.8488,47224.6
iteration,4354,10.7778,10.8487,47235.4
iteration,4355,11.0247,10.8488,47246.4
iteration,4356,11.0784,10.8488,47257.5
iteration,4357,10.8343,10.8488,47268.3
iteration,4358,11.124,10.8489,47279.4
iteration,4359,10.9225,10.8489,47290.4
iteration,4360,10.9482,10.8489,47301.3
iteration,4361,11.0442,10.849,47312.4
iteration,4362,10.94,10.849,47323.3
iteration,4363,11.288,10.8491,47334.6
iteration,4364,11.0487,10.8491,47345.6
iteration,4365,10.7834,10.8491,47356.4
iteration,4366,11.033,10.8492,47367.5
iteration,4367,11.0618,10.8492,47378.5
iteration,4368,11.1266,10.8493,47389.6
iteration,4369,10.7386,10.8493,47400.4
iteration,4370,11.2871,10.8494,47411.7
iteration,4371,11.0645,10.8494,47422.7
iteration,4372,10.7675,10.8494,47433.5
iteration,4373,11.2291,10.8495,47444.7
iteration,4374,10.976,10.8495,47455.7
iteration,4375,10.736,10.8495,47466.4
iteration,4376,10.1124,10.8493,47476.6
iteration,4377,10.9769,10.8493,47487.5
iteration,4378,10.9393,10.8494,47498.5
iteration,4379,11.1429,10.8494,47509.6
iteration,4380,10.1487,10.8493,47519.8
iteration,4381,10.6888,10.8492,47530.5
iteration,4382,10.194,10.8491,47540.6
iteration,4383,10.6522,10.849,47551.3
iteration,4384,10.8673,10.849,47562.2
iteration,4385,10.8181,10.849,47573
iteration,4386,10.9512,10.8491,47583.9
iteration,4387,10.6068,10.849,47594.5
iteration,4388,10.9619,10.849,47605.5
iteration,4389,10.6468,10.849,47616.2
iteration,4390,10.8522,10.849,47627
iteration,4391,10.9628,10.849,47638
iteration,4392,10.9841,10.849,47648.9
iteration,4393,10.7468,10.849,47659.7
iteration,4394,10.8414,10.849,47670.5
iteration,4395,10.7852,10.849,47681.3
iteration,4396,10.714,10.849,47692
iteration,4397,11.0127,10.849,47703
iteration,4398,10.7756,10.849,47713.8
iteration,4399,11.2066,10.8491,47725
iteration,4400,10.7428,10.849,47735.8
iteration,4401,10.6644,10.849,47746.4
iteration,4402,11.0462,10.849,47757.5
iteration,4403,11.0632,10.8491,47768.5
iteration,4404,10.8216,10.8491,47779.4
iteration,4405,10.6976,10.8491,47790.1
iteration,4406,10.683,10.849,47800.8
iteration,4407,10.555,10.8489,47811.3
iteration,4408,10.7274,10.8489,47822
iteration,4409,10.8523,10.8489,47832.9
iteration,4410,10.8534,10.8489,47843.7
iteration,4411,10.8394,10.8489,47854.6
iteration,4412,10.8983,10.8489,47865.5
iteration,4413,10.8584,10.8489,47876.3
iteration,4414,10.298,10.8488,47886.6
iteration,4415,10.646,10.8488,47897.3
iteration,4416,10.1722,10.8486,47907.5
iteration,4417,10.3935,10.8485,47917.8
iteration,4418,10.973,10.8485,47928.8
iteration,4419,10.0104,10.8483,47938.8
iteration,4420,10.8397,10.8483,47949.7
iteration,4421,11.0957,10.8484,47960.8
iteration,4422,10.9353,10.8484,47971.7
iteration,4423,10.8375,10.8484,47982.5
iteration,4424,10.6899,10.8484,47993.2
iteration,4425,10.2052,10.8482,48003.4
iteration,4426,10.9471,10.8483,48014.4
iteration,4427,10.5794,10.8482,48025
iteration,4428,10.6913,10.8482,48035.6
iteration,4429,10.7551,10.8481,48046.4
iteration,4430,10.712,10.8481,48057.1
iteration,4431,10.434,10.848,48067.6
iteration,4432,10.748,10.848,48078.3
iteration,4433,10.1565,10.8478,48088.5
iteration,4434,10.9585,10.8479,48099.4
iteration,4435,10.0607,10.8477,48109.5
iteration,4436,11.3177,10.8478,48120.8
iteration,4437,10.9157,10.8478,48131.7
iteration,4438,10.7981,10.8478,48142.5
iteration,4439,10.7261,10.8478,48153.2
iteration,4440,10.8717,10.8478,48164.1
iteration,4441,10.844,10.8478,48174.9
iteration,4442,10.6447,10.8477,48185.6
iteration,4443,10.1984,10.8476,48195.8
iteration,4444,10.8139,10.8476,48206.6
iteration,4445,10.1438,10.8474,48216.7
iteration,4446,10.8968,10.8474,48227.6
iteration,4447,10.697,10.8474,48238.3
iteration,4448,10.6396,10.8473,48249
iteration,4449,10.1185,10.8472,48259.1
iteration,4450,10.5046,10.8471,48269.6
iteration,4451,11.0067,10.8471,48280.6
iteration,4452,10.6431,10.8471,48291.3
iteration,4453,10.6407,10.847,48301.9
iteration,4454,10.8319,10.847,48312.7
iteration,4455,10.7496,10.847,48323.5
iteration,4456,10.7553,10.847,48334.2
iteration,4457,10.5305,10.8469,48344.8
iteration,4458,10.616,10.8469,48355.4
iteration,4459,10.7171,10.8468,48366.1
iteration,4460,10.6966,10.8468,48376.8
iteration,4461,10.8048,10.8468,48387.6
iteration,4462,10.4756,10.8467,48398.1
iteration,4463,11.0794,10.8468,48409.2
iteration,4464,10.8776,10.8468,48420
iteration,4465,10.5975,10.8467,48430.6
iteration,4466,10.9033,10.8467,48441.5
iteration,4467,10.7352,10.8467,48452.3
iteration,4468,10.3406,10.8466,48462.6
iteration,4469,10.9479,10.8466,48473.6
iteration,4470,10.7915,10.8466,48484.3
iteration,4471,10.571,10.8465,48494.9
iteration,4472,10.7246,10.8465,48505.6
iteration,4473,10.6399,10.8465,48516.3
iteration,4474,10.5786,10.8464,48526.9
iteration,4475,10.0765,10.8462,48536.9
iteration,4476,10.6598,10.8462,48547.6
iteration,4477,10.2503,10.8461,48557.8
iteration,4478,10.7343,10.846,48568.6
iteration,4479,10.7245,10.846,48579.3
iteration,4480,10.0605,10.8458,48589.4
iteration,4481,10.579,10.8458,48599.9
iteration,4482,10.7857,10.8458,48610.7
iteration,4483,10.627,10.8457,48621.4
iteration,4484,10.6341,10.8457,48632
iteration,4485,10.2541,10.8455,48642.2
iteration,4486,10.5805,10.8455,48652.8
iteration,4487,10.7313,10.8455,48663.6
iteration,4488,10.585,10.8454,48674.1
iteration,4489,10.803,10.8454,48684.9
iteration,4490,10.7058,10.8454,48695.7
iteration,4491,10.7659,10.8453,48706.4
iteration,4492,10.7174,10.8453,48717.1
iteration,4493,10.7057,10.8453,48727.8
iteration,4494,10.6221,10.8452,48738.5
iteration,4495,10.6356,10.8452,48749.1
iteration,4496,10.7937,10.8452,48759.9
iteration,4497,10.4436,10.8451,48770.3
iteration,4498,10.9535,10.8451,48781.3
iteration,4499,10.7164,10.8451,48792
iteration,4500,10.7076,10.845,48802.7
iteration,4501,10.8104,10.845,48813.5
iteration,4502,10.8385,10.845,48824.4
iteration,4503,10.5353,10.845,48834.9
iteration,4504,10.6563,10.8449,48845.6
iteration,4505,10.6885,10.8449,48856.2
iteration,4506,10.7014,10.8449,48866.9
iteration,4507,10.1593,10.8447,48877.1
iteration,4508,10.8986,10.8447,48888
iteration,4509,10.642,10.8447,48898.6
iteration,4510,10.7449,10.8447,48909.4
iteration,4511,10.7419,10.8446,48920.1
iteration,4512,10.749,10.8446,48930.9
iteration,4513,10.9309,10.8446,48941.8
iteration,4514,10.8636,10.8446,48952.7
iteration,4515,10.5809,10.8446,48963.3
iteration,4516,10.059,10.8444,48973.3
iteration,4517,10.4938,10.8443,48983.8
iteration,4518,10.8175,10.8443,48994.6
iteration,4519,10.6372,10.8443,49005.3
iteration,4520,10.6818,10.8442,49015.9
iteration,4521,10.4847,10.8442,49026.4
iteration,4522,10.8094,10.8441,49037.2
iteration,4523,10.8607,10.8442,49048.1
iteration,4524,10.7594,10.8441,49058.9
iteration,4525,10.7175,10.8441,49069.6
iteration,4526,10.0437,10.8439,49079.6
iteration,4527,10.567,10.8439,49090.2
iteration,4528,10.8412,10.8439,49101
iteration,4529,10.5365,10.8438,49111.6
iteration,4530,10.9954,10.8438,49122.6
iteration,4531,10.8013,10.8438,49133.4
iteration,4532,10.8395,10.8438,49144.2
iteration,4533,11.0882,10.8439,49155.3
iteration,4534,10.8191,10.8439,49166.1
iteration,4535,10.8166,10.8439,49176.9
iteration,4536,10.677,10.8438,49187.6
iteration,4537,10.973,10.8439,49198.6
iteration,4538,10.5802,10.8438,49209.2
iteration,4539,10.7233,10.8438,49219.9
iteration,4540,10.0945,10.8436,49230
iteration,4541,10.824,10.8436,49240.8
iteration,4542,10.7014,10.8436,49251.5
iteration,4543,10.8517,10.8436,49262.3
iteration,4544,10.8146,10.8436,49273.2
iteration,4545,10.7162,10.8435,49283.9
iteration,4546,10.7696,10.8435,49294.6
iteration,4547,10.7371,10.8435,49305.4
iteration,4548,10.6449,10.8435,49316
iteration,4549,10.7846,10.8434,49326.8
iteration,4550,10.9716,10.8435,49337.8
iteration,4551,10.6854,10.8434,49348.5
iteration,4552,10.4373,10.8433,49358.9
iteration,4553,10.043,10.8432,49369
iteration,4554,10.595,10.8431,49379.5
iteration,4555,10.0547,10.8429,49389.6
iteration,4556,10.7871,10.8429,49400.4
iteration,4557,10.6721,10.8429,49411.1
iteration,4558,10.2715,10.8428,49421.3
iteration,4559,10.6117,10.8427,49431.9
iteration,4560,11.0381,10.8428,49443
iteration,4561,10.6044,10.8427,49453.6
iteration,4562,10.8241,10.8427,49464.4
iteration,4563,10.5736,10.8426,49475
iteration,4564,10.8999,10.8427,49485.9
iteration,4565,10.7472,10.8426,49496.6
iteration,4566,10.6114,10.8426,49507.2
iteration,4567,10.6676,10.8425,49517.9
iteration,4568,10.7339,10.8425,49528.6
iteration,4569,10.8969,10.8425,49539.5
iteration,4570,10.7733,10.8425,49550.3
iteration,4571,10.7708,10.8425,49561.1
iteration,4572,10.5983,10.8425,49571.7
iteration,4573,10.0229,10.8423,49581.7
iteration,4574,10.5384,10.8422,49592.2
iteration,4575,9.92345,10.842,49602.2
iteration,4576,10.8848,10.842,49613.1
iteration,4577,10.6987,10.842,49623.8
iteration,4578,10.8817,10.842,49634.6
iteration,4579,11.0296,10.842,49645.7
iteration,4580,10.8334,10.842,49656.5
iteration,4581,10.8625,10.842,49667.4
iteration,4582,10.6102,10.842,49678
iteration,4583,10.6608,10.8419,49688.6
iteration,4584,10.7604,10.8419,49699.4
iteration,4585,10.8325,10.8419,49710.2
iteration,4586,10.5014,10.8419,49720.7
iteration,4587,10.1765,10.8417,49730.9
iteration,4588,10.7688,10.8417,49741.7
iteration,4589,10.7932,10.8417,49752.5
iteration,4590,10.7027,10.8416,49763.2
iteration,4591,10.9842,10.8417,49774.2
iteration,4592,10.8571,10.8417,49785
iteration,4593,10.9021,10.8417,49795.9
iteration,4594,10.5652,10.8416,49806.5
iteration,4595,10.804,10.8416,49817.3
iteration,4596,11.0579,10.8417,49828.3
iteration,4597,10.5671,10.8416,49838.9
iteration,4598,10.5984,10.8416,49849.5
iteration,4599,10.7486,10.8415,49860.3
iteration,4600,10.9432,10.8416,49871.2
iteration,4601,10.1464,10.8414,49881.3
iteration,4602,10.6881,10.8414,49892
iteration,4603,11.114,10.8414,49903.1
iteration,4604,10.6812,10.8414,49913.8
iteration,4605,10.7168,10.8414,49924.5
iteration,4606,10.2046,10.8412,49934.7
iteration,4607,10.5397,10.8412,49945.3
iteration,4608,10.9988,10.8412,49956.3
iteration,4609,10.8356,10.8412,49967.1
iteration,4610,10.7687,10.8412,49977.9
iteration,4611,10.7038,10.8412,49988.6
iteration,4612,11.119,10.8412,49999.7
iteration,4613,10.845,10.8412,50010.6
iteration,4614,10.8948,10.8412,50021.5
iteration,4615,10.6937,10.8412,50032.1
iteration,4616,10.7359,10.8412,50042.9
iteration,4617,10.9401,10.8412,50053.8
iteration,4618,10.8523,10.8412,50064.7
iteration,4619,10.2518,10.8411,50074.9
iteration,4620,10.8954,10.8411,50085.8
iteration,4621,10.0319,10.8409,50095.9
iteration,4622,10.5547,10.8408,50106.4
iteration,4623,11.133,10.8409,50117.5
iteration,4624,10.7932,10.8409,50128.3
iteration,4625,10.8155,10.8409,50139.1
iteration,4626,10.6242,10.8409,50149.8
iteration,4627,10.8136,10.8408,50160.6
iteration,4628,10.5919,10.8408,50171.2
iteration,4629,10.8637,10.8408,50182
iteration,4630,10.7197,10.8408,50192.8
iteration,4631,10.759,10.8408,50203.5
iteration,4632,10.8414,10.8408,50214.4
iteration,4633,10.5945,10.8407,50225
iteration,4634,10.7368,10.8407,50235.7
iteration,4635,10.8701,10.8407,50246.6
iteration,4636,10.8999,10.8407,50257.5
iteration,4637,10.6475,10.8407,50268.1
iteration,4638,11.0855,10.8407,50279.2
iteration,4639,10.9538,10.8407,50290.2
iteration,4640,10.6427,10.8407,50300.8
iteration,4641,11.0371,10.8407,50311.8
iteration,4642,10.7479,10.8407,50322.6
iteration,4643,10.695,10.8407,50333.3
iteration,4644,10.226,10.8405,50343.5
iteration,4645,10.5598,10.8405,50354.1
iteration,4646,11.0998,10.8405,50365.2
iteration,4647,10.6625,10.8405,50375.8
iteration,4648,10.1287,10.8404,50385.9
iteration,4649,10.6118,10.8403,50396.6
iteration,4650,10.6912,10.8403,50407.3
iteration,4651,10.8089,10.8403,50418.1
iteration,4652,11.3085,10.8404,50429.4
iteration,4653,10.7962,10.8404,50440.2
iteration,4654,10.5992,10.8403,50450.8
iteration,4655,10.7276,10.8403,50461.5
iteration,4656,10.5718,10.8402,50472.1
iteration,4657,11.0158,10.8403,50483.1
iteration,4658,10.5859,10.8402,50493.7
iteration,4659,10.2027,10.8401,50503.9
iteration,4660,10.8258,10.8401,50514.7
iteration,4661,10.8921,10.8401,50525.6
iteration,4662,10.8565,10.8401,50536.4
iteration,4663,11.0674,10.8401,50547.5
iteration,4664,10.7036,10.8401,50558.2
iteration,4665,10.685,10.8401,50568.9
iteration,4666,10.7535,10.84,50579.7
iteration,4667,10.7452,10.84,50590.4
iteration,4668,10.9895,10.8401,50601.4
iteration,4669,10.9047,10.8401,50612.3
iteration,4670,10.6302,10.84,50622.9
iteration,4671,10.2358,10.8399,50633.2
iteration,4672,10.6761,10.8399,50643.8
iteration,4673,10.2959,10.8397,50654.1
iteration,4674,11.6187,10.8399,50665.7
iteration,4675,10.9929,10.8399,50676.7
iteration,4676,10.6118,10.8399,50687.4
iteration,4677,10.8699,10.8399,50698.2
iteration,4678,10.8402,10.8399,50709.1
iteration,4679,10.7116,10.8399,50719.8
iteration,4680,10.8867,10.8399,50730.7
iteration,4681,11.1576,10.84,50741.8
iteration,4682,10.8121,10.8399,50752.6
iteration,4683,10.7493,10.8399,50763.4
iteration,4684,11.1785,10.84,50774.6
iteration,4685,10.8527,10.84,50785.4
iteration,4686,10.7314,10.84,50796.1
iteration,4687,10.8977,10.84,50807
iteration,4688,11.2321,10.8401,50818.3
iteration,4689,10.8457,10.8401,50829.1
iteration,4690,10.8706,10.8401,50840
iteration,4691,10.9168,10.8401,50850.9
iteration,4692,10.9028,10.8401,50861.8
iteration,4693,10.9714,10.8401,50872.8
iteration,4694,10.8194,10.8401,50883.6
iteration,4695,11.1923,10.8402,50894.8
iteration,4696,10.8247,10.8402,50905.6
iteration,4697,10.8663,10.8402,50916.5
iteration,4698,10.8097,10.8402,50927.3
iteration,4699,10.8393,10.8402,50938.1
iteration,4700,11.1246,10.8403,50949.3
iteration,4701,11.1516,10.8403,50960.4
iteration,4702,11.0719,10.8404,50971.5
iteration,4703,11.0613,10.8404,50982.5
iteration,4704,11.2292,10.8405,50993.8
iteration,4705,10.9441,10.8405,51004.7
iteration,4706,11.0237,10.8406,51015.7
iteration,4707,11.0183,10.8406,51026.8
iteration,4708,11.0118,10.8406,51037.8
iteration,4709,11.1684,10.8407,51048.9
iteration,4710,11.0207,10.8408,51060
iteration,4711,10.8884,10.8408,51070.8
iteration,4712,10.8334,10.8408,51081.7
iteration,4713,11.2478,10.8409,51092.9
iteration,4714,10.9093,10.8409,51103.8
iteration,4715,10.7613,10.8408,51114.6
iteration,4716,11.2298,10.8409,51125.8
iteration,4717,11.0056,10.841,51136.8
iteration,4718,11.0007,10.841,51147.8
iteration,4719,11.0471,10.841,51158.9
iteration,4720,10.4419,10.841,51169.3
iteration,4721,10.6061,10.8409,51179.9
iteration,4722,10.3041,10.8408,51190.2
iteration,4723,11.7155,10.841,51201.9
iteration,4724,10.9947,10.841,51212.9
iteration,4725,10.7431,10.841,51223.7
iteration,4726,10.7598,10.841,51234.4
iteration,4727,10.8629,10.841,51245.3
iteration,4728,11.1569,10.841,51256.5
iteration,4729,10.3281,10.8409,51266.8
iteration,4730,10.9856,10.841,51277.8
iteration,4731,10.6608,10.8409,51288.4
iteration,4732,10.3215,10.8408,51298.8
iteration,4733,10.9847,10.8409,51309.7
iteration,4734,10.3107,10.8407,51320.1
iteration,4735,11.0002,10.8408,51331.1
iteration,4736,10.6247,10.8407,51341.7
iteration,4737,11.0441,10.8408,51352.7
iteration,4738,10.8849,10.8408,51363.6
iteration,4739,11.0184,10.8408,51374.6
iteration,4740,11.256,10.8409,51385.9
iteration,4741,10.9942,10.8409,51396.9
iteration,4742,10.7495,10.8409,51407.6
iteration,4743,10.337,10.8408,51418
iteration,4744,10.9994,10.8408,51429
iteration,4745,10.7473,10.8408,51439.7
iteration,4746,10.6176,10.8408,51450.3
iteration,4747,10.8745,10.8408,51461.2
iteration,4748,11.2781,10.8409,51472.5
iteration,4749,10.9636,10.8409,51483.4
iteration,4750,11.3267,10.841,51494.8
iteration,4751,10.9592,10.841,51505.7
iteration,4752,10.7774,10.841,51516.5
iteration,4753,10.9225,10.841,51527.4
iteration,4754,11.0181,10.8411,51538.5
iteration,4755,11.0051,10.8411,51549.5
iteration,4756,10.8207,10.8411,51560.3
iteration,4757,11.0715,10.8411,51571.3
iteration,4758,10.9151,10.8412,51582.3
iteration,4759,10.745,10.8411,51593
iteration,4760,11.1563,10.8412,51604.2
iteration,4761,10.9565,10.8412,51615.1
iteration,4762,10.5669,10.8412,51625.7
iteration,4763,10.9274,10.8412,51636.6
iteration,4764,11.0313,10.8412,51647.6
iteration,4765,10.7801,10.8412,51658.4
iteration,4766,10.8845,10.8412,51669.3
iteration,4767,11.024,10.8413,51680.3
iteration,4768,11.024,10.8413,51691.4
iteration,4769,11.0576,10.8414,51702.4
iteration,4770,10.7609,10.8413,51713.2
iteration,4771,11.1378,10.8414,51724.3
iteration,4772,10.8686,10.8414,51735.2
iteration,4773,11.1864,10.8415,51746.4
iteration,4774,10.1703,10.8413,51756.5
iteration,4775,10.8983,10.8413,51767.4
iteration,4776,10.0529,10.8412,51777.5
iteration,4777,11.5986,10.8413,51789.1
iteration,4778,10.979,10.8414,51800.1
iteration,4779,10.3005,10.8413,51810.4
iteration,4780,10.8486,10.8413,51821.2
iteration,4781,10.9323,10.8413,51832.2
iteration,4782,10.3496,10.8412,51842.5
iteration,4783,10.8681,10.8412,51853.4
iteration,4784,10.3097,10.8411,51863.7
iteration,4785,11.0277,10.8411,51874.7
iteration,4786,10.7571,10.8411,51885.5
iteration,4787,10.3192,10.841,51895.8
iteration,4788,11.0079,10.841,51906.8
iteration,4789,10.1688,10.8409,51917
iteration,4790,11.0481,10.8409,51928
iteration,4791,10.8362,10.8409,51938.8
iteration,4792,10.3296,10.8408,51949.2
iteration,4793,11.074,10.8409,51960.2
iteration,4794,10.075,10.8407,51970.3
iteration,4795,11.5763,10.8409,51981.9
iteration,4796,11.1135,10.8409,51993
iteration,4797,11.0214,10.8409,52004
iteration,4798,11.0153,10.841,52015
iteration,4799,11.1183,10.841,52026.2
iteration,4800,10.8746,10.8411,52037
iteration,4801,10.9389,10.8411,52048
iteration,4802,11.0803,10.8411,52059.1
iteration,4803,10.2199,10.841,52069.3
iteration,4804,10.6784,10.841,52080
iteration,4805,11.3607,10.8411,52091.3
iteration,4806,10.7779,10.8411,52102.1
iteration,4807,10.9589,10.8411,52113.1
iteration,4808,10.2603,10.841,52123.3
iteration,4809,10.6217,10.8409,52133.9
iteration,4810,10.1758,10.8408,52144.1
iteration,4811,11.0054,10.8408,52155.1
iteration,4812,10.8234,10.8408,52165.9
iteration,4813,10.9673,10.8408,52176.9
iteration,4814,11.0466,10.8409,52188
iteration,4815,10.8681,10.8409,52198.8
iteration,4816,10.7956,10.8409,52209.6
iteration,4817,10.7776,10.8409,52220.4
iteration,4818,10.8387,10.8409,52231.2
iteration,4819,11.3161,10.841,52242.6
iteration,4820,10.9181,10.841,52253.5
iteration,4821,11.0003,10.841,52264.5
iteration,4822,11.1237,10.8411,52275.6
iteration,4823,11.1467,10.8411,52286.7
iteration,4824,10.7295,10.8411,52297.5
iteration,4825,10.8139,10.8411,52308.3
iteration,4826,10.7569,10.8411,52319
iteration,4827,10.9426,10.8411,52330
iteration,4828,11.0555,10.8411,52341
iteration,4829,10.9717,10.8412,52352
iteration,4830,10.6223,10.8411,52362.6
iteration,4831,10.9399,10.8411,52373.6
iteration,4832,10.9267,10.8412,52384.5
iteration,4833,10.9809,10.8412,52395.5
iteration,4834,11.0211,10.8412,52406.5
iteration,4835,11.2117,10.8413,52417.7
iteration,4836,11.0393,10.8413,52428.8
iteration,4837,10.8487,10.8413,52439.6
iteration,4838,11.2591,10.8414,52450.9
iteration,4839,10.7417,10.8414,52461.6
iteration,4840,11.0312,10.8415,52472.6
iteration,4841,10.958,10.8415,52483.6
iteration,4842,11.1003,10.8415,52494.7
iteration,4843,11.0833,10.8416,52505.8
iteration,4844,10.8207,10.8416,52516.6
iteration,4845,10.8788,10.8416,52527.5
iteration,4846,10.8042,10.8416,52538.3
iteration,4847,11.0039,10.8416,52549.3
iteration,4848,10.2003,10.8415,52559.5
iteration,4849,10.9412,10.8415,52570.4
iteration,4850,10.3565,10.8414,52580.8
iteration,4851,10.9756,10.8414,52591.8
iteration,4852,10.9096,10.8414,52602.7
iteration,4853,10.9115,10.8415,52613.6
iteration,4854,11.2567,10.8415,52624.8
iteration,4855,10.8707,10.8415,52635.7
iteration,4856,10.8849,10.8416,52646.6
iteration,4857,11.0054,10.8416,52657.6
iteration,4858,10.9121,10.8416,52668.5
iteration,4859,10.8927,10.8416,52679.4
iteration,4860,10.7275,10.8416,52690.1
iteration,4861,10.9083,10.8416,52701
iteration,4862,10.5398,10.8415,52711.6
iteration,4863,11.3294,10.8416,52722.9
iteration,4864,10.2965,10.8415,52733.2
iteration,4865,11.5955,10.8417,52744.8
iteration,4866,10.8973,10.8417,52755.7
iteration,4867,11.2096,10.8418,52766.9
iteration,4868,11.3143,10.8419,52778.2
iteration,4869,10.9096,10.8419,52789.1
iteration,4870,10.2076,10.8418,52799.3
iteration,4871,11.045,10.8418,52810.4
iteration,4872,10.7943,10.8418,52821.2
iteration,4873,10.8503,10.8418,52832
iteration,4874,10.9541,10.8418,52843
iteration,4875,10.7437,10.8418,52853.7
iteration,4876,11.2206,10.8419,52864.9
iteration,4877,10.9422,10.8419,52875.9
iteration,4878,10.9571,10.8419,52886.8
iteration,4879,10.8526,10.8419,52897.7
iteration,4880,10.8653,10.8419,52908.6
iteration,4881,11.4827,10.842,52920
iteration,4882,11.1817,10.8421,52931.2
iteration,4883,11.0577,10.8422,52942.3
iteration,4884,10.9524,10.8422,52953.2
iteration,4885,10.3678,10.8421,52963.6
iteration,4886,10.5369,10.842,52974.1
iteration,4887,10.1874,10.8419,52984.3
iteration,4888,11.6571,10.8421,52996
iteration,4889,11.0331,10.8421,53007
iteration,4890,10.5183,10.842,53017.5
iteration,4891,10.9479,10.8421,53028.5
iteration,4892,10.9039,10.8421,53039.4
iteration,4893,10.6848,10.842,53050.1
iteration,4894,10.9617,10.8421,53061
iteration,4895,11.0604,10.8421,53072.1
iteration,4896,10.8833,10.8421,53083
iteration,4897,10.6603,10.8421,53093.6
iteration,4898,10.6425,10.842,53104.3
iteration,4899,10.8075,10.842,53115.1
iteration,4900,10.9305,10.842,53126
iteration,4901,10.9203,10.8421,53136.9
iteration,4902,11.1536,10.8421,53148.1
iteration,4903,10.8857,10.8421,53159
iteration,4904,11.181,10.8422,53170.2
iteration,4905,10.9062,10.8422,53181.1
iteration,4906,10.6375,10.8422,53191.7
iteration,4907,10.9895,10.8422,53202.7
iteration,4908,10.9111,10.8422,53213.6
iteration,4909,10.7734,10.8422,53224.4
iteration,4910,11.2085,10.8423,53235.6
iteration,4911,10.8441,10.8423,53246.4
iteration,4912,10.8871,10.8423,53257.3
iteration,4913,10.3519,10.8422,53267.7
iteration,4914,10.7527,10.8422,53278.4
iteration,4915,11.0251,10.8422,53289.4
iteration,4916,10.5911,10.8422,53300
iteration,4917,10.2289,10.842,53310.3
iteration,4918,10.5834,10.842,53320.9
iteration,4919,11.0498,10.842,53331.9
iteration,4920,10.8758,10.842,53342.8
iteration,4921,10.7165,10.842,53353.5
iteration,4922,10.9351,10.842,53364.4
iteration,4923,10.8719,10.842,53375.3
iteration,4924,10.8134,10.842,53386.1
iteration,4925,11.0252,10.8421,53397.1
iteration,4926,10.9548,10.8421,53408.1
iteration,4927,10.7069,10.8421,53418.8
iteration,4928,10.8061,10.842,53429.6
iteration,4929,10.9504,10.8421,53440.6
iteration,4930,10.9395,10.8421,53451.5
iteration,4931,11.071,10.8421,53462.6
iteration,4932,10.8641,10.8421,53473.4
iteration,4933,10.7999,10.8421,53484.2
iteration,4934,10.836,10.8421,53495.1
iteration,4935,10.7482,10.8421,53505.8
iteration,4936,10.5471,10.8421,53516.4
iteration,4937,10.853,10.8421,53527.2
iteration,4938,10.8994,10.8421,53538.1
iteration,4939,10.7664,10.842,53548.9
iteration,4940,10.9193,10.8421,53559.8
iteration,4941,10.7903,10.8421,53570.6
iteration,4942,10.723,10.842,53581.3
iteration,4943,10.9121,10.842,53592.2
iteration,4944,10.8575,10.842,53603.1
iteration,4945,10.8106,10.842,53613.9
iteration,4946,10.8071,10.842,53624.7
iteration,4947,10.9075,10.842,53635.6
iteration,4948,10.1737,10.8419,53645.8
iteration,4949,10.7312,10.8419,53656.5
iteration,4950,10.8871,10.8419,53667.4
iteration,4951,10.816,10.8419,53678.2
iteration,4952,10.7581,10.8419,53689
iteration,4953,10.7233,10.8419,53699.7
iteration,4954,10.905,10.8419,53710.6
iteration,4955,10.7695,10.8419,53721.4
iteration,4956,10.9258,10.8419,53732.3
iteration,4957,10.7288,10.8418,53743
iteration,4958,11.2513,10.8419,53754.3
iteration,4959,10.6619,10.8419,53764.9
iteration,4960,10.5667,10.8418,53775.5
iteration,4961,10.826,10.8418,53786.3
iteration,4962,10.8642,10.8418,53797.2
iteration,4963,10.8097,10.8418,53808
iteration,4964,10.8631,10.8418,53818.9
iteration,4965,10.692,10.8418,53829.6
iteration,4966,10.8742,10.8418,53840.4
iteration,4967,10.8113,10.8418,53851.2
iteration,4968,10.9731,10.8418,53862.2
iteration,4969,11.0431,10.8419,53873.3
iteration,4970,10.6861,10.8418,53883.9
iteration,4971,10.8114,10.8418,53894.8
iteration,4972,10.2846,10.8417,53905
iteration,4973,10.6446,10.8417,53915.7
iteration,4974,10.203,10.8416,53925.9
iteration,4975,10.7281,10.8415,53936.6
iteration,4976,10.6584,10.8415,53947.3
iteration,4977,10.4845,10.8414,53957.8
iteration,4978,10.6635,10.8414,53968.4
iteration,4979,11.141,10.8414,53979.6
iteration,4980,10.7763,10.8414,53990.3
iteration,4981,10.2923,10.8413,54000.6
iteration,4982,10.549,10.8413,54011.2
iteration,4983,11.1673,10.8413,54022.4
iteration,4984,10.8888,10.8413,54033.2
iteration,4985,10.84,10.8413,54044.1
iteration,4986,11.1683,10.8414,54055.3
iteration,4987,10.7366,10.8414,54066
iteration,4988,10.7425,10.8414,54076.7
iteration,4989,10.9213,10.8414,54087.7
iteration,4990,11.0892,10.8414,54098.7
iteration,4991,10.6633,10.8414,54109.4
iteration,4992,11.255,10.8415,54120.7
iteration,4993,10.8213,10.8415,54131.5
iteration,4994,10.6888,10.8414,54142.2
iteration,4995,11.0779,10.8415,54153.2
iteration,4996,10.8409,10.8415,54164.1
iteration,4997,10.2081,10.8414,54174.3
iteration,4998,11.2127,10.8414,54185.5
iteration,4999,10.8463,10.8414,54196.4
iteration,5000,10.8129,10.8414,54207.2
iteration,5001,10.8129,10.8414,54218
iteration,5002,11.3435,10.8415,54229.3
iteration,5003,10.8768,10.8415,54240.2
iteration,5004,10.7332,10.8415,54250.9
iteration,5005,10.8561,10.8415,54261.8
iteration,5006,10.8341,10.8415,54272.6
iteration,5007,10.7104,10.8415,54283.3
iteration,5008,11.0434,10.8415,54294.4
iteration,5009,10.6958,10.8415,54305.1
iteration,5010,10.3635,10.8414,54315.4
iteration,5011,11.2622,10.8415,54326.7
iteration,5012,10.7257,10.8415,54337.4
iteration,5013,10.7191,10.8414,54348.1
iteration,5014,10.862,10.8414,54359
iteration,5015,10.482,10.8414,54369.5
iteration,5016,11.0011,10.8414,54380.5
iteration,5017,10.0417,10.8412,54390.5
iteration,5018,11.2304,10.8413,54401.8
iteration,5019,10.9963,10.8414,54412.8
iteration,5020,11.0098,10.8414,54423.8
iteration,5021,10.8024,10.8414,54434.6
iteration,5022,10.7307,10.8414,54445.3
iteration,5023,11.1293,10.8414,54456.4
iteration,5024,10.856,10.8414,54467.3
iteration,5025,10.668,10.8414,54478
iteration,5026,10.8856,10.8414,54488.8
iteration,5027,11.0152,10.8414,54499.9
iteration,5028,10.8047,10.8414,54510.7
iteration,5029,10.7634,10.8414,54521.4
iteration,5030,10.809,10.8414,54532.2
iteration,5031,10.7836,10.8414,54543
iteration,5032,10.8724,10.8414,54553.9
iteration,5033,10.8989,10.8414,54564.8
iteration,5034,10.7747,10.8414,54575.6
iteration,5035,10.6347,10.8413,54586.2
iteration,5036,10.1265,10.8412,54596.3
iteration,5037,10.6473,10.8412,54607
iteration,5038,10.9541,10.8412,54617.9
iteration,5039,10.4424,10.8411,54628.4
iteration,5040,10.5178,10.841,54638.9
iteration,5041,10.7758,10.841,54649.7
iteration,5042,10.6876,10.841,54660.3
iteration,5043,10.9945,10.841,54671.3
iteration,5044,10.5678,10.841,54681.9
iteration,5045,11.2241,10.8411,54693.1
iteration,5046,10.7289,10.841,54703.9
iteration,5047,10.7438,10.841,54714.6
iteration,5048,10.5314,10.841,54725.1
iteration,5049,10.9356,10.841,54736.1
iteration,5050,10.4089,10.8409,54746.5
iteration,5051,10.0949,10.8407,54756.6
iteration,5052,10.5978,10.8407,54767.2
iteration,5053,10.1943,10.8406,54777.4
iteration,5054,10.8824,10.8406,54788.3
iteration,5055,10.5481,10.8405,54798.8
iteration,5056,10.9605,10.8405,54809.8
iteration,5057,10.645,10.8405,54820.4
iteration,5058,10.7388,10.8405,54831.1
iteration,5059,11.2213,10.8406,54842.4
iteration,5060,10.8594,10.8406,54853.2
iteration,5061,10.5801,10.8405,54863.8
iteration,5062,10.9819,10.8405,54874.8
iteration,5063,10.6363,10.8405,54885.4
iteration,5064,11.1044,10.8405,54896.5
iteration,5065,10.2458,10.8404,54906.8
iteration,5066,10.7555,10.8404,54917.5
iteration,5067,10.7858,10.8404,54928.3
iteration,5068,10.208,10.8403,54938.5
iteration,5069,10.4752,10.8402,54949
iteration,5070,10.3444,10.8401,54959.3
iteration,5071,11.0031,10.8401,54970.3
iteration,5072,10.5376,10.8401,54980.9
iteration,5073,10.1791,10.8399,54991.1
iteration,5074,10.5357,10.8399,55001.6
iteration,5075,10.3862,10.8398,55012
iteration,5076,10.7584,10.8398,55022.7
iteration,5077,10.5234,10.8397,55033.3
iteration,5078,11.1356,10.8398,55044.4
iteration,5079,10.199,10.8397,55054.6
iteration,5080,10.6919,10.8396,55065.3
iteration,5081,10.7525,10.8396,55076
iteration,5082,10.2719,10.8395,55086.3
iteration,5083,10.8975,10.8395,55097.2
iteration,5084,10.7027,10.8395,55107.9
iteration,5085,10.7882,10.8395,55118.7
iteration,5086,10.6101,10.8394,55129.3
iteration,5087,11.2238,10.8395,55140.5
iteration,5088,10.7396,10.8395,55151.3
iteration,5089,10.8111,10.8395,55162.1
iteration,5090,10.8312,10.8395,55172.9
iteration,5091,10.5093,10.8394,55183.4
iteration,5092,10.9715,10.8394,55194.4
iteration,5093,10.7043,10.8394,55205.1
iteration,5094,10.5659,10.8394,55215.7
iteration,5095,10.8759,10.8394,55226.5
iteration,5096,10.0669,10.8392,55236.6
iteration,5097,11.0814,10.8393,55247.7
iteration,5098,10.7329,10.8392,55258.4
iteration,5099,10.6574,10.8392,55269.1
iteration,5100,10.0772,10.8391,55279.2
iteration,5101,10.6542,10.839,55289.8
iteration,5102,10.8193,10.839,55300.6
iteration,5103,10.8795,10.839,55311.5
iteration,5104,10.6338,10.839,55322.2
iteration,5105,10.678,10.8389,55332.8
iteration,5106,10.7805,10.8389,55343.6
iteration,5107,11.0254,10.839,55354.6
iteration,5108,10.7208,10.8389,55365.4
iteration,5109,10.7316,10.8389,55376.1
iteration,5110,11.0628,10.839,55387.1
iteration,5111,9.95062,10.8388,55397.1
iteration,5112,10.7091,10.8388,55407.8
iteration,5113,10.5401,10.8387,55418.3
iteration,5114,11.1039,10.8388,55429.5
iteration,5115,10.6774,10.8387,55440.1
iteration,5116,10.4979,10.8387,55450.6
iteration,5117,10.9463,10.8387,55461.6
iteration,5118,10.7307,10.8387,55472.3
iteration,5119,10.0615,10.8385,55482.4
iteration,5120,10.9431,10.8385,55493.3
iteration,5121,10.7719,10.8385,55504.1
iteration,5122,10.6203,10.8385,55514.7
iteration,5123,10.7309,10.8385,55525.4
iteration,5124,10.176,10.8383,55535.6
iteration,5125,11.0578,10.8384,55546.7
iteration,5126,10.5634,10.8383,55557.2
iteration,5127,10.5825,10.8383,55567.8
iteration,5128,10.4118,10.8382,55578.2
iteration,5129,10.8125,10.8382,55589
iteration,5130,9.92361,10.838,55599
iteration,5131,10.7059,10.838,55609.7
iteration,5132,10.843,10.838,55620.5
iteration,5133,10.3176,10.8379,55630.8
iteration,5134,10.9028,10.8379,55641.7
iteration,5135,9.95977,10.8377,55651.7
iteration,5136,10.5047,10.8377,55662.2
iteration,5137,10.5134,10.8376,55672.7
iteration,5138,11.5913,10.8377,55684.3
iteration,5139,9.97794,10.8376,55694.3
iteration,5140,11.4523,10.8377,55705.7
iteration,5141,10.7088,10.8377,55716.4
iteration,5142,10.1388,10.8375,55726.6
iteration,5143,10.6941,10.8375,55737.3
iteration,5144,10.6957,10.8375,55748
iteration,5145,10.4863,10.8374,55758.5
iteration,5146,9.98073,10.8372,55768.4
iteration,5147,10.6285,10.8372,55779.1
iteration,5148,10.0898,10.8371,55789.2
iteration,5149,10.7971,10.837,55799.9
iteration,5150,10.513,10.837,55810.5
iteration,5151,10.2944,10.8369,55820.8
iteration,5152,10.6557,10.8368,55831.4
iteration,5153,10.0029,10.8367,55841.4
iteration,5154,10.4773,10.8366,55851.9
iteration,5155,10.5174,10.8365,55862.4
iteration,5156,10.5926,10.8365,55873
iteration,5157,10.0522,10.8363,55883.1
iteration,5158,10.9442,10.8364,55894
iteration,5159,10.6552,10.8363,55904.7
iteration,5160,10.6446,10.8363,55915.3
iteration,5161,10.9059,10.8363,55926.2
iteration,5162,10.8364,10.8363,55937
iteration,5163,10.9041,10.8363,55947.9
iteration,5164,10.8111,10.8363,55958.8
iteration,5165,10.7414,10.8363,55969.5
iteration,5166,10.1372,10.8362,55979.6
iteration,5167,10.6306,10.8361,55990.3
iteration,5168,10.1649,10.836,56000.4
iteration,5169,10.7553,10.836,56011.2
iteration,5170,10.4897,10.8359,56021.7
iteration,5171,10.8294,10.8359,56032.5
iteration,5172,10.7943,10.8359,56043.3
iteration,5173,10.6631,10.8359,56054
iteration,5174,10.6197,10.8358,56064.6
iteration,5175,10.5776,10.8358,56075.2
iteration,5176,10.7117,10.8358,56085.9
iteration,5177,10.9791,10.8358,56096.9
iteration,5178,10.7754,10.8358,56107.6
iteration,5179,10.6593,10.8357,56118.3
iteration,5180,10.7606,10.8357,56129
iteration,5181,10.626,10.8357,56139.7
iteration,5182,10.8998,10.8357,56150.6
iteration,5183,10.7944,10.8357,56161.4
iteration,5184,10.7947,10.8357,56172.2
iteration,5185,11.1019,10.8357,56183.3
iteration,5186,10.7425,10.8357,56194
iteration,5187,10.4955,10.8356,56204.5
iteration,5188,10.9218,10.8357,56215.4
iteration,5189,10.8955,10.8357,56226.3
iteration,5190,10.7323,10.8357,56237.1
iteration,5191,10.119,10.8355,56247.2
iteration,5192,10.6799,10.8355,56257.8
iteration,5193,10.2366,10.8354,56268.1
iteration,5194,10.7882,10.8354,56278.9
iteration,5195,10.6804,10.8353,56289.6
iteration,5196,10.1244,10.8352,56299.7
iteration,5197,10.5952,10.8351,56310.3
iteration,5198,10.7052,10.8351,56321
iteration,5199,10.6535,10.8351,56331.6
iteration,5200,10.2048,10.835,56341.8
iteration,5201,10.7572,10.835,56352.6
iteration,5202,10.0582,10.8348,56362.7
iteration,5203,11.3646,10.8349,56374
iteration,5204,10.9575,10.8349,56385
iteration,5205,10.7605,10.8349,56395.7
iteration,5206,10.1091,10.8348,56405.8
iteration,5207,10.7718,10.8348,56416.6
iteration,5208,10.2079,10.8346,56426.8
iteration,5209,10.9545,10.8347,56437.8
iteration,5210,10.7264,10.8346,56448.5
iteration,5211,10.2833,10.8345,56458.8
iteration,5212,11.0732,10.8346,56469.9
iteration,5213,10.2575,10.8345,56480.1
iteration,5214,10.9834,10.8345,56491.1
iteration,5215,10.8777,10.8345,56502
iteration,5216,10.7298,10.8345,56512.7
iteration,5217,10.8261,10.8345,56523.5
iteration,5218,10.699,10.8345,56534.2
iteration,5219,11.0768,10.8345,56545.3
iteration,5220,10.9052,10.8345,56556.2
iteration,5221,10.8462,10.8345,56567.1
iteration,5222,11.0621,10.8346,56578.1
iteration,5223,10.8684,10.8346,56589
iteration,5224,10.767,10.8346,56599.8
iteration,5225,10.243,10.8345,56610
iteration,5226,10.6942,10.8344,56620.7
iteration,5227,10.333,10.8343,56631
iteration,5228,10.784,10.8343,56641.8
iteration,5229,10.9247,10.8343,56652.7
iteration,5230,11.0109,10.8344,56663.8
iteration,5231,11.1517,10.8344,56674.9
iteration,5232,10.7104,10.8344,56685.6
iteration,5233,11.1862,10.8345,56696.8
iteration,5234,11.014,10.8345,56707.8
iteration,5235,10.7978,10.8345,56718.6
iteration,5236,10.3381,10.8344,56728.9
iteration,5237,10.7195,10.8344,56739.7
iteration,5238,10.5409,10.8343,56750.2
iteration,5239,10.8197,10.8343,56761
iteration,5240,10.8975,10.8343,56771.9
iteration,5241,10.2313,10.8342,56782.2
iteration,5242,10.8344,10.8342,56793
iteration,5243,11.2065,10.8343,56804.2
iteration,5244,10.8986,10.8343,56815.1
iteration,5245,11.0291,10.8343,56826.1
iteration,5246,10.7752,10.8343,56836.9
iteration,5247,10.8856,10.8343,56847.8
iteration,5248,11.0487,10.8344,56858.8
iteration,5249,10.3315,10.8343,56869.2
iteration,5250,10.8078,10.8343,56880
iteration,5251,11.2269,10.8344,56891.2
iteration,5252,11.1037,10.8344,56902.3
iteration,5253,11.0092,10.8344,56913.3
iteration,5254,10.7396,10.8344,56924.1
iteration,5255,10.9777,10.8344,56935
iteration,5256,11.3104,10.8345,56946.3
iteration,5257,11.1854,10.8346,56957.5
iteration,5258,10.8825,10.8346,56968.4
iteration,5259,10.8721,10.8346,56979.3
iteration,5260,10.8336,10.8346,56990.1
iteration,5261,10.7971,10.8346,57000.9
iteration,5262,10.9558,10.8346,57011.9
iteration,5263,11.0071,10.8347,57022.9
iteration,5264,10.6656,10.8346,57033.5
iteration,5265,11.3334,10.8347,57044.9
iteration,5266,11.0029,10.8348,57055.9
iteration,5267,10.7983,10.8348,57066.7
iteration,5268,11.0368,10.8348,57077.7
iteration,5269,10.8078,10.8348,57088.5
iteration,5270,10.9708,10.8348,57099.5
iteration,5271,10.7099,10.8348,57110.2
iteration,5272,11.2665,10.8349,57121.5
iteration,5273,10.8758,10.8349,57132.3
iteration,5274,10.8671,10.8349,57143.2
iteration,5275,10.9671,10.8349,57154.2
iteration,5276,10.9042,10.8349,57165.1
iteration,5277,11.0247,10.835,57176.1
iteration,5278,10.7396,10.8349,57186.8
iteration,5279,11.3036,10.835,57198.2
iteration,5280,10.7509,10.835,57208.9
iteration,5281,10.8675,10.835,57219.8
iteration,5282,10.8501,10.835,57230.6
iteration,5283,10.8823,10.835,57241.5
iteration,5284,10.3936,10.835,57251.9
iteration,5285,10.9979,10.835,57262.9
iteration,5286,10.7968,10.835,57273.7
iteration,5287,10.9306,10.835,57284.6
iteration,5288,10.9835,10.835,57295.6
iteration,5289,10.959,10.835,57306.6
iteration,5290,11.0086,10.8351,57317.6
iteration,5291,11.1539,10.8351,57328.7
iteration,5292,10.8616,10.8351,57339.6
iteration,5293,10.8129,10.8351,57350.4
iteration,5294,10.7869,10.8351,57361.2
iteration,5295,10.3715,10.835,57371.6
iteration,5296,10.859,10.835,57382.4
iteration,5297,11.0818,10.8351,57393.5
iteration,5298,10.7803,10.8351,57404.3
iteration,5299,11.1184,10.8351,57415.4
iteration,5300,10.9321,10.8352,57426.3
iteration,5301,10.8032,10.8352,57437.1
iteration,5302,10.9441,10.8352,57448.1
iteration,5303,11.0084,10.8352,57459.1
iteration,5304,11.2392,10.8353,57470.3
iteration,5305,10.8818,10.8353,57481.2
iteration,5306,10.8211,10.8353,57492
iteration,5307,10.9602,10.8353,57503
iteration,5308,10.8181,10.8353,57513.8
iteration,5309,11.0458,10.8353,57524.9
iteration,5310,10.4108,10.8353,57535.3
iteration,5311,11.19,10.8353,57546.5
iteration,5312,10.809,10.8353,57557.3
iteration,5313,11.3153,10.8354,57568.6
iteration,5314,10.9577,10.8354,57579.5
iteration,5315,11.2977,10.8355,57590.8
iteration,5316,10.3347,10.8354,57601.2
iteration,5317,11.0803,10.8355,57612.2
iteration,5318,10.9149,10.8355,57623.2
iteration,5319,11.0782,10.8355,57634.2
iteration,5320,10.8431,10.8355,57645.1
iteration,5321,11.3845,10.8356,57656.5
iteration,5322,10.83,10.8356,57667.3
iteration,5323,11.4743,10.8358,57678.8
iteration,5324,10.8281,10.8358,57689.6
iteration,5325,11.1033,10.8358,57700.7
iteration,5326,10.868,10.8358,57711.6
iteration,5327,10.9623,10.8358,57722.5
iteration,5328,10.9269,10.8359,57733.5
iteration,5329,11.3346,10.836,57744.8
iteration,5330,10.8288,10.836,57755.6
iteration,5331,10.8395,10.836,57766.5
iteration,5332,10.5143,10.8359,57777
iteration,5333,11.0833,10.8359,57788.1
iteration,5334,10.7998,10.8359,57798.9
iteration,5335,10.4477,10.8359,57809.3
iteration,5336,10.9318,10.8359,57820.2
iteration,5337,10.2977,10.8358,57830.5
iteration,5338,11.0501,10.8358,57841.6
iteration,5339,10.9187,10.8358,57852.5
iteration,5340,10.4132,10.8358,57862.9
iteration,5341,10.7741,10.8357,57873.7
iteration,5342,11.0751,10.8358,57884.8
iteration,5343,10.9193,10.8358,57895.7
iteration,5344,10.7144,10.8358,57906.4
iteration,5345,10.2566,10.8357,57916.7
iteration,5346,11.0019,10.8357,57927.7
iteration,5347,10.574,10.8357,57938.2
iteration,5348,10.9569,10.8357,57949.2
iteration,5349,11.2022,10.8357,57960.4
iteration,5350,10.7867,10.8357,57971.2
iteration,5351,11.1928,10.8358,57982.4
iteration,5352,10.855,10.8358,57993.2
iteration,5353,10.9668,10.8358,58004.2
iteration,5354,10.7832,10.8358,58015
iteration,5355,10.9447,10.8358,58025.9
iteration,5356,10.9524,10.8359,58036.9
iteration,5357,11.2907,10.8359,58048.2
iteration,5358,10.7112,10.8359,58058.9
iteration,5359,10.9259,10.8359,58069.8
iteration,5360,10.7449,10.8359,58080.5
iteration,5361,10.8678,10.8359,58091.4
iteration,5362,11.0277,10.836,58102.4
iteration,5363,11.1206,10.836,58113.6
iteration,5364,11.0923,10.8361,58124.7
iteration,5365,10.879,10.8361,58135.5
iteration,5366,10.9955,10.8361,58146.5
iteration,5367,10.9514,10.8361,58157.5
iteration,5368,10.2902,10.836,58167.8
iteration,5369,10.88,10.836,58178.7
iteration,5370,10.5065,10.836,58189.2
iteration,5371,10.9307,10.836,58200.1
iteration,5372,10.9727,10.836,58211.1
iteration,5373,10.162,10.8359,58221.2
iteration,5374,10.7182,10.8359,58231.9
iteration,5375,11.0332,10.8359,58243
iteration,5376,11.0036,10.8359,58254
iteration,5377,10.8509,10.8359,58264.8
iteration,5378,10.8415,10.8359,58275.7
iteration,5379,11.0266,10.836,58286.7
iteration,5380,10.807,10.836,58297.5
iteration,5381,11.0677,10.836,58308.6
iteration,5382,10.6491,10.836,58319.2
iteration,5383,11.5532,10.8361,58330.8
iteration,5384,11.0716,10.8362,58341.8
iteration,5385,11.0355,10.8362,58352.9
iteration,5386,10.9923,10.8362,58363.9
iteration,5387,10.7108,10.8362,58374.6
iteration,5388,11.1115,10.8362,58385.7
iteration,5389,11.075,10.8363,58396.8
iteration,5390,10.8872,10.8363,58407.7
iteration,5391,10.9343,10.8363,58418.6
iteration,5392,10.9006,10.8363,58429.5
iteration,5393,10.9357,10.8363,58440.4
iteration,5394,10.7751,10.8363,58451.2
iteration,5395,11.2399,10.8364,58462.4
iteration,5396,11.0003,10.8364,58473.4
iteration,5397,11.1394,10.8365,58484.6
iteration,5398,10.3576,10.8364,58494.9
iteration,5399,10.8892,10.8364,58505.8
iteration,5400,11.2462,10.8365,58517.1
iteration,5401,10.7969,10.8365,58527.9
iteration,5402,11.0138,10.8365,58538.9
iteration,5403,11.4698,10.8366,58550.4
iteration,5404,10.8781,10.8366,58561.2
iteration,5405,11.1028,10.8367,58572.3
iteration,5406,10.8884,10.8367,58583.2
iteration,5407,10.2038,10.8366,58593.4
iteration,5408,10.7347,10.8366,58604.2
iteration,5409,10.475,10.8365,58614.6
iteration,5410,11.0141,10.8365,58625.7
iteration,5411,11.0498,10.8366,58636.7
iteration,5412,11.4067,10.8367,58648.1
iteration,5413,10.9074,10.8367,58659
iteration,5414,10.9583,10.8367,58670
iteration,5415,11.077,10.8368,58681.1
iteration,5416,11.0932,10.8368,58692.1
iteration,5417,11.0349,10.8368,58703.2
iteration,5418,10.9393,10.8369,58714.1
iteration,5419,11.1372,10.8369,58725.3
iteration,5420,11.599,10.8371,58736.9
iteration,5421,10.9289,10.8371,58747.8
iteration,5422,11.1953,10.8371,58759
iteration,5423,10.5443,10.8371,58769.5
iteration,5424,11.0656,10.8371,58780.6
iteration,5425,11.2272,10.8372,58791.8
iteration,5426,11.0347,10.8372,58802.9
iteration,5427,11.225,10.8373,58814.1
iteration,5428,11.1873,10.8374,58825.3
iteration,5429,10.7942,10.8374,58836.1
iteration,5430,10.9948,10.8374,58847.1
iteration,5431,11.1064,10.8374,58858.2
iteration,5432,11.08,10.8375,58869.2
iteration,5433,10.9888,10.8375,58880.2
iteration,5434,10.9574,10.8375,58891.2
iteration,5435,10.8091,10.8375,58902
iteration,5436,11.0908,10.8376,58913.1
iteration,5437,10.711,10.8376,58923.8
iteration,5438,10.9394,10.8376,58934.7
iteration,5439,10.9834,10.8376,58945.7
iteration,5440,10.1743,10.8375,58955.9
iteration,5441,11.0229,10.8375,58966.9
iteration,5442,10.0723,10.8374,58977
iteration,5443,11.1882,10.8374,58988.2
iteration,5444,11.0012,10.8375,58999.2
iteration,5445,10.9243,10.8375,59010.1
iteration,5446,10.9249,10.8375,59021
iteration,5447,10.8508,10.8375,59031.9
iteration,5448,11.0044,10.8375,59042.9
iteration,5449,10.8579,10.8375,59053.7
iteration,5450,10.1969,10.8374,59063.9
iteration,5451,10.8271,10.8374,59074.8
iteration,5452,10.1794,10.8373,59084.9
iteration,5453,10.6748,10.8373,59095.6
iteration,5454,10.6696,10.8372,59106.3
iteration,5455,10.2803,10.8371,59116.6
iteration,5456,10.9453,10.8372,59127.5
iteration,5457,10.0639,10.837,59137.6
iteration,5458,10.7451,10.837,59148.3
iteration,5459,10.7553,10.837,59159.1
iteration,5460,10.7311,10.837,59169.8
iteration,5461,10.1003,10.8368,59179.9
iteration,5462,10.9442,10.8368,59190.9
iteration,5463,9.93834,10.8367,59200.8
iteration,5464,10.7531,10.8367,59211.5
iteration,5465,10.7827,10.8367,59222.3
iteration,5466,11.3344,10.8367,59233.7
iteration,5467,10.6442,10.8367,59244.3
iteration,5468,10.2442,10.8366,59254.6
iteration,5469,10.7042,10.8366,59265.3
iteration,5470,10.3062,10.8365,59275.6
iteration,5471,10.6201,10.8364,59286.2
iteration,5472,10.6866,10.8364,59296.9
iteration,5473,10.6558,10.8364,59307.5
iteration,5474,10.7738,10.8364,59318.3
iteration,5475,10.8307,10.8364,59329.1
iteration,5476,10.5374,10.8363,59339.7
iteration,5477,10.3104,10.8362,59350
iteration,5478,10.6894,10.8362,59360.7
iteration,5479,10.6746,10.8362,59371.3
iteration,5480,10.5774,10.8361,59381.9
iteration,5481,10.1539,10.836,59392.1
iteration,5482,10.7517,10.836,59402.8
iteration,5483,10.5704,10.8359,59413.4
iteration,5484,10.7938,10.8359,59424.2
iteration,5485,10.7953,10.8359,59435
iteration,5486,10.8347,10.8359,59445.8
iteration,5487,10.5883,10.8359,59456.4
iteration,5488,10.6908,10.8358,59467.1
iteration,5489,10.6022,10.8358,59477.7
iteration,5490,10.7416,10.8358,59488.4
iteration,5491,10.7207,10.8358,59499.2
iteration,5492,10.7109,10.8357,59509.9
iteration,5493,10.4892,10.8357,59520.4
iteration,5494,10.5121,10.8356,59530.9
iteration,5495,10.8633,10.8356,59541.7
iteration,5496,10.8853,10.8356,59552.6
iteration,5497,10.5212,10.8356,59563.1
iteration,5498,10.9094,10.8356,59574.1
iteration,5499,10.6456,10.8356,59584.7
iteration,5500,10.6424,10.8355,59595.3
iteration,5501,10.7116,10.8355,59606.1
iteration,5502,10.7517,10.8355,59616.8
iteration,5503,10.5647,10.8354,59627.4
iteration,5504,10.7091,10.8354,59638.1
iteration,5505,10.4542,10.8353,59648.5
iteration,5506,10.8275,10.8353,59659.4
iteration,5507,10.5746,10.8353,59669.9
iteration,5508,10.6381,10.8353,59680.6
iteration,5509,10.4074,10.8352,59691
iteration,5510,10.4076,10.8351,59701.4
iteration,5511,10.7612,10.8351,59712.2
iteration,5512,10.9259,10.8351,59723.1
iteration,5513,10.6321,10.8351,59733.7
iteration,5514,10.5382,10.835,59744.2
iteration,5515,10.5557,10.835,59754.8
iteration,5516,10.7103,10.8349,59765.5
iteration,5517,10.6313,10.8349,59776.1
iteration,5518,10.4823,10.8348,59786.6
iteration,5519,10.6997,10.8348,59797.3
iteration,5520,10.5428,10.8348,59807.9
iteration,5521,10.6349,10.8347,59818.5
iteration,5522,10.5401,10.8347,59829
iteration,5523,11.0638,10.8347,59840.1
iteration,5524,10.4695,10.8346,59850.6
iteration,5525,10.9338,10.8347,59861.5
iteration,5526,11.0923,10.8347,59872.6
iteration,5527,10.7009,10.8347,59883.3
iteration,5528,10.8566,10.8347,59894.2
iteration,5529,10.4198,10.8346,59904.6
iteration,5530,10.497,10.8346,59915.1
iteration,5531,10.1653,10.8344,59925.2
iteration,5532,10.3957,10.8344,59935.6
iteration,5533,10.9201,10.8344,59946.6
iteration,5534,10.5085,10.8343,59957.1
iteration,5535,10.6445,10.8343,59967.7
iteration,5536,10.6208,10.8342,59978.3
iteration,5537,11.0234,10.8343,59989.4
iteration,5538,10.4994,10.8342,59999.9
iteration,5539,10.1058,10.8341,60010
iteration,5540,10.6978,10.8341,60020.7
iteration,5541,10.8407,10.8341,60031.5
iteration,5542,10.8797,10.8341,60042.4
iteration,5543,10.5591,10.834,60052.9
iteration,5544,10.5232,10.834,60063.5
iteration,5545,10.8463,10.834,60074.3
iteration,5546,10.029,10.8338,60084.3
iteration,5547,11.4299,10.8339,60095.8
iteration,5548,10.8275,10.8339,60106.6
iteration,5549,10.5996,10.8339,60117.2
iteration,5550,10.6469,10.8338,60127.8
iteration,5551,10.9605,10.8339,60138.8
iteration,5552,10.6223,10.8338,60149.4
iteration,5553,10.6624,10.8338,60160.1
iteration,5554,11.0696,10.8338,60171.2
iteration,5555,10.8417,10.8338,60182
iteration,5556,10.7273,10.8338,60192.7
iteration,5557,10.6686,10.8338,60203.4
iteration,5558,10.0046,10.8336,60213.4
iteration,5559,10.6046,10.8336,60224
iteration,5560,11.0395,10.8336,60235
iteration,5561,10.5227,10.8336,60245.6
iteration,5562,10.073,10.8334,60255.6
iteration,5563,10.5116,10.8334,60266.1
iteration,5564,10.7409,10.8334,60276.9
iteration,5565,10.5241,10.8333,60287.4
iteration,5566,10.0065,10.8332,60297.4
iteration,5567,10.393,10.8331,60307.8
iteration,5568,10.0792,10.833,60317.9
iteration,5569,10.8408,10.833,60328.7
iteration,5570,10.5424,10.8329,60339.3
iteration,5571,10.0936,10.8328,60349.4
iteration,5572,10.2652,10.8327,60359.6
iteration,5573,10.9714,10.8327,60370.6
iteration,5574,10.4782,10.8326,60381.1
iteration,5575,10.5516,10.8326,60391.6
iteration,5576,11.0868,10.8326,60402.7
iteration,5577,10.8287,10.8326,60413.6
iteration,5578,10.5786,10.8326,60424.1
iteration,5579,10.5201,10.8325,60434.6
iteration,5580,10.0148,10.8324,60444.7
iteration,5581,10.3965,10.8323,60455.1
iteration,5582,10.6695,10.8323,60465.7
iteration,5583,10.8966,10.8323,60476.6
iteration,5584,10.7397,10.8323,60487.4
iteration,5585,10.6414,10.8322,60498
iteration,5586,10.6013,10.8322,60508.6
iteration,5587,10.5877,10.8321,60519.2
iteration,5588,10.5397,10.8321,60529.7
iteration,5589,10.7411,10.8321,60540.5
iteration,5590,9.94847,10.8319,60550.4
iteration,5591,10.4628,10.8319,60560.9
iteration,5592,10.0813,10.8317,60571
iteration,5593,10.6729,10.8317,60581.6
iteration,5594,10.8388,10.8317,60592.5
iteration,5595,11.068,10.8317,60603.6
iteration,5596,10.7353,10.8317,60614.3
iteration,5597,10.7155,10.8317,60625
iteration,5598,11.1685,10.8318,60636.2
iteration,5599,10.6625,10.8317,60646.8
iteration,5600,10.7018,10.8317,60657.5
iteration,5601,10.689,10.8317,60668.2
iteration,5602,10.7674,10.8317,60679
iteration,5603,10.6233,10.8316,60689.6
iteration,5604,10.6477,10.8316,60700.3
iteration,5605,10.7044,10.8316,60711
iteration,5606,10.8974,10.8316,60721.9
iteration,5607,10.9172,10.8316,60732.8
iteration,5608,11.1191,10.8317,60743.9
iteration,5609,10.977,10.8317,60754.9
iteration,5610,10.6234,10.8316,60765.5
iteration,5611,10.6782,10.8316,60776.2
iteration,5612,10.1758,10.8315,60786.4
iteration,5613,10.5503,10.8314,60796.9
iteration,5614,10.8544,10.8314,60807.8
iteration,5615,10.5122,10.8314,60818.3
iteration,5616,10.8959,10.8314,60829.2
iteration,5617,10.7123,10.8314,60839.9
iteration,5618,10.9379,10.8314,60850.8
iteration,5619,10.7001,10.8314,60861.5
iteration,5620,10.6056,10.8313,60872.1
iteration,5621,10.6319,10.8313,60882.8
iteration,5622,10.7818,10.8313,60893.5
iteration,5623,11.0793,10.8313,60904.6
iteration,5624,10.8157,10.8313,60915.4
iteration,5625,10.462,10.8313,60925.9
iteration,5626,10.837,10.8313,60936.7
iteration,5627,10.565,10.8312,60947.3
iteration,5628,10.9684,10.8312,60958.3
iteration,5629,10.9304,10.8313,60969.2
iteration,5630,10.6825,10.8312,60979.9
iteration,5631,10.611,10.8312,60990.5
iteration,5632,10.6518,10.8312,61001.1
iteration,5633,10.5352,10.8311,61011.7
iteration,5634,10.7964,10.8311,61022.5
iteration,5635,10.8736,10.8311,61033.3
iteration,5636,10.5435,10.8311,61043.9
iteration,5637,10.6211,10.831,61054.5
iteration,5638,10.7019,10.831,61065.2
iteration,5639,10.8316,10.831,61076
iteration,5640,10.846,10.831,61086.9
iteration,5641,10.7412,10.831,61097.6
iteration,5642,10.5622,10.8309,61108.2
iteration,5643,10.6607,10.8309,61118.9
iteration,5644,10.528,10.8309,61129.4
iteration,5645,11.1235,10.8309,61140.5
iteration,5646,10.7415,10.8309,61151.2
iteration,5647,10.8435,10.8309,61162.1
iteration,5648,10.7261,10.8309,61172.8
iteration,5649,10.6591,10.8309,61183.5
iteration,5650,10.7693,10.8308,61194.2
iteration,5651,10.9708,10.8309,61205.2
iteration,5652,10.7876,10.8309,61216
iteration,5653,10.6042,10.8308,61226.6
iteration,5654,10.9499,10.8308,61237.6
iteration,5655,10.623,10.8308,61248.2
iteration,5656,10.7589,10.8308,61258.9
iteration,5657,10.3672,10.8307,61269.3
iteration,5658,10.9913,10.8307,61280.3
iteration,5659,10.0322,10.8306,61290.3
iteration,5660,10.7089,10.8306,61301
iteration,5661,10.7287,10.8306,61311.8
iteration,5662,10.4102,10.8305,61322.2
iteration,5663,11.0883,10.8305,61333.3
iteration,5664,10.9599,10.8305,61344.2
iteration,5665,10.7544,10.8305,61355
iteration,5666,10.7098,10.8305,61365.7
iteration,5667,10.8914,10.8305,61376.6
iteration,5668,10.5203,10.8305,61387.1
iteration,5669,11.0353,10.8305,61398.1
iteration,5670,10.3986,10.8304,61408.5
iteration,5671,10.3257,10.8303,61418.9
iteration,5672,10.8006,10.8303,61429.7
iteration,5673,11.0829,10.8304,61440.7
iteration,5674,11.2025,10.8304,61451.9
iteration,5675,10.7456,10.8304,61462.7
iteration,5676,10.0389,10.8303,61472.7
iteration,5677,10.5519,10.8302,61483.3
iteration,5678,10.4609,10.8302,61493.7
iteration,5679,10.7041,10.8302,61504.4
iteration,5680,10.8628,10.8302,61515.3
iteration,5681,10.1482,10.83,61525.5
iteration,5682,10.5377,10.83,61536
iteration,5683,10.9837,10.83,61547
iteration,5684,10.678,10.83,61557.7
iteration,5685,10.857,10.83,61568.5
iteration,5686,10.654,10.83,61579.2
iteration,5687,10.821,10.83,61590
iteration,5688,10.9739,10.83,61601
iteration,5689,10.9998,10.83,61612
iteration,5690,10.6539,10.83,61622.6
iteration,5691,11.1592,10.83,61633.8
iteration,5692,10.6798,10.83,61644.5
iteration,5693,10.7216,10.83,61655.2
iteration,5694,10.8992,10.83,61666.1
iteration,5695,10.4077,10.8299,61676.5
iteration,5696,11.0261,10.83,61687.5
iteration,5697,10.7783,10.83,61698.3
iteration,5698,10.6708,10.8299,61709
iteration,5699,10.0116,10.8298,61719
iteration,5700,10.9083,10.8298,61729.9
iteration,5701,10.1737,10.8297,61740.1
iteration,5702,11.6395,10.8298,61751.7
iteration,5703,10.7048,10.8298,61762.4
iteration,5704,10.7365,10.8298,61773.1
iteration,5705,11.1961,10.8299,61784.3
iteration,5706,10.8404,10.8299,61795.2
iteration,5707,10.8332,10.8299,61806
iteration,5708,10.9383,10.8299,61816.9
iteration,5709,10.8068,10.8299,61827.7
iteration,5710,10.7608,10.8299,61838.5
iteration,5711,10.9008,10.8299,61849.4
iteration,5712,10.7607,10.8299,61860.2
iteration,5713,11.107,10.8299,61871.3
iteration,5714,10.9833,10.8299,61882.3
iteration,5715,10.788,10.8299,61893.1
iteration,5716,10.7073,10.8299,61903.8
iteration,5717,10.7941,10.8299,61914.6
iteration,5718,10.2664,10.8298,61924.8
iteration,5719,10.8501,10.8298,61935.7
iteration,5720,11.1987,10.8299,61946.9
iteration,5721,10.7893,10.8299,61957.7
iteration,5722,10.0786,10.8297,61967.7
iteration,5723,10.6869,10.8297,61978.4
iteration,5724,11.1164,10.8298,61989.5
iteration,5725,10.9421,10.8298,62000.5
iteration,5726,10.817,10.8298,62011.3
iteration,5727,10.0673,10.8296,62021.4
iteration,5728,10.7164,10.8296,62032.1
iteration,5729,11.0413,10.8297,62043.1
iteration,5730,10.985,10.8297,62054.1
iteration,5731,10.7614,10.8297,62064.9
iteration,5732,10.2341,10.8296,62075.1
iteration,5733,10.6774,10.8295,62085.8
iteration,5734,11.2199,10.8296,62097
iteration,5735,10.7812,10.8296,62107.8
iteration,5736,10.2288,10.8295,62118
iteration,5737,10.8176,10.8295,62128.8
iteration,5738,10.8019,10.8295,62139.6
iteration,5739,10.9789,10.8295,62150.6
iteration,5740,10.3765,10.8294,62161
iteration,5741,10.9789,10.8295,62172
iteration,5742,10.2986,10.8294,62182.3
iteration,5743,11.6001,10.8295,62193.9
iteration,5744,10.8465,10.8295,62204.7
iteration,5745,11.0419,10.8295,62215.8
iteration,5746,11.0629,10.8296,62226.8
iteration,5747,10.9402,10.8296,62237.8
iteration,5748,10.2896,10.8295,62248
iteration,5749,10.9524,10.8295,62259
iteration,5750,10.8194,10.8295,62269.8
iteration,5751,10.2414,10.8294,62280.1
iteration,5752,10.6427,10.8294,62290.7
iteration,5753,10.1818,10.8293,62300.9
iteration,5754,10.708,10.8293,62311.6
iteration,5755,10.8449,10.8293,62322.4
iteration,5756,11.0358,10.8293,62333.5
iteration,5757,11.1534,10.8294,62344.6
iteration,5758,10.9,10.8294,62355.5
iteration,5759,10.355,10.8293,62365.9
iteration,5760,10.5584,10.8292,62376.4
iteration,5761,10.3057,10.8292,62386.7
iteration,5762,11.5749,10.8293,62398.3
iteration,5763,10.5976,10.8292,62408.9
iteration,5764,11.1557,10.8293,62420.1
iteration,5765,10.3039,10.8292,62430.4
iteration,5766,11.5675,10.8293,62441.9
iteration,5767,10.9645,10.8294,62452.9
iteration,5768,10.791,10.8294,62463.7
iteration,5769,10.9725,10.8294,62474.7
iteration,5770,11.299,10.8295,62486
iteration,5771,10.8581,10.8295,62496.8
iteration,5772,10.3425,10.8294,62507.2
iteration,5773,10.9589,10.8294,62518.1
iteration,5774,10.4193,10.8293,62528.5
iteration,5775,11.0565,10.8294,62539.6
iteration,5776,10.8281,10.8294,62550.4
iteration,5777,11.3338,10.8295,62561.8
iteration,5778,10.9343,10.8295,62572.7
iteration,5779,11.0497,10.8295,62583.8
iteration,5780,10.9151,10.8295,62594.7
iteration,5781,10.7638,10.8295,62605.4
iteration,5782,11.1312,10.8296,62616.6
iteration,5783,10.9842,10.8296,62627.5
iteration,5784,10.8848,10.8296,62638.4
iteration,5785,10.8182,10.8296,62649.2
iteration,5786,11.1989,10.8297,62660.4
iteration,5787,10.8439,10.8297,62671.3
iteration,5788,10.8386,10.8297,62682.1
iteration,5789,10.9739,10.8297,62693.1
iteration,5790,11.0194,10.8297,62704.1
iteration,5791,10.4809,10.8297,62714.6
iteration,5792,10.8542,10.8297,62725.5
iteration,5793,10.9576,10.8297,62736.4
iteration,5794,10.775,10.8297,62747.2
iteration,5795,10.8471,10.8297,62758
iteration,5796,10.9313,10.8297,62769
iteration,5797,10.7387,10.8297,62779.7
iteration,5798,10.6945,10.8297,62790.4
iteration,5799,10.152,10.8295,62800.6
iteration,5800,11.0306,10.8296,62811.6
iteration,5801,10.3442,10.8295,62821.9
iteration,5802,11.4309,10.8296,62833.4
iteration,5803,10.7584,10.8296,62844.1
iteration,5804,10.9603,10.8296,62855.1
iteration,5805,11.1092,10.8297,62866.2
iteration,5806,10.7717,10.8297,62877
iteration,5807,10.928,10.8297,62887.9
iteration,5808,11.0259,10.8297,62898.9
iteration,5809,10.8207,10.8297,62909.7
iteration,5810,10.8698,10.8297,62920.6
iteration,5811,10.8118,10.8297,62931.4
iteration,5812,10.9099,10.8297,62942.3
iteration,5813,11.1034,10.8298,62953.4
iteration,5814,10.9263,10.8298,62964.4
iteration,5815,10.8966,10.8298,62975.3
iteration,5816,11.0555,10.8298,62986.3
iteration,5817,10.7354,10.8298,62997
iteration,5818,10.7183,10.8298,63007.8
iteration,5819,10.7676,10.8298,63018.5
iteration,5820,10.8409,10.8298,63029.4
iteration,5821,10.7083,10.8298,63040.1
iteration,5822,10.8027,10.8298,63050.9
iteration,5823,10.1311,10.8296,63061
iteration,5824,10.6142,10.8296,63071.6
iteration,5825,11.0095,10.8296,63082.6
iteration,5826,10.9073,10.8297,63093.5
iteration,5827,10.613,10.8296,63104.2
iteration,5828,10.7793,10.8296,63114.9
iteration,5829,10.8962,10.8296,63125.8
iteration,5830,10.5268,10.8296,63136.4
iteration,5831,10.8576,10.8296,63147.2
iteration,5832,10.4866,10.8295,63157.7
iteration,5833,10.9334,10.8295,63168.6
iteration,5834,10.0443,10.8294,63178.7
iteration,5835,11.3607,10.8295,63190
iteration,5836,10.8406,10.8295,63200.9
iteration,5837,10.985,10.8295,63211.9
iteration,5838,10.8192,10.8295,63222.7
iteration,5839,10.6856,10.8295,63233.4
iteration,5840,10.7817,10.8295,63244.2
iteration,5841,10.7388,10.8295,63254.9
iteration,5842,10.1752,10.8294,63265.1
iteration,5843,10.6141,10.8293,63275.7
iteration,5844,10.2509,10.8292,63285.9
iteration,5845,10.7377,10.8292,63296.7
iteration,5846,11.0778,10.8292,63307.7
iteration,5847,10.2653,10.8291,63318
iteration,5848,10.5815,10.8291,63328.6
iteration,5849,10.1911,10.829,63338.8
iteration,5850,10.7029,10.829,63349.5
iteration,5851,10.7223,10.829,63360.2
iteration,5852,10.5234,10.8289,63370.7
iteration,5853,10.7818,10.8289,63381.5
iteration,5854,10.106,10.8288,63391.6
iteration,5855,10.6494,10.8287,63402.3
iteration,5856,10.2226,10.8286,63412.5
iteration,5857,11.4479,10.8287,63423.9
iteration,5858,10.6541,10.8287,63434.6
iteration,5859,10.2091,10.8286,63444.8
iteration,5860,10.8583,10.8286,63455.7
iteration,5861,10.9482,10.8286,63466.6
iteration,5862,11.0047,10.8287,63477.6
iteration,5863,10.9483,10.8287,63488.6
iteration,5864,10.8041,10.8287,63499.4
iteration,5865,10.7045,10.8287,63510.1
iteration,5866,10.6482,10.8286,63520.7
iteration,5867,10.7118,10.8286,63531.4
iteration,5868,10.8774,10.8286,63542.3
iteration,5869,10.9561,10.8286,63553.3
iteration,5870,10.8532,10.8286,63564.1
iteration,5871,10.7789,10.8286,63574.9
iteration,5872,10.7791,10.8286,63585.7
iteration,5873,10.6815,10.8286,63596.4
iteration,5874,10.9735,10.8286,63607.3
iteration,5875,10.9709,10.8286,63618.3
iteration,5876,10.827,10.8286,63629.1
iteration,5877,10.7294,10.8286,63639.9
iteration,5878,11.2282,10.8287,63651.1
iteration,5879,10.9425,10.8287,63662
iteration,5880,10.8392,10.8287,63672.9
iteration,5881,10.7655,10.8287,63683.6
iteration,5882,10.9229,10.8287,63694.6
iteration,5883,10.6486,10.8287,63705.2
iteration,5884,10.6509,10.8287,63715.9
iteration,5885,10.877,10.8287,63726.7
iteration,5886,10.3877,10.8286,63737.1
iteration,5887,10.7774,10.8286,63747.9
iteration,5888,11.1153,10.8286,63759
iteration,5889,11.0341,10.8287,63770
iteration,5890,10.8143,10.8287,63780.9
iteration,5891,11.1788,10.8287,63792
iteration,5892,10.8576,10.8287,63802.9
iteration,5893,10.8805,10.8287,63813.8
iteration,5894,10.8597,10.8287,63824.6
iteration,5895,10.3076,10.8287,63834.9
iteration,5896,10.9814,10.8287,63845.9
iteration,5897,10.1569,10.8286,63856.1
iteration,5898,11.294,10.8287,63867.4
iteration,5899,11.1643,10.8287,63878.5
iteration,5900,10.4135,10.8286,63889
iteration,5901,11.2213,10.8287,63900.2
iteration,5902,10.6656,10.8287,63910.8
iteration,5903,10.3709,10.8286,63921.2
iteration,5904,11.0122,10.8286,63932.2
iteration,5905,11.2959,10.8287,63943.5
iteration,5906,10.9757,10.8287,63954.5
iteration,5907,11.0463,10.8288,63965.5
iteration,5908,10.8507,10.8288,63976.4
iteration,5909,10.7522,10.8288,63987.1
iteration,5910,10.2483,10.8287,63997.4
iteration,5911,10.8246,10.8287,64008.2
iteration,5912,11.029,10.8287,64019.2
iteration,5913,10.847,10.8287,64030.1
iteration,5914,10.3337,10.8286,64040.4
iteration,5915,11.0533,10.8287,64051.5
iteration,5916,10.8779,10.8287,64062.4
iteration,5917,10.9565,10.8287,64073.3
iteration,5918,10.5506,10.8286,64083.9
iteration,5919,11.2017,10.8287,64095.1
iteration,5920,10.1619,10.8286,64105.2
iteration,5921,11.6748,10.8287,64116.9
iteration,5922,10.7583,10.8287,64127.7
iteration,5923,11.0517,10.8288,64138.7
iteration,5924,10.9961,10.8288,64149.7
iteration,5925,10.993,10.8288,64160.7
iteration,5926,10.8892,10.8288,64171.6
iteration,5927,10.988,10.8288,64182.6
iteration,5928,10.7815,10.8288,64193.4
iteration,5929,10.8219,10.8288,64204.2
iteration,5930,10.9583,10.8289,64215.1
iteration,5931,11.0701,10.8289,64226.2
iteration,5932,10.7632,10.8289,64237
iteration,5933,10.8311,10.8289,64247.8
iteration,5934,11.1764,10.8289,64259
iteration,5935,10.6907,10.8289,64269.7
iteration,5936,10.5798,10.8289,64280.3
iteration,5937,10.9795,10.8289,64291.2
iteration,5938,10.2057,10.8288,64301.4
iteration,5939,10.9617,10.8288,64312.4
iteration,5940,10.7839,10.8288,64323.2
iteration,5941,10.8317,10.8288,64334
iteration,5942,10.9577,10.8288,64345
iteration,5943,10.9855,10.8289,64356
iteration,5944,11.0349,10.8289,64367
iteration,5945,10.9321,10.8289,64377.9
iteration,5946,11.0007,10.8289,64388.9
iteration,5947,11.0477,10.829,64400
iteration,5948,10.9421,10.829,64410.9
iteration,5949,11.1172,10.8291,64422
iteration,5950,11.0248,10.8291,64433.1
iteration,5951,11.0821,10.8291,64444.1
iteration,5952,11.239,10.8292,64455.4
iteration,5953,11.218,10.8293,64466.6
iteration,5954,11.0375,10.8293,64477.6
iteration,5955,10.9915,10.8293,64488.6
iteration,5956,10.8974,10.8293,64499.5
iteration,5957,11.1984,10.8294,64510.7
iteration,5958,11.1076,10.8294,64521.8
iteration,5959,10.6305,10.8294,64532.5
iteration,5960,11.1547,10.8295,64543.6
iteration,5961,10.9629,10.8295,64554.6
iteration,5962,10.4313,10.8294,64565
iteration,5963,11.0471,10.8295,64576.1
iteration,5964,10.3231,10.8294,64586.4
iteration,5965,10.8703,10.8294,64597.3
iteration,5966,11.074,10.8294,64608.3
iteration,5967,11.3307,10.8295,64619.7
iteration,5968,11.1906,10.8296,64630.8
iteration,5969,11.0068,10.8296,64641.9
iteration,5970,10.8709,10.8296,64652.7
iteration,5971,11.2298,10.8297,64664
iteration,5972,10.8636,10.8297,64674.8
iteration,5973,10.6872,10.8297,64685.5
iteration,5974,10.9452,10.8297,64696.5
iteration,5975,11.0545,10.8297,64707.5
iteration,5976,10.5134,10.8297,64718
iteration,5977,10.8411,10.8297,64728.9
iteration,5978,11.139,10.8297,64740
iteration,5979,11.1705,10.8298,64751.2
iteration,5980,11.0985,10.8298,64762.3
iteration,5981,11.1437,10.8299,64773.4
iteration,5982,10.8544,10.8299,64784.3
iteration,5983,10.9135,10.8299,64795.2
iteration,5984,10.9801,10.8299,64806.2
iteration,5985,10.4643,10.8298,64816.6
iteration,5986,10.9643,10.8299,64827.6
iteration,5987,11.1656,10.8299,64838.8
iteration,5988,10.9169,10.8299,64849.7
iteration,5989,10.921,10.83,64860.6
iteration,5990,11.0372,10.83,64871.6
iteration,5991,10.8676,10.83,64882.5
iteration,5992,11.0687,10.83,64893.6
iteration,5993,11.0155,10.8301,64904.6
iteration,5994,11.0217,10.8301,64915.6
iteration,5995,11.0817,10.8301,64926.7
iteration,5996,11.0134,10.8302,64937.7
iteration,5997,11.0449,10.8302,64948.7
iteration,5998,10.889,10.8302,64959.6
iteration,5999,10.9896,10.8302,64970.6
iteration,6000,11.0572,10.8303,64981.7
iteration,6001,10.8586,10.8303,64992.5
iteration,6002,10.4678,10.8302,65003
iteration,6003,11.117,10.8303,65014.1
iteration,6004,10.9788,10.8303,65025.1
iteration,6005,11.09,10.8303,65036.2
iteration,6006,11.0286,10.8304,65047.2
iteration,6007,11.2397,10.8304,65058.5
iteration,6008,11.1393,10.8305,65069.6
iteration,6009,11.0806,10.8305,65080.7
iteration,6010,10.8784,10.8305,65091.6
iteration,6011,10.9407,10.8306,65102.5
iteration,6012,10.8374,10.8306,65113.3
iteration,6013,10.9933,10.8306,65124.3
iteration,6014,11.0801,10.8306,65135.4
iteration,6015,11.143,10.8307,65146.6
iteration,6016,10.8178,10.8307,65157.4
iteration,6017,11.4445,10.8308,65168.8
iteration,6018,11.0006,10.8308,65179.8
iteration,6019,10.8735,10.8308,65190.7
iteration,6020,10.836,10.8308,65201.5
iteration,6021,11.1023,10.8309,65212.6
iteration,6022,10.9857,10.8309,65223.6
iteration,6023,10.6093,10.8309,65234.2
iteration,6024,11.389,10.8309,65245.6
iteration,6025,10.5898,10.8309,65256.2
iteration,6026,10.3984,10.8308,65266.6
iteration,6027,11.0364,10.8309,65277.6
iteration,6028,10.3151,10.8308,65287.9
iteration,6029,11.6415,10.8309,65299.6
iteration,6030,11.1671,10.831,65310.8
iteration,6031,11.1578,10.831,65321.9
iteration,6032,11.0073,10.8311,65332.9
iteration,6033,10.4721,10.831,65343.4
iteration,6034,11.0601,10.831,65354.5
iteration,6035,10.381,10.831,65364.8
iteration,6036,11.0688,10.831,65375.9
iteration,6037,10.9208,10.831,65386.8
iteration,6038,10.4354,10.8309,65397.3
iteration,6039,10.8989,10.831,65408.2
iteration,6040,10.4852,10.8309,65418.6
iteration,6041,11.1615,10.831,65429.8
iteration,6042,11.051,10.831,65440.9
iteration,6043,11.3976,10.8311,65452.3
iteration,6044,11.0911,10.8311,65463.3
iteration,6045,11.1062,10.8312,65474.5
iteration,6046,10.9215,10.8312,65485.4
iteration,6047,10.909,10.8312,65496.3
iteration,6048,11.005,10.8312,65507.3
iteration,6049,10.5126,10.8312,65517.8
iteration,6050,11.1852,10.8312,65529
iteration,6051,10.4268,10.8312,65539.4
iteration,6052,10.9048,10.8312,65550.3
iteration,6053,10.8624,10.8312,65561.2
iteration,6054,10.4849,10.8311,65571.7
iteration,6055,10.8003,10.8311,65582.5
iteration,6056,10.9166,10.8311,65593.4
iteration,6057,10.8125,10.8311,65604.2
iteration,6058,11.2093,10.8312,65615.4
iteration,6059,10.8941,10.8312,65626.3
iteration,6060,10.9808,10.8312,65637.3
iteration,6061,11.0098,10.8313,65648.3
iteration,6062,11.0287,10.8313,65659.3
iteration,6063,10.7723,10.8313,65670.1
iteration,6064,11.0198,10.8313,65681.1
iteration,6065,10.7873,10.8313,65691.9
iteration,6066,11.114,10.8314,65703
iteration,6067,11.0316,10.8314,65714
iteration,6068,11.1012,10.8314,65725.1
iteration,6069,11.0448,10.8315,65736.2
iteration,6070,10.7134,10.8315,65746.9
iteration,6071,10.8898,10.8315,65757.8
iteration,6072,10.9404,10.8315,65768.7
iteration,6073,10.3182,10.8314,65779.1
iteration,6074,10.9413,10.8314,65790
iteration,6075,11.2051,10.8315,65801.2
iteration,6076,10.9005,10.8315,65812.1
iteration,6077,11.3383,10.8316,65823.4
iteration,6078,10.8584,10.8316,65834.3
iteration,6079,10.9122,10.8316,65845.2
iteration,6080,11.1602,10.8316,65856.4
iteration,6081,11.2416,10.8317,65867.6
iteration,6082,10.8637,10.8317,65878.5
iteration,6083,10.9717,10.8317,65889.4
iteration,6084,10.9242,10.8318,65900.4
iteration,6085,10.8303,10.8317,65911.2
iteration,6086,10.9373,10.8318,65922.1
iteration,6087,11.0315,10.8318,65933.2
iteration,6088,11.0704,10.8318,65944.2
iteration,6089,10.9347,10.8319,65955.2
iteration,6090,10.1564,10.8317,65965.3
iteration,6091,10.7681,10.8317,65976.1
iteration,6092,9.95153,10.8316,65986
iteration,6093,11.3158,10.8317,65997.4
iteration,6094,11.052,10.8317,66008.4
iteration,6095,11.0943,10.8317,66019.5
iteration,6096,10.7237,10.8317,66030.2
iteration,6097,10.3835,10.8317,66040.6
iteration,6098,10.8372,10.8317,66051.5
iteration,6099,10.8452,10.8317,66062.3
iteration,6100,10.9532,10.8317,66073.3
iteration,6101,11.2071,10.8317,66084.5
iteration,6102,10.7486,10.8317,66095.2
iteration,6103,10.6834,10.8317,66105.9
iteration,6104,10.7788,10.8317,66116.7
iteration,6105,10.7548,10.8317,66127.4
iteration,6106,10.7649,10.8317,66138.2
iteration,6107,10.817,10.8317,66149
iteration,6108,10.6844,10.8316,66159.7
iteration,6109,11.142,10.8317,66170.8
iteration,6110,10.8311,10.8317,66181.7
iteration,6111,10.9232,10.8317,66192.6
iteration,6112,10.3403,10.8316,66202.9
iteration,6113,10.744,10.8316,66213.7
iteration,6114,11.2568,10.8317,66224.9
iteration,6115,10.8637,10.8317,66235.8
iteration,6116,10.709,10.8317,66246.5
iteration,6117,10.7113,10.8317,66257.2
iteration,6118,10.9433,10.8317,66268.2
iteration,6119,10.8281,10.8317,66279
iteration,6120,10.8047,10.8317,66289.8
iteration,6121,10.9261,10.8317,66300.7
iteration,6122,10.991,10.8317,66311.7
iteration,6123,11.0052,10.8317,66322.7
iteration,6124,10.7806,10.8317,66333.5
iteration,6125,10.9544,10.8317,66344.4
iteration,6126,11.0656,10.8318,66355.5
iteration,6127,10.1315,10.8317,66365.6
iteration,6128,10.7782,10.8317,66376.4
iteration,6129,10.8304,10.8317,66387.3
iteration,6130,10.8282,10.8317,66398.1
iteration,6131,10.9744,10.8317,66409.1
iteration,6132,10.9567,10.8317,66420
iteration,6133,10.8145,10.8317,66430.8
iteration,6134,10.9255,10.8317,66441.8
iteration,6135,10.7113,10.8317,66452.5
iteration,6136,10.8064,10.8317,66463.3
iteration,6137,10.3706,10.8316,66473.6
iteration,6138,10.9115,10.8316,66484.6
iteration,6139,10.3899,10.8316,66494.9
iteration,6140,10.2522,10.8315,66505.2
iteration,6141,10.7554,10.8315,66515.9
iteration,6142,10.0543,10.8313,66526
iteration,6143,10.7628,10.8313,66536.8
iteration,6144,10.4703,10.8313,66547.2
iteration,6145,10.6287,10.8312,66557.9
iteration,6146,10.8269,10.8312,66568.7
iteration,6147,10.1226,10.8311,66578.8
iteration,6148,10.5565,10.8311,66589.4
iteration,6149,10.242,10.831,66599.6
iteration,6150,11.7501,10.8311,66611.4
iteration,6151,10.7461,10.8311,66622.1
iteration,6152,10.2024,10.831,66632.3
iteration,6153,10.7664,10.831,66643.1
iteration,6154,9.97484,10.8309,66653.1
iteration,6155,10.7499,10.8308,66663.8
iteration,6156,10.5416,10.8308,66674.3
iteration,6157,10.2231,10.8307,66684.6
iteration,6158,10.7854,10.8307,66695.4
iteration,6159,10.9823,10.8307,66706.3
iteration,6160,10.7142,10.8307,66717
iteration,6161,10.5504,10.8306,66727.6
iteration,6162,10.0896,10.8305,66737.7
iteration,6163,10.7306,10.8305,66748.4
iteration,6164,10.5877,10.8305,66759
iteration,6165,10.9456,10.8305,66770
iteration,6166,10.5958,10.8304,66780.5
iteration,6167,10.1361,10.8303,66790.7
iteration,6168,10.5946,10.8303,66801.3
iteration,6169,10.097,10.8302,66811.4
iteration,6170,10.8518,10.8302,66822.2
iteration,6171,10.7551,10.8302,66833
iteration,6172,10.1995,10.8301,66843.2
iteration,6173,10.8429,10.8301,66854
iteration,6174,10.2647,10.83,66864.3
iteration,6175,10.7696,10.83,66875.1
iteration,6176,11.0198,10.83,66886.1
iteration,6177,10.5959,10.83,66896.7
iteration,6178,10.6014,10.8299,66907.3
iteration,6179,10.6175,10.8299,66917.9
iteration,6180,10.7452,10.8299,66928.6
iteration,6181,10.862,10.8299,66939.5
iteration,6182,10.4968,10.8298,66950
iteration,6183,10.7257,10.8298,66960.7
iteration,6184,10.4029,10.8297,66971.1
iteration,6185,10.9397,10.8298,66982.1
iteration,6186,11.016,10.8298,66993.1
iteration,6187,10.6714,10.8298,67003.8
iteration,6188,10.6757,10.8297,67014.4
iteration,6189,10.7381,10.8297,67025.2
iteration,6190,10.7942,10.8297,67036
iteration,6191,11.1636,10.8298,67047.1
iteration,6192,10.4389,10.8297,67057.6
iteration,6193,11.4032,10.8298,67069
iteration,6194,10.6701,10.8298,67079.6
iteration,6195,10.7417,10.8298,67090.4
iteration,6196,10.2065,10.8297,67100.6
iteration,6197,10.5285,10.8296,67111.1
iteration,6198,10.0875,10.8295,67121.2
iteration,6199,10.7167,10.8295,67131.9
iteration,6200,10.984,10.8295,67142.9
iteration,6201,10.101,10.8294,67153
iteration,6202,10.6529,10.8294,67163.7
iteration,6203,10.1986,10.8293,67173.9
iteration,6204,10.8464,10.8293,67184.7
iteration,6205,10.8784,10.8293,67195.6
iteration,6206,10.3001,10.8292,67205.9
iteration,6207,10.6767,10.8292,67216.6
iteration,6208,10.1298,10.829,67226.7
iteration,6209,10.7032,10.829,67237.4
iteration,6210,10.7361,10.829,67248.1
iteration,6211,10.3703,10.8289,67258.5
iteration,6212,11.0526,10.829,67269.5
iteration,6213,10.029,10.8288,67279.6
iteration,6214,10.722,10.8288,67290.3
iteration,6215,10.7014,10.8288,67301
iteration,6216,10.2246,10.8287,67311.2
iteration,6217,10.9297,10.8287,67322.2
iteration,6218,10.1759,10.8286,67332.3
iteration,6219,10.7709,10.8286,67343.1
iteration,6220,10.4068,10.8285,67353.5
iteration,6221,11.4892,10.8286,67365
iteration,6222,10.9873,10.8287,67376
iteration,6223,10.1061,10.8286,67386.1
iteration,6224,10.6591,10.8285,67396.8
iteration,6225,10.8381,10.8285,67407.6
iteration,6226,10.8409,10.8285,67418.4
iteration,6227,10.7862,10.8285,67429.2
iteration,6228,10.7224,10.8285,67439.9
iteration,6229,10.8042,10.8285,67450.7
iteration,6230,10.6885,10.8285,67461.4
iteration,6231,10.9139,10.8285,67472.3
iteration,6232,10.8939,10.8285,67483.2
iteration,6233,10.9129,10.8285,67494.2
iteration,6234,10.6756,10.8285,67504.8
iteration,6235,10.8636,10.8285,67515.7
iteration,6236,10.5868,10.8285,67526.3
iteration,6237,10.9375,10.8285,67537.2
iteration,6238,10.8838,10.8285,67548.1
iteration,6239,10.7292,10.8285,67558.8
iteration,6240,10.5848,10.8284,67569.4
iteration,6241,10.706,10.8284,67580.1
iteration,6242,10.8706,10.8284,67591
iteration,6243,10.9739,10.8284,67602
iteration,6244,11.5285,10.8286,67613.5
iteration,6245,10.6669,10.8285,67624.2
iteration,6246,10.2,10.8284,67634.4
iteration,6247,11.2319,10.8285,67645.6
iteration,6248,10.7782,10.8285,67656.4
iteration,6249,10.6142,10.8284,67667
iteration,6250,10.9362,10.8285,67677.9
iteration,6251,10.6688,10.8284,67688.6
iteration,6252,11.225,10.8285,67699.8
iteration,6253,11.001,10.8285,67710.8
iteration,6254,10.1886,10.8284,67721
iteration,6255,10.802,10.8284,67731.8
iteration,6256,10.4755,10.8284,67742.3
iteration,6257,11.1764,10.8284,67753.5
iteration,6258,10.9858,10.8285,67764.4
iteration,6259,10.8772,10.8285,67775.3
iteration,6260,10.7809,10.8285,67786.1
iteration,6261,11.0414,10.8285,67797.1
iteration,6262,11.1263,10.8285,67808.3
iteration,6263,10.923,10.8285,67819.2
iteration,6264,10.1941,10.8284,67829.4
iteration,6265,10.8103,10.8284,67840.2
iteration,6266,10.5432,10.8284,67850.7
iteration,6267,10.6176,10.8284,67861.4
iteration,6268,10.9168,10.8284,67872.3
iteration,6269,9.97141,10.8282,67882.2
iteration,6270,10.9006,10.8283,67893.1
iteration,6271,9.9914,10.8281,67903.1
iteration,6272,11.6071,10.8282,67914.7
iteration,6273,11.0138,10.8283,67925.8
iteration,6274,10.7951,10.8283,67936.6
iteration,6275,10.8877,10.8283,67947.4
iteration,6276,10.1631,10.8282,67957.6
iteration,6277,10.7671,10.8282,67968.4
iteration,6278,10.3276,10.8281,67978.7
iteration,6279,11.6973,10.8282,67990.4
iteration,6280,10.9437,10.8282,68001.3
iteration,6281,10.1283,10.8281,68011.5
iteration,6282,10.8533,10.8281,68022.3
iteration,6283,10.8198,10.8281,68033.1
iteration,6284,10.5251,10.8281,68043.7
iteration,6285,10.718,10.8281,68054.4
iteration,6286,10.2935,10.828,68064.7
iteration,6287,10.9364,10.828,68075.6
iteration,6288,10.8909,10.828,68086.5
iteration,6289,10.3574,10.8279,68096.9
iteration,6290,10.6022,10.8279,68107.5
iteration,6291,11.0075,10.8279,68118.5
iteration,6292,10.8917,10.8279,68129.4
iteration,6293,10.8696,10.8279,68140.2
iteration,6294,10.6542,10.8279,68150.9
iteration,6295,10.9857,10.8279,68161.9
iteration,6296,10.9311,10.828,68172.8
iteration,6297,10.9272,10.828,68183.7
iteration,6298,11.2552,10.828,68195
iteration,6299,10.8127,10.828,68205.8
iteration,6300,10.8118,10.828,68216.6
iteration,6301,10.4943,10.828,68227.1
iteration,6302,11.1141,10.828,68238.2
iteration,6303,11.0931,10.8281,68249.3
iteration,6304,10.8731,10.8281,68260.2
iteration,6305,11.0654,10.8281,68271.3
iteration,6306,10.8692,10.8281,68282.1
iteration,6307,10.7758,10.8281,68292.9
iteration,6308,10.8286,10.8281,68303.7
iteration,6309,10.9315,10.8281,68314.7
iteration,6310,10.7911,10.8281,68325.4
iteration,6311,11.1014,10.8282,68336.5
iteration,6312,10.8997,10.8282,68347.4
iteration,6313,10.8622,10.8282,68358.3
iteration,6314,10.259,10.8281,68368.6
iteration,6315,10.9816,10.8281,68379.6
iteration,6316,10.6075,10.8281,68390.2
iteration,6317,10.2789,10.828,68400.4
iteration,6318,10.7573,10.828,68411.2
iteration,6319,10.2789,10.8279,68421.5
iteration,6320,11.1818,10.828,68432.7
iteration,6321,10.7627,10.8279,68443.4
iteration,6322,10.2309,10.8278,68453.6
iteration,6323,11.0892,10.8279,68464.7
iteration,6324,10.9897,10.8279,68475.7
iteration,6325,10.7757,10.8279,68486.5
iteration,6326,11.0397,10.8279,68497.5
iteration,6327,10.3678,10.8279,68507.9
iteration,6328,10.9435,10.8279,68518.9
iteration,6329,10.2006,10.8278,68529.1
iteration,6330,11.3148,10.8279,68540.4
iteration,6331,10.7591,10.8279,68551.1
iteration,6332,10.9611,10.8279,68562.1
iteration,6333,10.6038,10.8278,68572.7
iteration,6334,11.1476,10.8279,68583.8
iteration,6335,10.8615,10.8279,68594.7
iteration,6336,10.9794,10.8279,68605.7
iteration,6337,10.5638,10.8279,68616.2
iteration,6338,10.9084,10.8279,68627.2
iteration,6339,11.3854,10.828,68638.5
iteration,6340,10.8178,10.828,68649.4
iteration,6341,10.8744,10.828,68660.2
iteration,6342,10.8212,10.828,68671.1
iteration,6343,10.7687,10.828,68681.8
iteration,6344,10.8607,10.828,68692.7
iteration,6345,10.3846,10.8279,68703.1
iteration,6346,11.127,10.828,68714.2
iteration,6347,10.0441,10.8278,68724.2
iteration,6348,11.5232,10.8279,68735.8
iteration,6349,10.7304,10.8279,68746.5
iteration,6350,10.8256,10.8279,68757.3
iteration,6351,11.1855,10.828,68768.5
iteration,6352,10.9502,10.828,68779.5
iteration,6353,10.6787,10.828,68790.1
iteration,6354,11.255,10.828,68801.4
iteration,6355,10.6198,10.828,68812
iteration,6356,11.2077,10.8281,68823.2
iteration,6357,10.855,10.8281,68834.1
iteration,6358,10.8235,10.8281,68844.9
iteration,6359,10.9271,10.8281,68855.8
iteration,6360,10.7984,10.8281,68866.6
iteration,6361,11.041,10.8281,68877.7
iteration,6362,10.7897,10.8281,68888.4
iteration,6363,10.6696,10.8281,68899.1
iteration,6364,10.9559,10.8281,68910.1
iteration,6365,11.0634,10.8281,68921.1
iteration,6366,10.811,10.8281,68931.9
iteration,6367,10.681,10.8281,68942.6
iteration,6368,11.0318,10.8282,68953.7
iteration,6369,10.6739,10.8281,68964.3
iteration,6370,10.9238,10.8281,68975.3
iteration,6371,10.3226,10.8281,68985.6
iteration,6372,11.0209,10.8281,68996.6
iteration,6373,10.184,10.828,69006.8
iteration,6374,10.7062,10.828,69017.5
iteration,6375,10.7868,10.828,69028.3
iteration,6376,10.4532,10.8279,69038.7
iteration,6377,11.0803,10.8279,69049.8
iteration,6378,10.7712,10.8279,69060.6
iteration,6379,10.8296,10.8279,69071.4
iteration,6380,10.2927,10.8279,69081.7
iteration,6381,10.786,10.8278,69092.5
iteration,6382,10.9859,10.8279,69103.5
iteration,6383,10.6853,10.8278,69114.2
iteration,6384,10.6117,10.8278,69124.8
iteration,6385,10.2968,10.8277,69135.1
iteration,6386,10.5656,10.8277,69145.6
iteration,6387,10.9266,10.8277,69156.6
iteration,6388,10.9739,10.8277,69167.5
iteration,6389,10.8707,10.8277,69178.4
iteration,6390,10.8182,10.8277,69189.2
iteration,6391,10.8397,10.8277,69200.1
iteration,6392,10.4421,10.8277,69210.5
iteration,6393,11.1918,10.8277,69221.7
iteration,6394,10.7742,10.8277,69232.5
iteration,6395,10.7834,10.8277,69243.3
iteration,6396,10.6753,10.8277,69253.9
iteration,6397,10.7623,10.8277,69264.7
iteration,6398,10.7868,10.8277,69275.5
iteration,6399,10.9132,10.8277,69286.4
iteration,6400,10.5768,10.8277,69297
iteration,6401,11.098,10.8277,69308.1
iteration,6402,10.7418,10.8277,69318.8
iteration,6403,10.859,10.8277,69329.7
iteration,6404,10.9897,10.8277,69340.7
iteration,6405,10.6925,10.8277,69351.4
iteration,6406,10.7759,10.8277,69362.1
iteration,6407,10.7287,10.8277,69372.9
iteration,6408,10.7416,10.8277,69383.6
iteration,6409,11.1015,10.8277,69394.7
iteration,6410,11.0218,10.8277,69405.7
iteration,6411,10.9035,10.8277,69416.6
iteration,6412,10.827,10.8277,69427.5
iteration,6413,10.7117,10.8277,69438.2
iteration,6414,10.8201,10.8277,69449
iteration,6415,10.8764,10.8277,69459.9
iteration,6416,10.9083,10.8277,69470.8
iteration,6417,10.7131,10.8277,69481.5
iteration,6418,10.1685,10.8276,69491.7
iteration,6419,10.9021,10.8276,69502.6
iteration,6420,10.8382,10.8276,69513.4
iteration,6421,10.9322,10.8276,69524.3
iteration,6422,10.8962,10.8277,69535.2
iteration,6423,11.1105,10.8277,69546.3
iteration,6424,10.8774,10.8277,69557.2
iteration,6425,10.6013,10.8277,69567.8
iteration,6426,10.8353,10.8277,69578.6
iteration,6427,10.677,10.8277,69589.3
iteration,6428,10.8286,10.8277,69600.2
iteration,6429,10.8801,10.8277,69611
iteration,6430,10.7972,10.8277,69621.8
iteration,6431,10.9022,10.8277,69632.7
iteration,6432,10.8347,10.8277,69643.6
iteration,6433,10.744,10.8277,69654.3
iteration,6434,11.2009,10.8277,69665.5
iteration,6435,10.9269,10.8277,69676.4
iteration,6436,10.2857,10.8276,69686.7
iteration,6437,11.0292,10.8277,69697.8
iteration,6438,10.8264,10.8277,69708.6
iteration,6439,10.8503,10.8277,69719.4
iteration,6440,11.0243,10.8277,69730.5
iteration,6441,11.0487,10.8277,69741.5
iteration,6442,10.9312,10.8278,69752.4
iteration,6443,10.7945,10.8278,69763.2
iteration,6444,10.7354,10.8277,69774
iteration,6445,10.7744,10.8277,69784.7
iteration,6446,10.9196,10.8277,69795.7
iteration,6447,11.1082,10.8278,69806.8
iteration,6448,10.9747,10.8278,69817.7
iteration,6449,10.8374,10.8278,69828.6
iteration,6450,11.12,10.8279,69839.7
iteration,6451,10.7405,10.8278,69850.4
iteration,6452,11.0399,10.8279,69861.5
iteration,6453,10.999,10.8279,69872.5
iteration,6454,10.9946,10.8279,69883.5
iteration,6455,10.7243,10.8279,69894.2
iteration,6456,11.4572,10.828,69905.7
iteration,6457,10.7557,10.828,69916.4
iteration,6458,10.8508,10.828,69927.3
iteration,6459,10.7902,10.828,69938
iteration,6460,10.9095,10.828,69949
iteration,6461,10.918,10.828,69959.9
iteration,6462,10.9185,10.828,69970.8
iteration,6463,11.0575,10.8281,69981.9
iteration,6464,10.8461,10.8281,69992.7
iteration,6465,10.7992,10.8281,70003.5
iteration,6466,10.4063,10.828,70013.9
iteration,6467,10.6711,10.828,70024.6
iteration,6468,10.2339,10.8279,70034.8
iteration,6469,10.9306,10.8279,70045.7
iteration,6470,10.7374,10.8279,70056.5
iteration,6471,11.2253,10.828,70067.7
iteration,6472,10.2249,10.8279,70077.9
iteration,6473,11.0069,10.8279,70088.9
iteration,6474,10.441,10.8278,70099.4
iteration,6475,11.6335,10.828,70111
iteration,6476,10.9976,10.828,70122
iteration,6477,10.7987,10.828,70132.8
iteration,6478,10.9169,10.828,70143.7
iteration,6479,11.3714,10.8281,70155.1
iteration,6480,11.035,10.8281,70166.1
iteration,6481,11.1353,10.8282,70177.3
iteration,6482,10.8521,10.8282,70188.1
iteration,6483,10.7584,10.8281,70198.9
iteration,6484,10.9647,10.8282,70209.8
iteration,6485,10.2436,10.8281,70220.1
iteration,6486,10.7341,10.8281,70230.8
iteration,6487,10.1966,10.828,70241
iteration,6488,10.9338,10.828,70251.9
iteration,6489,11.0066,10.828,70263
iteration,6490,10.8424,10.828,70273.8
iteration,6491,10.8656,10.828,70284.7
iteration,6492,10.4945,10.828,70295.2
iteration,6493,11.174,10.828,70306.3
iteration,6494,10.0884,10.8279,70316.4
iteration,6495,11.826,10.8281,70328.2
iteration,6496,10.8415,10.8281,70339.1
iteration,6497,10.8272,10.8281,70349.9
iteration,6498,11.2416,10.8281,70361.2
iteration,6499,11.0805,10.8282,70372.2
iteration,6500,11.0638,10.8282,70383.3
iteration,6501,11.1514,10.8282,70394.5
iteration,6502,11.0776,10.8283,70405.5
iteration,6503,10.96,10.8283,70416.5
iteration,6504,10.8404,10.8283,70427.3
iteration,6505,10.9307,10.8283,70438.3
iteration,6506,10.4884,10.8283,70448.7
iteration,6507,11.3126,10.8283,70460.1
iteration,6508,10.9957,10.8284,70471.1
iteration,6509,10.9116,10.8284,70482
iteration,6510,10.7854,10.8284,70492.8
iteration,6511,10.8743,10.8284,70503.6
iteration,6512,11.0383,10.8284,70514.7
iteration,6513,11.0856,10.8285,70525.8
iteration,6514,10.9043,10.8285,70536.7
iteration,6515,10.9005,10.8285,70547.6
iteration,6516,10.8239,10.8285,70558.4
iteration,6517,11.0235,10.8285,70569.4
iteration,6518,10.9233,10.8285,70580.3
iteration,6519,11.1111,10.8286,70591.4
iteration,6520,11.0724,10.8286,70602.5
iteration,6521,10.9578,10.8286,70613.5
iteration,6522,10.2449,10.8285,70623.7
iteration,6523,10.7428,10.8285,70634.5
iteration,6524,10.3114,10.8284,70644.8
iteration,6525,11.7002,10.8286,70656.5
iteration,6526,11.1257,10.8286,70667.6
iteration,6527,10.6024,10.8286,70678.2
iteration,6528,11.2039,10.8286,70689.4
iteration,6529,10.2088,10.8286,70699.6
iteration,6530,10.8232,10.8285,70710.4
iteration,6531,11.0299,10.8286,70721.5
iteration,6532,10.885,10.8286,70732.3
iteration,6533,11.3249,10.8287,70743.7
iteration,6534,11.3403,10.8287,70755
iteration,6535,11.4856,10.8288,70766.5
iteration,6536,10.8622,10.8288,70777.4
iteration,6537,10.575,10.8288,70787.9
iteration,6538,11.1232,10.8289,70799.1
iteration,6539,10.2845,10.8288,70809.3
iteration,6540,11.0689,10.8288,70820.4
iteration,6541,10.9295,10.8288,70831.3
iteration,6542,11.3341,10.8289,70842.7
iteration,6543,10.7823,10.8289,70853.5
iteration,6544,11.009,10.8289,70864.5
iteration,6545,11.1876,10.829,70875.7
iteration,6546,11.1244,10.829,70886.8
iteration,6547,11.1589,10.8291,70897.9
iteration,6548,11.0375,10.8291,70909
iteration,6549,10.7695,10.8291,70919.7
iteration,6550,10.6995,10.8291,70930.4
iteration,6551,10.2093,10.829,70940.7
iteration,6552,10.8984,10.829,70951.6
iteration,6553,10.5697,10.829,70962.1
iteration,6554,11.3176,10.829,70973.4
iteration,6555,10.8156,10.829,70984.3
iteration,6556,11.2764,10.8291,70995.5
iteration,6557,10.8052,10.8291,71006.3
iteration,6558,11.1763,10.8291,71017.5
iteration,6559,10.3295,10.8291,71027.8
iteration,6560,11.1211,10.8291,71039
iteration,6561,10.7928,10.8291,71049.8
iteration,6562,11.3289,10.8292,71061.1
iteration,6563,10.9217,10.8292,71072
iteration,6564,11.2248,10.8293,71083.2
iteration,6565,10.1725,10.8292,71093.4
iteration,6566,10.962,10.8292,71104.4
iteration,6567,11.1082,10.8292,71115.5
iteration,6568,10.7296,10.8292,71126.2
iteration,6569,10.7284,10.8292,71136.9
iteration,6570,10.3551,10.8291,71147.3
iteration,6571,10.7371,10.8291,71158
iteration,6572,10.4645,10.829,71168.5
iteration,6573,10.9437,10.8291,71179.4
iteration,6574,10.9792,10.8291,71190.4
iteration,6575,10.6905,10.8291,71201.1
iteration,6576,10.2455,10.829,71211.3
iteration,6577,10.7871,10.829,71222.1
iteration,6578,10.2606,10.8289,71232.4
iteration,6579,10.9348,10.8289,71243.3
iteration,6580,10.9009,10.8289,71254.2
iteration,6581,11.1933,10.829,71265.4
iteration,6582,10.7975,10.829,71276.2
iteration,6583,11.0179,10.829,71287.2
iteration,6584,10.767,10.829,71298
iteration,6585,10.3082,10.8289,71308.3
iteration,6586,10.9744,10.8289,71319.3
iteration,6587,11.044,10.829,71330.3
iteration,6588,10.8735,10.829,71341.2
iteration,6589,11.1867,10.829,71352.4
iteration,6590,10.8239,10.829,71363.2
iteration,6591,10.3442,10.8289,71373.6
iteration,6592,11.1012,10.829,71384.7
iteration,6593,10.6717,10.829,71395.3
iteration,6594,10.6442,10.8289,71406
iteration,6595,10.8695,10.8289,71416.8
iteration,6596,11.2,10.829,71428
iteration,6597,10.7737,10.829,71438.8
iteration,6598,10.9165,10.829,71449.7
iteration,6599,10.9443,10.829,71460.7
iteration,6600,10.2196,10.8289,71470.9
iteration,6601,10.8751,10.8289,71481.8
iteration,6602,10.2627,10.8288,71492
iteration,6603,10.9974,10.8289,71503
iteration,6604,10.8502,10.8289,71513.9
iteration,6605,11.0651,10.8289,71525
iteration,6606,10.3649,10.8288,71535.3
iteration,6607,11.0634,10.8289,71546.4
iteration,6608,10.928,10.8289,71557.3
iteration,6609,10.9979,10.8289,71568.3
iteration,6610,11.036,10.8289,71579.3
iteration,6611,10.9721,10.829,71590.3
iteration,6612,11.2402,10.829,71601.6
iteration,6613,11.188,10.8291,71612.7
iteration,6614,11.1905,10.8291,71623.9
iteration,6615,11.0972,10.8292,71635
iteration,6616,11.2926,10.8293,71646.3
iteration,6617,11.2543,10.8293,71657.6
iteration,6618,11.0058,10.8293,71668.6
iteration,6619,10.9231,10.8294,71679.5
iteration,6620,10.8575,10.8294,71690.4
iteration,6621,11.0602,10.8294,71701.4
iteration,6622,11.2497,10.8295,71712.7
iteration,6623,11.103,10.8295,71723.8
iteration,6624,11.0038,10.8295,71734.8
iteration,6625,11.1133,10.8296,71745.9
iteration,6626,10.9081,10.8296,71756.8
iteration,6627,10.8563,10.8296,71767.7
iteration,6628,10.8988,10.8296,71778.6
iteration,6629,10.9818,10.8296,71789.5
iteration,6630,10.9532,10.8296,71800.5
iteration,6631,11.1539,10.8297,71811.6
iteration,6632,11.274,10.8298,71822.9
iteration,6633,10.8457,10.8298,71833.8
iteration,6634,10.8409,10.8298,71844.6
iteration,6635,11.1838,10.8298,71855.8
iteration,6636,11.0534,10.8298,71866.8
iteration,6637,10.9785,10.8299,71877.8
iteration,6638,10.6962,10.8298,71888.5
iteration,6639,11.4533,10.8299,71900
iteration,6640,10.936,10.83,71910.9
iteration,6641,10.3996,10.8299,71921.3
iteration,6642,10.796,10.8299,71932.1
iteration,6643,10.4614,10.8298,71942.6
iteration,6644,10.9222,10.8298,71953.5
iteration,6645,10.9431,10.8299,71964.4
iteration,6646,11.4222,10.83,71975.9
iteration,6647,10.9294,10.83,71986.8
iteration,6648,10.8774,10.83,71997.7
iteration,6649,10.8552,10.83,72008.5
iteration,6650,11.1267,10.83,72019.6
iteration,6651,10.9283,10.83,72030.6
iteration,6652,10.8801,10.83,72041.4
iteration,6653,10.9306,10.8301,72052.4
iteration,6654,10.7504,10.83,72063.1
iteration,6655,11.1681,10.8301,72074.3
iteration,6656,10.9368,10.8301,72085.2
iteration,6657,11.0209,10.8301,72096.3
iteration,6658,11.0615,10.8302,72107.3
iteration,6659,10.9887,10.8302,72118.3
iteration,6660,10.2986,10.8301,72128.6
iteration,6661,10.9166,10.8301,72139.5
iteration,6662,10.8214,10.8301,72150.3
iteration,6663,10.9007,10.8301,72161.2
iteration,6664,10.5775,10.8301,72171.8
iteration,6665,11.1716,10.8302,72183
iteration,6666,10.2913,10.8301,72193.3
iteration,6667,10.8234,10.8301,72204.1
iteration,6668,10.8667,10.8301,72215
iteration,6669,11.0426,10.8301,72226
iteration,6670,10.9836,10.8301,72237
iteration,6671,10.7744,10.8301,72247.8
iteration,6672,10.8049,10.8301,72258.6
iteration,6673,10.8144,10.8301,72269.4
iteration,6674,11.1062,10.8302,72280.5
iteration,6675,10.8785,10.8302,72291.4
iteration,6676,11.0996,10.8302,72302.5
iteration,6677,11.3054,10.8303,72313.8
iteration,6678,10.5477,10.8302,72324.3
iteration,6679,10.8649,10.8302,72335.2
iteration,6680,11.0101,10.8303,72346.2
iteration,6681,10.386,10.8302,72356.6
iteration,6682,10.9349,10.8302,72367.5
iteration,6683,10.9904,10.8302,72378.5
iteration,6684,10.4077,10.8302,72388.9
iteration,6685,11.0174,10.8302,72399.9
iteration,6686,10.1625,10.8301,72410.1
iteration,6687,10.875,10.8301,72421
iteration,6688,10.9188,10.8301,72431.9
iteration,6689,11.2845,10.8302,72443.2
iteration,6690,10.9419,10.8302,72454.1
iteration,6691,10.9289,10.8302,72465.1
iteration,6692,10.8393,10.8302,72475.9
iteration,6693,10.7815,10.8302,72486.7
iteration,6694,10.2896,10.8301,72497
iteration,6695,10.704,10.8301,72507.7
iteration,6696,10.856,10.8301,72518.5
iteration,6697,10.6879,10.8301,72529.2
iteration,6698,10.9312,10.8301,72540.1
iteration,6699,11.0822,10.8302,72551.2
iteration,6700,10.9155,10.8302,72562.1
iteration,6701,11.0962,10.8302,72573.2
iteration,6702,10.8381,10.8302,72584.1
iteration,6703,11.0693,10.8302,72595.1
iteration,6704,10.2695,10.8302,72605.4
iteration,6705,10.64,10.8301,72616.1
iteration,6706,10.7801,10.8301,72626.8
iteration,6707,10.5728,10.8301,72637.4
iteration,6708,11.0892,10.8301,72648.5
iteration,6709,10.1823,10.83,72658.7
iteration,6710,10.5704,10.83,72669.2
iteration,6711,10.3971,10.8299,72679.6
iteration,6712,11.4685,10.83,72691.1
iteration,6713,11.1576,10.8301,72702.3
iteration,6714,10.8514,10.8301,72713.1
iteration,6715,11.1428,10.8301,72724.3
iteration,6716,10.8938,10.8301,72735.2
iteration,6717,10.7921,10.8301,72746
iteration,6718,10.6317,10.8301,72756.6
iteration,6719,11.0163,10.8301,72767.6
iteration,6720,10.801,10.8301,72778.4
iteration,6721,10.8093,10.8301,72789.2
iteration,6722,11.2688,10.8302,72800.5
iteration,6723,10.7488,10.8302,72811.2
iteration,6724,10.8103,10.8302,72822
iteration,6725,10.7759,10.8302,72832.8
iteration,6726,10.4064,10.8301,72843.2
iteration,6727,11.1953,10.8301,72854.4
iteration,6728,10.7117,10.8301,72865.1
iteration,6729,10.7878,10.8301,72875.9
iteration,6730,10.6235,10.8301,72886.5
iteration,6731,10.9513,10.8301,72897.5
iteration,6732,10.5651,10.8301,72908.1
iteration,6733,10.2028,10.83,72918.3
iteration,6734,10.7301,10.83,72929
iteration,6735,10.1516,10.8299,72939.1
iteration,6736,11.3765,10.8299,72950.5
iteration,6737,10.8795,10.83,72961.4
iteration,6738,10.0877,10.8298,72971.5
iteration,6739,11.6444,10.83,72983.1
iteration,6740,10.5945,10.8299,72993.7
iteration,6741,10.6248,10.8299,73004.3
iteration,6742,10.7609,10.8299,73015.1
iteration,6743,11.198,10.8299,73026.3
iteration,6744,10.471,10.8299,73036.8
iteration,6745,10.692,10.8299,73047.5
iteration,6746,10.5929,10.8298,73058.1
iteration,6747,10.8384,10.8298,73068.9
iteration,6748,10.8977,10.8298,73079.8
iteration,6749,10.6467,10.8298,73090.4
iteration,6750,10.1604,10.8297,73100.6
iteration,6751,10.823,10.8297,73111.4
iteration,6752,10.7635,10.8297,73122.2
iteration,6753,10.7901,10.8297,73133
iteration,6754,10.5725,10.8297,73143.6
iteration,6755,10.0949,10.8296,73153.6
iteration,6756,10.7855,10.8295,73164.4
iteration,6757,10.1655,10.8295,73174.6
iteration,6758,10.7919,10.8294,73185.4
iteration,6759,10.5899,10.8294,73196
iteration,6760,11.0451,10.8294,73207
iteration,6761,10.6499,10.8294,73217.7
iteration,6762,10.6445,10.8294,73228.3
iteration,6763,10.9582,10.8294,73239.3
iteration,6764,10.7371,10.8294,73250
iteration,6765,10.7117,10.8294,73260.7
iteration,6766,10.6383,10.8293,73271.4
iteration,6767,10.759,10.8293,73282.1
iteration,6768,10.7493,10.8293,73292.9
iteration,6769,11.272,10.8294,73304.1
iteration,6770,10.6948,10.8294,73314.8
iteration,6771,11.1671,10.8294,73326
iteration,6772,10.1074,10.8293,73336.1
iteration,6773,11.4171,10.8294,73347.5
iteration,6774,10.7536,10.8294,73358.3
iteration,6775,10.8537,10.8294,73369.1
iteration,6776,10.8796,10.8294,73380
iteration,6777,10.6681,10.8294,73390.7
iteration,6778,10.5909,10.8293,73401.3
iteration,6779,10.7283,10.8293,73412
iteration,6780,10.8021,10.8293,73422.8
iteration,6781,10.7588,10.8293,73433.6
iteration,6782,11.2453,10.8294,73444.8
iteration,6783,10.6107,10.8293,73455.4
iteration,6784,10.6897,10.8293,73466.1
iteration,6785,10.7171,10.8293,73476.8
iteration,6786,10.5758,10.8293,73487.4
iteration,6787,10.9492,10.8293,73498.4
iteration,6788,10.5815,10.8292,73508.9
iteration,6789,10.21,10.8292,73519.1
iteration,6790,10.7935,10.8292,73529.9
iteration,6791,10.1319,10.829,73540.1
iteration,6792,10.8493,10.8291,73550.9
iteration,6793,10.5889,10.829,73561.5
iteration,6794,10.5841,10.829,73572.1
iteration,6795,10.6782,10.829,73582.8
iteration,6796,10.7756,10.829,73593.5
iteration,6797,11.2237,10.829,73604.8
iteration,6798,10.7941,10.829,73615.6
iteration,6799,10.562,10.829,73626.1
iteration,6800,11.0853,10.829,73637.2
iteration,6801,10.6617,10.829,73647.9
iteration,6802,10.6881,10.829,73658.6
iteration,6803,11.1883,10.829,73669.8
iteration,6804,10.8998,10.829,73680.7
iteration,6805,10.5845,10.829,73691.2
iteration,6806,10.8458,10.829,73702.1
iteration,6807,10.9133,10.829,73713
iteration,6808,10.1551,10.8289,73723.2
iteration,6809,10.55,10.8289,73733.7
iteration,6810,10.9394,10.8289,73744.6
iteration,6811,10.7119,10.8289,73755.4
iteration,6812,10.6668,10.8288,73766
iteration,6813,10.214,10.8287,73776.2
iteration,6814,10.6628,10.8287,73786.9
iteration,6815,10.2128,10.8286,73797.1
iteration,6816,10.628,10.8286,73807.7
iteration,6817,10.9347,10.8286,73818.7
iteration,6818,10.8421,10.8286,73829.5
iteration,6819,10.8381,10.8286,73840.4
iteration,6820,10.9545,10.8286,73851.3
iteration,6821,10.6253,10.8286,73861.9
iteration,6822,10.7496,10.8286,73872.7
iteration,6823,10.6294,10.8286,73883.3
iteration,6824,10.8292,10.8286,73894.1
iteration,6825,10.876,10.8286,73905
iteration,6826,10.903,10.8286,73915.9
iteration,6827,10.8643,10.8286,73926.8
iteration,6828,10.5995,10.8286,73937.4
iteration,6829,10.7204,10.8285,73948.1
iteration,6830,10.9749,10.8286,73959.1
iteration,6831,10.8523,10.8286,73969.9
iteration,6832,10.6301,10.8285,73980.6
iteration,6833,10.7182,10.8285,73991.3
iteration,6834,10.8352,10.8285,74002.1
iteration,6835,10.7621,10.8285,74012.9
iteration,6836,10.8654,10.8285,74023.7
iteration,6837,10.9089,10.8285,74034.6
iteration,6838,10.8368,10.8285,74045.5
iteration,6839,10.7887,10.8285,74056.3
iteration,6840,10.6492,10.8285,74066.9
iteration,6841,10.2082,10.8284,74077.1
iteration,6842,10.8995,10.8284,74088
iteration,6843,10.2456,10.8283,74098.3
iteration,6844,11.4709,10.8284,74109.7
iteration,6845,10.8852,10.8284,74120.6
iteration,6846,11.011,10.8285,74131.6
iteration,6847,10.7602,10.8285,74142.4
iteration,6848,10.9359,10.8285,74153.3
iteration,6849,10.6878,10.8284,74164
iteration,6850,10.0932,10.8283,74174.1
iteration,6851,10.7616,10.8283,74184.9
iteration,6852,10.7008,10.8283,74195.6
iteration,6853,10.8508,10.8283,74206.4
iteration,6854,10.7995,10.8283,74217.2
iteration,6855,10.7484,10.8283,74228
iteration,6856,10.8116,10.8283,74238.8
iteration,6857,10.6985,10.8283,74249.5
iteration,6858,11.0113,10.8283,74260.5
iteration,6859,10.8472,10.8283,74271.4
iteration,6860,10.9195,10.8283,74282.3
iteration,6861,10.7944,10.8283,74293.1
iteration,6862,11.2262,10.8284,74304.3
iteration,6863,10.8834,10.8284,74315.2
iteration,6864,10.8772,10.8284,74326.1
iteration,6865,11.3257,10.8285,74337.4
iteration,6866,11.0193,10.8285,74348.4
iteration,6867,10.9226,10.8285,74359.3
iteration,6868,10.5005,10.8285,74369.8
iteration,6869,10.9565,10.8285,74380.8
iteration,6870,10.7883,10.8285,74391.6
iteration,6871,10.706,10.8284,74402.3
iteration,6872,10.9235,10.8285,74413.2
iteration,6873,10.922,10.8285,74424.1
iteration,6874,10.9235,10.8285,74435
iteration,6875,10.9096,10.8285,74445.9
iteration,6876,10.8494,10.8285,74456.8
iteration,6877,10.9786,10.8285,74467.8
iteration,6878,10.9685,10.8285,74478.7
iteration,6879,10.8328,10.8285,74489.6
iteration,6880,10.118,10.8284,74499.7
iteration,6881,10.9133,10.8285,74510.6
iteration,6882,10.8005,10.8285,74521.4
iteration,6883,10.8895,10.8285,74532.3
iteration,6884,10.9162,10.8285,74543.2
iteration,6885,10.5313,10.8284,74553.7
iteration,6886,11.3451,10.8285,74565.1
iteration,6887,10.0544,10.8284,74575.1
iteration,6888,11.5428,10.8285,74586.7
iteration,6889,10.813,10.8285,74597.5
iteration,6890,10.8268,10.8285,74608.3
iteration,6891,11.3564,10.8286,74619.7
iteration,6892,10.6538,10.8285,74630.3
iteration,6893,10.3859,10.8285,74640.7
iteration,6894,11.0333,10.8285,74651.8
iteration,6895,10.2144,10.8284,74662
iteration,6896,10.8657,10.8284,74672.8
iteration,6897,10.8623,10.8284,74683.7
iteration,6898,10.7546,10.8284,74694.5
iteration,6899,10.8801,10.8284,74705.3
iteration,6900,10.7624,10.8284,74716.1
iteration,6901,10.8593,10.8284,74727
iteration,6902,10.9093,10.8284,74737.9
iteration,6903,10.7192,10.8284,74748.6
iteration,6904,11.3585,10.8285,74759.9
iteration,6905,10.7553,10.8285,74770.7
iteration,6906,10.8609,10.8285,74781.6
iteration,6907,10.8255,10.8285,74792.4
iteration,6908,10.9305,10.8285,74803.3
iteration,6909,11.2894,10.8286,74814.6
iteration,6910,10.9925,10.8286,74825.6
iteration,6911,10.7693,10.8286,74836.4
iteration,6912,10.8423,10.8286,74847.2
iteration,6913,10.765,10.8286,74858
iteration,6914,10.8147,10.8286,74868.8
iteration,6915,10.9937,10.8286,74879.8
iteration,6916,11.0019,10.8286,74890.8
iteration,6917,10.9253,10.8286,74901.7
iteration,6918,10.8834,10.8286,74912.6
iteration,6919,10.9258,10.8287,74923.5
iteration,6920,10.7665,10.8287,74934.3
iteration,6921,10.9462,10.8287,74945.2
iteration,6922,11.0829,10.8287,74956.3
iteration,6923,10.9391,10.8287,74967.3
iteration,6924,10.7033,10.8287,74978
iteration,6925,10.8835,10.8287,74988.8
iteration,6926,11.2187,10.8288,75000.1
iteration,6927,10.7623,10.8288,75010.8
iteration,6928,10.9336,10.8288,75021.8
iteration,6929,10.7944,10.8288,75032.6
iteration,6930,10.833,10.8288,75043.4
iteration,6931,10.9128,10.8288,75054.3
iteration,6932,10.974,10.8288,75065.3
iteration,6933,10.1773,10.8287,75075.4
iteration,6934,10.9888,10.8287,75086.4
iteration,6935,11.0254,10.8288,75097.5
iteration,6936,10.2238,10.8287,75107.7
iteration,6937,10.9057,10.8287,75118.6
iteration,6938,10.7128,10.8287,75129.3
iteration,6939,10.6536,10.8286,75140
iteration,6940,10.8687,10.8286,75150.8
iteration,6941,10.91,10.8287,75161.7
iteration,6942,10.4622,10.8286,75172.2
iteration,6943,10.7903,10.8286,75183
iteration,6944,10.6474,10.8286,75193.6
iteration,6945,10.8627,10.8286,75204.5
iteration,6946,10.7675,10.8286,75215.3
iteration,6947,10.7029,10.8286,75226
iteration,6948,10.7369,10.8285,75236.7
iteration,6949,11.0214,10.8286,75247.7
iteration,6950,10.6579,10.8285,75258.4
iteration,6951,10.7582,10.8285,75269.1
iteration,6952,11.0042,10.8286,75280.1
iteration,6953,10.8073,10.8286,75291
iteration,6954,10.7401,10.8285,75301.7
iteration,6955,10.7774,10.8285,75312.5
iteration,6956,10.5361,10.8285,75323
iteration,6957,10.9824,10.8285,75334
iteration,6958,10.9819,10.8285,75345
iteration,6959,10.5439,10.8285,75355.5
iteration,6960,10.2023,10.8284,75365.7
iteration,6961,10.6631,10.8284,75376.4
iteration,6962,10.3001,10.8283,75386.7
iteration,6963,11.6837,10.8284,75398.4
iteration,6964,11.1197,10.8285,75409.5
iteration,6965,10.7139,10.8285,75420.2
iteration,6966,10.7352,10.8284,75430.9
iteration,6967,10.8351,10.8284,75441.8
iteration,6968,10.5451,10.8284,75452.3
iteration,6969,10.9255,10.8284,75463.2
iteration,6970,10.6157,10.8284,75473.9
iteration,6971,10.0768,10.8283,75483.9
iteration,6972,10.7639,10.8283,75494.7
iteration,6973,10.6817,10.8282,75505.4
iteration,6974,10.7895,10.8282,75516.2
iteration,6975,10.797,10.8282,75527
iteration,6976,10.8684,10.8282,75537.8
iteration,6977,10.8074,10.8282,75548.6
iteration,6978,10.6994,10.8282,75559.3
iteration,6979,11.0483,10.8283,75570.4
iteration,6980,10.9919,10.8283,75581.4
iteration,6981,10.8436,10.8283,75592.2
iteration,6982,11.121,10.8283,75603.3
iteration,6983,9.95018,10.8282,75613.3
iteration,6984,10.6275,10.8282,75623.9
iteration,6985,10.8648,10.8282,75634.8
iteration,6986,11.1333,10.8282,75645.9
iteration,6987,10.7747,10.8282,75656.7
iteration,6988,10.7761,10.8282,75667.5
iteration,6989,10.782,10.8282,75678.3
iteration,6990,10.6109,10.8282,75688.9
iteration,6991,10.9079,10.8282,75699.8
iteration,6992,10.8012,10.8282,75710.6
iteration,6993,10.716,10.8282,75721.3
iteration,6994,10.803,10.8282,75732.1
iteration,6995,10.6265,10.8281,75742.7
iteration,6996,10.8161,10.8281,75753.5
iteration,6997,11.2253,10.8282,75764.8
iteration,6998,10.8704,10.8282,75775.6
iteration,6999,10.783,10.8282,75786.4
iteration,7000,10.7583,10.8282,75797.2
iteration,7001,10.7417,10.8282,75807.9
iteration,7002,10.6015,10.8281,75818.5
iteration,7003,10.9126,10.8281,75829.4
iteration,7004,10.6343,10.8281,75840.1
iteration,7005,11.5878,10.8282,75851.7
iteration,7006,10.7858,10.8282,75862.4
iteration,7007,11.0424,10.8282,75873.5
iteration,7008,10.0774,10.8281,75883.6
iteration,7009,10.7516,10.8281,75894.3
iteration,7010,10.6362,10.8281,75904.9
iteration,7011,10.2409,10.828,75915.2
iteration,7012,10.931,10.828,75926.1
iteration,7013,10.632,10.828,75936.7
iteration,7014,10.9177,10.828,75947.7
iteration,7015,11.3566,10.8281,75959
iteration,7016,10.9034,10.8281,75969.9
iteration,7017,10.923,10.8281,75980.8
iteration,7018,10.7091,10.8281,75991.6
iteration,7019,10.7443,10.8281,76002.3
iteration,7020,10.7255,10.8281,76013
iteration,7021,10.9952,10.8281,76024
iteration,7022,10.6878,10.8281,76034.7
iteration,7023,10.3144,10.828,76045
iteration,7024,10.9192,10.828,76055.9
iteration,7025,10.6702,10.828,76066.6
iteration,7026,10.9224,10.828,76077.5
iteration,7027,10.638,10.828,76088.2
iteration,7028,10.229,10.8279,76098.4
iteration,7029,10.9338,10.8279,76109.3
iteration,7030,10.1786,10.8278,76119.5
iteration,7031,11.3122,10.8279,76130.8
iteration,7032,11.0634,10.8279,76141.9
iteration,7033,11.085,10.828,76153
iteration,7034,10.741,10.8279,76163.7
iteration,7035,10.8626,10.8279,76174.6
iteration,7036,10.2112,10.8279,76184.8
iteration,7037,10.8004,10.8279,76195.6
iteration,7038,10.4628,10.8278,76206.1
iteration,7039,10.8647,10.8278,76216.9
iteration,7040,10.9081,10.8278,76227.8
iteration,7041,10.7455,10.8278,76238.6
iteration,7042,11.0656,10.8278,76249.6
iteration,7043,10.3682,10.8278,76260
iteration,7044,10.9815,10.8278,76271
iteration,7045,10.2192,10.8277,76281.2
iteration,7046,10.8705,10.8277,76292.1
iteration,7047,10.6967,10.8277,76302.8
iteration,7048,10.9893,10.8277,76313.8
iteration,7049,10.9237,10.8277,76324.7
iteration,7050,10.7904,10.8277,76335.5
iteration,7051,10.2632,10.8276,76345.7
iteration,7052,10.7469,10.8276,76356.5
iteration,7053,10.8891,10.8276,76367.4
iteration,7054,11.1379,10.8277,76378.5
iteration,7055,11.0206,10.8277,76389.5
iteration,7056,11.1088,10.8278,76400.6
iteration,7057,10.8529,10.8278,76411.5
iteration,7058,11.1672,10.8278,76422.7
iteration,7059,10.8591,10.8278,76433.5
iteration,7060,10.7994,10.8278,76444.3
iteration,7061,11.0441,10.8278,76455.4
iteration,7062,10.6909,10.8278,76466.1
iteration,7063,11.3029,10.8279,76477.4
iteration,7064,10.7085,10.8279,76488.1
iteration,7065,11.4979,10.828,76499.6
iteration,7066,10.9048,10.828,76510.5
iteration,7067,10.8151,10.828,76521.3
iteration,7068,10.9795,10.828,76532.3
iteration,7069,10.937,10.828,76543.2
iteration,7070,11.1455,10.8281,76554.3
iteration,7071,11.0966,10.8281,76565.4
iteration,7072,10.923,10.8281,76576.4
iteration,7073,10.8664,10.8281,76587.2
iteration,7074,11.0656,10.8281,76598.3
iteration,7075,10.8403,10.8281,76609.1
iteration,7076,10.8886,10.8282,76620
iteration,7077,11.1112,10.8282,76631.1
iteration,7078,10.9336,10.8282,76642.1
iteration,7079,10.4866,10.8282,76652.6
iteration,7080,10.7277,10.8281,76663.3
iteration,7081,10.1888,10.8281,76673.5
iteration,7082,11.2429,10.8281,76684.7
iteration,7083,11.1787,10.8282,76695.9
iteration,7084,10.2873,10.8281,76706.2
iteration,7085,11.1469,10.8281,76717.3
iteration,7086,10.3079,10.8281,76727.6
iteration,7087,11.3965,10.8281,76739
iteration,7088,11.2544,10.8282,76750.3
iteration,7089,11.3797,10.8283,76761.7
iteration,7090,11.1426,10.8283,76772.8
iteration,7091,10.7587,10.8283,76783.6
iteration,7092,10.3795,10.8283,76794
iteration,7093,11.0803,10.8283,76805
iteration,7094,10.1062,10.8282,76815.1
iteration,7095,11.5773,10.8283,76826.7
iteration,7096,11.0497,10.8283,76837.8
iteration,7097,11.1974,10.8284,76849
iteration,7098,10.7812,10.8284,76859.7
iteration,7099,11.3913,10.8284,76871.1
iteration,7100,10.89,10.8285,76882
iteration,7101,10.9083,10.8285,76892.9
iteration,7102,10.9368,10.8285,76903.9
iteration,7103,10.938,10.8285,76914.8
iteration,7104,10.9598,10.8285,76925.8
iteration,7105,10.9817,10.8285,76936.8
iteration,7106,11.1637,10.8286,76947.9
iteration,7107,10.4713,10.8285,76958.4
iteration,7108,10.7838,10.8285,76969.2
iteration,7109,10.7873,10.8285,76980
iteration,7110,11.0643,10.8286,76991
iteration,7111,10.9352,10.8286,77002
iteration,7112,10.8804,10.8286,77012.8
iteration,7113,11.0084,10.8286,77023.8
iteration,7114,11.2538,10.8287,77035.1
iteration,7115,11.1121,10.8287,77046.2
iteration,7116,10.7819,10.8287,77057
iteration,7117,10.9425,10.8287,77067.9
iteration,7118,11.0186,10.8287,77079
iteration,7119,10.9067,10.8287,77089.9
iteration,7120,10.9128,10.8288,77100.8
iteration,7121,10.7786,10.8288,77111.6
iteration,7122,10.9844,10.8288,77122.5
iteration,7123,10.7895,10.8288,77133.3
iteration,7124,11.2262,10.8288,77144.6
iteration,7125,10.9467,10.8288,77155.5
iteration,7126,10.8614,10.8288,77166.4
iteration,7127,10.8336,10.8288,77177.2
iteration,7128,11.3435,10.8289,77188.5
iteration,7129,10.819,10.8289,77199.4
iteration,7130,10.8612,10.8289,77210.2
iteration,7131,11.2962,10.829,77221.5
iteration,7132,11.0434,10.829,77232.6
iteration,7133,11.1575,10.8291,77243.7
iteration,7134,11.002,10.8291,77254.7
iteration,7135,10.9218,10.8291,77265.6
iteration,7136,11.2089,10.8292,77276.8
iteration,7137,10.8726,10.8292,77287.7
iteration,7138,10.8619,10.8292,77298.6
iteration,7139,11.0705,10.8292,77309.7
iteration,7140,11.1172,10.8292,77320.8
iteration,7141,10.9073,10.8293,77331.7
iteration,7142,11.0435,10.8293,77342.7
iteration,7143,10.9544,10.8293,77353.7
iteration,7144,10.9681,10.8293,77364.6
iteration,7145,11.1287,10.8294,77375.8
iteration,7146,11.1776,10.8294,77386.9
iteration,7147,11.096,10.8294,77398
iteration,7148,11.0224,10.8295,77409.1
iteration,7149,11.2882,10.8295,77420.4
iteration,7150,11.2445,10.8296,77431.6
iteration,7151,11.0013,10.8296,77442.6
iteration,7152,10.7539,10.8296,77453.4
iteration,7153,10.9774,10.8296,77464.3
iteration,7154,11.1015,10.8297,77475.4
iteration,7155,11.2515,10.8297,77486.7
iteration,7156,11.037,10.8298,77497.7
iteration,7157,11.0343,10.8298,77508.8
iteration,7158,10.9058,10.8298,77519.7
iteration,7159,10.685,10.8298,77530.3
iteration,7160,10.4564,10.8297,77540.8
iteration,7161,10.6899,10.8297,77551.5
iteration,7162,10.344,10.8296,77561.8
iteration,7163,10.9367,10.8296,77572.8
iteration,7164,10.7974,10.8296,77583.6
iteration,7165,10.3302,10.8296,77593.9
iteration,7166,10.8245,10.8296,77604.7
iteration,7167,11.2601,10.8296,77616
iteration,7168,10.9514,10.8297,77626.9
iteration,7169,10.2444,10.8296,77637.2
iteration,7170,10.9876,10.8296,77648.2
iteration,7171,10.8402,10.8296,77659
iteration,7172,10.8299,10.8296,77669.8
iteration,7173,11.2199,10.8296,77681.1
iteration,7174,11.0457,10.8297,77692.1
iteration,7175,11.0155,10.8297,77703.1
iteration,7176,10.8796,10.8297,77714
iteration,7177,10.7959,10.8297,77724.8
iteration,7178,11.2974,10.8298,77736.1
iteration,7179,10.9014,10.8298,77747
iteration,7180,11.5923,10.8299,77758.6
iteration,7181,11.0592,10.8299,77769.6
iteration,7182,10.53,10.8299,77780.2
iteration,7183,10.968,10.8299,77791.1
iteration,7184,10.681,10.8299,77801.8
iteration,7185,10.4088,10.8298,77812.2
iteration,7186,10.9064,10.8298,77823.1
iteration,7187,10.5322,10.8298,77833.7
iteration,7188,11.1315,10.8298,77844.8
iteration,7189,10.8749,10.8298,77855.7
iteration,7190,11.1725,10.8299,77866.9
iteration,7191,10.9565,10.8299,77877.8
iteration,7192,10.8512,10.8299,77888.7
iteration,7193,11.1341,10.8299,77899.8
iteration,7194,10.8716,10.83,77910.7
iteration,7195,11.2661,10.83,77921.9
iteration,7196,10.7969,10.83,77932.7
iteration,7197,10.9074,10.83,77943.6
iteration,7198,11.2299,10.8301,77954.9
iteration,7199,10.7304,10.8301,77965.6
iteration,7200,11.0179,10.8301,77976.6
iteration,7201,10.999,10.8301,77987.6
iteration,7202,10.875,10.8301,77998.5
iteration,7203,11.0012,10.8301,78009.5
iteration,7204,10.9661,10.8302,78020.5
iteration,7205,10.9697,10.8302,78031.4
iteration,7206,11.0789,10.8302,78042.5
iteration,7207,10.9608,10.8302,78053.5
iteration,7208,10.4331,10.8302,78063.9
iteration,7209,11.2093,10.8302,78075.1
iteration,7210,10.2235,10.8301,78085.3
iteration,7211,11.3439,10.8302,78096.7
iteration,7212,10.8146,10.8302,78107.5
iteration,7213,11.0155,10.8302,78118.5
iteration,7214,11.4265,10.8303,78129.9
iteration,7215,10.9646,10.8303,78140.9
iteration,7216,11.0688,10.8304,78152
iteration,7217,10.8877,10.8304,78162.9
iteration,7218,10.8419,10.8304,78173.7
iteration,7219,10.9346,10.8304,78184.6
iteration,7220,10.8274,10.8304,78195.5
iteration,7221,10.9872,10.8304,78206.4
iteration,7222,10.8999,10.8304,78217.3
iteration,7223,10.1671,10.8303,78227.5
iteration,7224,11.0068,10.8304,78238.5
iteration,7225,11.0561,10.8304,78249.6
iteration,7226,10.7923,10.8304,78260.4
iteration,7227,10.9247,10.8304,78271.3
iteration,7228,10.9674,10.8304,78282.3
iteration,7229,10.9164,10.8304,78293.2
iteration,7230,10.8816,10.8304,78304.1
iteration,7231,10.8748,10.8304,78314.9
iteration,7232,10.8213,10.8304,78325.8
iteration,7233,10.8505,10.8304,78336.6
iteration,7234,10.8866,10.8305,78347.5
iteration,7235,11.4056,10.8305,78358.9
iteration,7236,10.9671,10.8306,78369.9
iteration,7237,11.0073,10.8306,78380.9
iteration,7238,10.9728,10.8306,78391.8
iteration,7239,11.0813,10.8306,78402.9
iteration,7240,10.9894,10.8307,78413.9
iteration,7241,11.0677,10.8307,78425
iteration,7242,11.1314,10.8307,78436.1
iteration,7243,11.3407,10.8308,78447.5
iteration,7244,11.2351,10.8309,78458.7
iteration,7245,11.2137,10.8309,78469.9
iteration,7246,11.0769,10.8309,78481
iteration,7247,11.1861,10.831,78492.2
iteration,7248,11.175,10.831,78503.3
iteration,7249,11.1652,10.8311,78514.5
iteration,7250,10.6705,10.8311,78525.2
iteration,7251,11.2226,10.8311,78536.4
iteration,7252,11.3026,10.8312,78547.7
iteration,7253,11.3037,10.8312,78559
iteration,7254,11.2574,10.8313,78570.3
iteration,7255,11.247,10.8314,78581.5
iteration,7256,11.2982,10.8314,78592.8
iteration,7257,11.1782,10.8315,78604
iteration,7258,11.113,10.8315,78615.1
iteration,7259,11.0403,10.8315,78626.1
iteration,7260,11.1755,10.8316,78637.3
iteration,7261,11.1878,10.8316,78648.5
iteration,7262,11.0128,10.8317,78659.5
iteration,7263,11.2303,10.8317,78670.7
iteration,7264,11.0347,10.8317,78681.8
iteration,7265,11.1629,10.8318,78692.9
iteration,7266,11.2487,10.8318,78704.2
iteration,7267,11.2633,10.8319,78715.5
iteration,7268,11.0392,10.8319,78726.5
iteration,7269,11.0723,10.832,78737.6
iteration,7270,11.002,10.832,78748.6
iteration,7271,11.156,10.832,78759.7
iteration,7272,11.1532,10.8321,78770.9
iteration,7273,11.1759,10.8321,78782.1
iteration,7274,10.9884,10.8321,78793
iteration,7275,11.2058,10.8322,78804.2
iteration,7276,11.3574,10.8323,78815.6
iteration,7277,11.3788,10.8323,78827
iteration,7278,11.3318,10.8324,78838.3
iteration,7279,11.3783,10.8325,78849.7
iteration,7280,11.2469,10.8325,78860.9
iteration,7281,11.8024,10.8327,78872.7
iteration,7282,11.5732,10.8328,78884.3
iteration,7283,11.3178,10.8328,78895.6
iteration,7284,11.0798,10.8329,78906.7
iteration,7285,11.7804,10.833,78918.5
iteration,7286,11.1966,10.8331,78929.7
iteration,7287,11.1569,10.8331,78940.8
iteration,7288,10.6552,10.8331,78951.5
iteration,7289,10.7997,10.8331,78962.3
iteration,7290,10.8439,10.8331,78973.1
iteration,7291,11.2416,10.8331,78984.4
iteration,7292,10.9802,10.8332,78995.4
iteration,7293,11.0058,10.8332,79006.4
iteration,7294,10.2508,10.8331,79016.6
iteration,7295,10.7133,10.8331,79027.3
iteration,7296,10.3698,10.833,79037.7
iteration,7297,11.5358,10.8331,79049.2
iteration,7298,10.3396,10.833,79059.6
iteration,7299,11.1288,10.8331,79070.7
iteration,7300,9.96483,10.833,79080.7
iteration,7301,11.3754,10.833,79092.1
iteration,7302,10.8428,10.833,79102.9
iteration,7303,10.7166,10.833,79113.6
iteration,7304,10.5924,10.833,79124.2
iteration,7305,11.2143,10.833,79135.4
iteration,7306,10.6529,10.833,79146.1
iteration,7307,10.7573,10.833,79156.8
iteration,7308,10.6671,10.833,79167.5
iteration,7309,10.8413,10.833,79178.3
iteration,7310,10.9222,10.833,79189.3
iteration,7311,10.7194,10.833,79200
iteration,7312,10.7177,10.833,79210.7
iteration,7313,10.7129,10.833,79221.4
iteration,7314,10.7241,10.8329,79232.1
iteration,7315,11.0606,10.833,79243.2
iteration,7316,10.6999,10.833,79253.9
iteration,7317,10.6887,10.8329,79264.6
iteration,7318,10.1727,10.8328,79274.8
iteration,7319,10.6384,10.8328,79285.4
iteration,7320,10.2862,10.8327,79295.7
iteration,7321,11.1756,10.8328,79306.9
iteration,7322,10.776,10.8328,79317.6
iteration,7323,10.3165,10.8327,79327.9
iteration,7324,10.6393,10.8327,79338.6
iteration,7325,10.3405,10.8326,79348.9
iteration,7326,10.8823,10.8326,79359.8
iteration,7327,10.6997,10.8326,79370.5
iteration,7328,10.0939,10.8325,79380.6
iteration,7329,10.428,10.8325,79391
iteration,7330,10.2245,10.8324,79401.3
iteration,7331,10.9059,10.8324,79412.2
iteration,7332,10.7991,10.8324,79423
iteration,7333,10.1071,10.8323,79433.1
iteration,7334,10.4911,10.8322,79443.6
iteration,7335,10.1228,10.8321,79453.7
iteration,7336,10.8953,10.8321,79464.6
iteration,7337,10.8618,10.8321,79475.4
iteration,7338,10.3018,10.8321,79485.7
iteration,7339,10.5522,10.832,79496.3
iteration,7340,10.1881,10.8319,79506.5
iteration,7341,11.0141,10.832,79517.5
iteration,7342,10.8056,10.832,79528.3
iteration,7343,10.2343,10.8319,79538.5
iteration,7344,10.5684,10.8318,79549.1
iteration,7345,10.2186,10.8318,79559.3
iteration,7346,10.6281,10.8317,79570
iteration,7347,10.5861,10.8317,79580.5
iteration,7348,10.7409,10.8317,79591.3
iteration,7349,10.8813,10.8317,79602.2
iteration,7350,10.6885,10.8317,79612.8
iteration,7351,10.7586,10.8317,79623.6
iteration,7352,10.6415,10.8316,79634.2
iteration,7353,10.784,10.8316,79645
iteration,7354,10.9826,10.8317,79656
iteration,7355,10.7354,10.8316,79666.7
iteration,7356,10.685,10.8316,79677.4
iteration,7357,10.1418,10.8315,79687.6
iteration,7358,10.6133,10.8315,79698.2
iteration,7359,10.8552,10.8315,79709
iteration,7360,10.8076,10.8315,79719.9
iteration,7361,10.499,10.8315,79730.4
iteration,7362,11.0969,10.8315,79741.4
iteration,7363,10.4579,10.8314,79751.9
iteration,7364,10.8589,10.8314,79762.8
iteration,7365,10.8514,10.8314,79773.6
iteration,7366,10.6645,10.8314,79784.3
iteration,7367,10.6487,10.8314,79794.9
iteration,7368,10.6058,10.8314,79805.5
iteration,7369,10.7437,10.8314,79816.3
iteration,7370,11.0785,10.8314,79827.4
iteration,7371,9.80944,10.8313,79837.2
iteration,7372,11.649,10.8314,79848.8
iteration,7373,10.6589,10.8313,79859.5
iteration,7374,10.9436,10.8314,79870.4
iteration,7375,10.1132,10.8313,79880.5
iteration,7376,10.8243,10.8313,79891.4
iteration,7377,10.4906,10.8312,79901.8
iteration,7378,11.1136,10.8312,79913
iteration,7379,10.6537,10.8312,79923.6
iteration,7380,10.823,10.8312,79934.4
iteration,7381,10.698,10.8312,79945.1
iteration,7382,10.9134,10.8312,79956
iteration,7383,10.6374,10.8312,79966.7
iteration,7384,10.637,10.8312,79977.3
iteration,7385,10.1395,10.8311,79987.5
iteration,7386,10.546,10.831,79998
iteration,7387,10.3239,10.831,80008.3
iteration,7388,10.6798,10.8309,80019
iteration,7389,10.8519,10.8309,80029.9
iteration,7390,10.5961,10.8309,80040.5
iteration,7391,10.8549,10.8309,80051.3
iteration,7392,10.799,10.8309,80062.1
iteration,7393,10.4809,10.8309,80072.6
iteration,7394,10.8595,10.8309,80083.5
iteration,7395,10.6369,10.8308,80094.1
iteration,7396,10.7337,10.8308,80104.8
iteration,7397,11.0313,10.8309,80115.9
iteration,7398,10.5887,10.8308,80126.4
iteration,7399,10.5838,10.8308,80137
iteration,7400,10.6922,10.8308,80147.7
iteration,7401,10.6827,10.8308,80158.4
iteration,7402,10.8811,10.8308,80169.3
iteration,7403,10.7289,10.8307,80180
iteration,7404,10.6224,10.8307,80190.6
iteration,7405,10.5934,10.8307,80201.2
iteration,7406,10.6132,10.8307,80211.8
iteration,7407,10.7219,10.8306,80222.6
iteration,7408,10.976,10.8307,80233.5
iteration,7409,10.5982,10.8306,80244.1
iteration,7410,10.6876,10.8306,80254.8
iteration,7411,10.5634,10.8306,80265.4
iteration,7412,10.9008,10.8306,80276.3
iteration,7413,10.9166,10.8306,80287.2
iteration,7414,10.6062,10.8306,80297.8
iteration,7415,10.1224,10.8305,80307.9
iteration,7416,10.8001,10.8305,80318.7
iteration,7417,10.2419,10.8304,80329
iteration,7418,10.6649,10.8304,80339.6
iteration,7419,10.6914,10.8303,80350.3
iteration,7420,9.98102,10.8302,80360.3
iteration,7421,10.8275,10.8302,80371.1
iteration,7422,10.717,10.8302,80381.9
iteration,7423,10.8911,10.8302,80392.8
iteration,7424,10.8194,10.8302,80403.6
iteration,7425,10.6522,10.8302,80414.2
iteration,7426,10.9315,10.8302,80425.2
iteration,7427,10.4542,10.8302,80435.6
iteration,7428,10.8204,10.8302,80446.4
iteration,7429,10.7759,10.8302,80457.2
iteration,7430,10.5944,10.8301,80467.8
iteration,7431,10.7876,10.8301,80478.6
iteration,7432,10.5277,10.8301,80489.1
iteration,7433,10.9054,10.8301,80500
iteration,7434,10.8924,10.8301,80510.9
iteration,7435,10.7579,10.8301,80521.7
iteration,7436,10.7109,10.8301,80532.4
iteration,7437,10.6628,10.83,80543
iteration,7438,10.7897,10.83,80553.8
iteration,7439,11.0448,10.8301,80564.9
iteration,7440,10.687,10.83,80575.6
iteration,7441,10.7854,10.83,80586.3
iteration,7442,10.7032,10.83,80597.1
iteration,7443,10.031,10.8299,80607.1
iteration,7444,10.5331,10.8299,80617.6
iteration,7445,10.199,10.8298,80627.8
iteration,7446,10.9108,10.8298,80638.7
iteration,7447,10.629,10.8298,80649.4
iteration,7448,9.97911,10.8297,80659.3
iteration,7449,10.5233,10.8296,80669.9
iteration,7450,10.1572,10.8295,80680
iteration,7451,10.5974,10.8295,80690.6
iteration,7452,9.82565,10.8294,80700.4
iteration,7453,11.4942,10.8295,80711.9
iteration,7454,10.7167,10.8294,80722.6
iteration,7455,10.0668,10.8293,80732.7
iteration,7456,10.747,10.8293,80743.5
iteration,7457,10.2128,10.8292,80753.7
iteration,7458,10.7885,10.8292,80764.5
iteration,7459,9.71303,10.8291,80774.2
iteration,7460,11.7641,10.8292,80785.9
iteration,7461,10.7298,10.8292,80796.7
iteration,7462,10.7198,10.8292,80807.4
iteration,7463,10.7379,10.8292,80818.1
iteration,7464,10.8688,10.8292,80829
iteration,7465,10.8328,10.8292,80839.8
iteration,7466,10.8293,10.8292,80850.7
iteration,7467,10.639,10.8292,80861.3
iteration,7468,10.6853,10.8291,80872
iteration,7469,10.8436,10.8291,80882.8
iteration,7470,10.8251,10.8291,80893.7
iteration,7471,10.786,10.8291,80904.4
iteration,7472,10.6203,10.8291,80915.1
iteration,7473,10.746,10.8291,80925.8
iteration,7474,10.6261,10.8291,80936.4
iteration,7475,11.0015,10.8291,80947.4
iteration,7476,10.6133,10.8291,80958
iteration,7477,10.0174,10.829,80968.1
iteration,7478,10.7015,10.8289,80978.8
iteration,7479,10.6751,10.8289,80989.4
iteration,7480,10.7802,10.8289,81000.2
iteration,7481,10.6314,10.8289,81010.9
iteration,7482,11.0966,10.8289,81021.9
iteration,7483,10.8398,10.8289,81032.8
iteration,7484,10.8212,10.8289,81043.6
iteration,7485,10.7924,10.8289,81054.4
iteration,7486,10.5928,10.8289,81065
iteration,7487,11.0196,10.8289,81076
iteration,7488,10.7838,10.8289,81086.8
iteration,7489,10.5955,10.8289,81097.4
iteration,7490,10.5187,10.8288,81107.9
iteration,7491,10.8503,10.8288,81118.8
iteration,7492,10.8829,10.8288,81129.6
iteration,7493,10.8822,10.8288,81140.5
iteration,7494,10.8075,10.8288,81151.3
iteration,7495,10.5136,10.8288,81161.8
iteration,7496,10.8303,10.8288,81172.7
iteration,7497,10.7914,10.8288,81183.5
iteration,7498,10.4742,10.8287,81193.9
iteration,7499,10.8799,10.8288,81204.8
iteration,7500,10.8138,10.8288,81215.6
iteration,7501,10.7298,10.8287,81226.4
iteration,7502,10.8884,10.8287,81237.3
iteration,7503,10.8454,10.8287,81248.1
iteration,7504,10.526,10.8287,81258.6
iteration,7505,10.6441,10.8287,81269.3
iteration,7506,10.4803,10.8286,81279.8
iteration,7507,10.7114,10.8286,81290.5
iteration,7508,10.9387,10.8286,81301.4
iteration,7509,10.5204,10.8286,81311.9
iteration,7510,11.1239,10.8286,81323
iteration,7511,10.5879,10.8286,81333.6
iteration,7512,10.7272,10.8286,81344.4
iteration,7513,10.6758,10.8286,81355
iteration,7514,10.8226,10.8286,81365.9
iteration,7515,10.7455,10.8286,81376.6
iteration,7516,10.5381,10.8285,81387.1
iteration,7517,10.1047,10.8284,81397.2
iteration,7518,10.5365,10.8284,81407.8
iteration,7519,10.3701,10.8283,81418.2
iteration,7520,10.8206,10.8283,81429
iteration,7521,10.8456,10.8283,81439.8
iteration,7522,10.6383,10.8283,81450.5
iteration,7523,10.8363,10.8283,81461.3
iteration,7524,10.9449,10.8283,81472.2
iteration,7525,10.6696,10.8283,81482.9
iteration,7526,10.6387,10.8283,81493.5
iteration,7527,10.4848,10.8282,81504
iteration,7528,10.7655,10.8282,81514.8
iteration,7529,11.0106,10.8282,81525.8
iteration,7530,10.9626,10.8283,81536.8
iteration,7531,10.5499,10.8282,81547.3
iteration,7532,10.7985,10.8282,81558.1
iteration,7533,10.6595,10.8282,81568.8
iteration,7534,10.7892,10.8282,81579.6
iteration,7535,10.2643,10.8281,81589.8
iteration,7536,10.8758,10.8281,81600.7
iteration,7537,10.7671,10.8281,81611.5
iteration,7538,10.8397,10.8281,81622.3
iteration,7539,10.794,10.8281,81633.1
iteration,7540,10.8679,10.8281,81644
iteration,7541,10.6943,10.8281,81654.7
iteration,7542,10.5506,10.8281,81665.2
iteration,7543,11.1196,10.8281,81676.3
iteration,7544,10.6206,10.8281,81687
iteration,7545,10.6698,10.828,81697.6
iteration,7546,10.1835,10.828,81707.8
iteration,7547,11.0875,10.828,81718.9
iteration,7548,10.8347,10.828,81729.7
iteration,7549,10.7167,10.828,81740.5
iteration,7550,10.8354,10.828,81751.3
iteration,7551,10.1647,10.8279,81761.5
iteration,7552,10.5629,10.8279,81772
iteration,7553,11.1426,10.8279,81783.2
iteration,7554,10.5959,10.8279,81793.8
iteration,7555,10.0596,10.8278,81803.8
iteration,7556,10.6776,10.8278,81814.5
iteration,7557,9.93785,10.8276,81824.4
iteration,7558,10.7683,10.8276,81835.2
iteration,7559,9.92361,10.8275,81845.1
iteration,7560,11.5877,10.8276,81856.7
iteration,7561,10.8355,10.8276,81867.5
iteration,7562,10.0036,10.8275,81877.6
iteration,7563,10.8798,10.8275,81888.4
iteration,7564,10.8477,10.8275,81899.3
iteration,7565,10.6412,10.8275,81909.9
iteration,7566,10.7532,10.8275,81920.7
iteration,7567,10.0942,10.8274,81930.8
iteration,7568,10.853,10.8274,81941.6
iteration,7569,10.7885,10.8274,81952.4
iteration,7570,10.5335,10.8273,81962.9
iteration,7571,10.929,10.8274,81973.9
iteration,7572,10.4415,10.8273,81984.3
iteration,7573,10.9264,10.8273,81995.2
iteration,7574,10.716,10.8273,82006
iteration,7575,10.1564,10.8272,82016.1
iteration,7576,10.7082,10.8272,82026.8
iteration,7577,9.9544,10.8271,82036.8
iteration,7578,10.8377,10.8271,82047.6
iteration,7579,9.93879,10.827,82057.5
iteration,7580,11.4278,10.827,82069
iteration,7581,11.0218,10.8271,82080
iteration,7582,10.6187,10.827,82090.6
iteration,7583,11.0258,10.8271,82101.6
iteration,7584,10.7654,10.8271,82112.4
iteration,7585,10.7909,10.8271,82123.2
iteration,7586,10.8427,10.8271,82134
iteration,7587,10.8731,10.8271,82144.9
iteration,7588,10.65,10.827,82155.6
iteration,7589,10.78,10.827,82166.3
iteration,7590,10.5267,10.827,82176.9
iteration,7591,10.2008,10.8269,82187.1
iteration,7592,10.631,10.8269,82197.7
iteration,7593,10.2014,10.8268,82207.9
iteration,7594,11.0045,10.8268,82218.9
iteration,7595,10.8426,10.8268,82229.8
iteration,7596,10.3547,10.8268,82240.1
iteration,7597,10.8438,10.8268,82251
iteration,7598,10.2143,10.8267,82261.2
iteration,7599,10.9948,10.8267,82272.2
iteration,7600,10.8066,10.8267,82283
iteration,7601,10.3318,10.8266,82293.3
iteration,7602,10.7781,10.8266,82304.1
iteration,7603,10.6601,10.8266,82314.7
iteration,7604,10.7283,10.8266,82325.5
iteration,7605,10.8716,10.8266,82336.3
iteration,7606,10.6616,10.8266,82347
iteration,7607,10.9536,10.8266,82358
iteration,7608,10.9157,10.8266,82368.9
iteration,7609,10.9498,10.8266,82379.8
iteration,7610,10.9655,10.8266,82390.8
iteration,7611,11.4152,10.8267,82402.2
iteration,7612,10.8002,10.8267,82413
iteration,7613,11.056,10.8268,82424.1
iteration,7614,10.8617,10.8268,82434.9
iteration,7615,10.8684,10.8268,82445.8
iteration,7616,10.1013,10.8267,82455.9
iteration,7617,10.914,10.8267,82466.8
iteration,7618,10.0367,10.8266,82476.8
iteration,7619,11.2013,10.8266,82488
iteration,7620,11.1736,10.8267,82499.2
iteration,7621,10.523,10.8266,82509.7
iteration,7622,10.2127,10.8265,82519.9
iteration,7623,10.6715,10.8265,82530.6
iteration,7624,10.7334,10.8265,82541.4
iteration,7625,10.8493,10.8265,82552.2
iteration,7626,11.1991,10.8266,82563.4
iteration,7627,10.8505,10.8266,82574.3
iteration,7628,10.781,10.8266,82585
iteration,7629,10.6744,10.8265,82595.7
iteration,7630,11.1026,10.8266,82606.8
iteration,7631,10.8072,10.8266,82617.6
iteration,7632,10.7814,10.8266,82628.4
iteration,7633,10.7547,10.8266,82639.2
iteration,7634,11.1674,10.8266,82650.3
iteration,7635,10.7977,10.8266,82661.1
iteration,7636,10.7665,10.8266,82671.9
iteration,7637,10.7859,10.8266,82682.7
iteration,7638,10.8034,10.8266,82693.5
iteration,7639,11.1391,10.8266,82704.6
iteration,7640,10.6999,10.8266,82715.3
iteration,7641,10.7186,10.8266,82726
iteration,7642,10.0402,10.8265,82736.1
iteration,7643,10.584,10.8265,82746.7
iteration,7644,10.2849,10.8264,82756.9
iteration,7645,10.8706,10.8264,82767.8
iteration,7646,10.5458,10.8264,82778.4
iteration,7647,10.9234,10.8264,82789.3
iteration,7648,10.8484,10.8264,82800.1
iteration,7649,10.7008,10.8264,82810.8
iteration,7650,11.0691,10.8264,82821.9
iteration,7651,10.7562,10.8264,82832.7
iteration,7652,10.5226,10.8263,82843.2
iteration,7653,10.955,10.8264,82854.1
iteration,7654,10.8361,10.8264,82865
iteration,7655,10.7664,10.8264,82875.7
iteration,7656,11.1307,10.8264,82886.9
iteration,7657,10.8445,10.8264,82897.7
iteration,7658,11.1064,10.8264,82908.8
iteration,7659,10.7442,10.8264,82919.6
iteration,7660,10.7268,10.8264,82930.3
iteration,7661,10.2267,10.8263,82940.5
iteration,7662,10.8853,10.8263,82951.4
iteration,7663,10.7274,10.8263,82962.1
iteration,7664,10.784,10.8263,82972.9
iteration,7665,10.2758,10.8262,82983.2
iteration,7666,10.7187,10.8262,82993.9
iteration,7667,10.5923,10.8262,83004.5
iteration,7668,10.9476,10.8262,83015.4
iteration,7669,10.7696,10.8262,83026.2
iteration,7670,11.1241,10.8263,83037.3
iteration,7671,10.934,10.8263,83048.3
iteration,7672,10.9834,10.8263,83059.3
iteration,7673,10.6002,10.8263,83069.9
iteration,7674,11.013,10.8263,83080.9
iteration,7675,10.6662,10.8263,83091.5
iteration,7676,10.1566,10.8262,83101.7
iteration,7677,10.9872,10.8262,83112.7
iteration,7678,10.407,10.8261,83123.1
iteration,7679,10.903,10.8261,83134
iteration,7680,10.0694,10.826,83144.1
iteration,7681,11.4747,10.8261,83155.5
iteration,7682,10.9168,10.8261,83166.4
iteration,7683,11.1593,10.8262,83177.6
iteration,7684,11.0323,10.8262,83188.6
iteration,7685,11.0358,10.8262,83199.7
iteration,7686,10.8825,10.8263,83210.6
iteration,7687,11.1384,10.8263,83221.7
iteration,7688,10.8616,10.8263,83232.6
iteration,7689,10.3009,10.8262,83242.9
iteration,7690,10.6851,10.8262,83253.5
iteration,7691,10.2234,10.8261,83263.8
iteration,7692,10.867,10.8261,83274.6
iteration,7693,10.6006,10.8261,83285.2
iteration,7694,11.0636,10.8261,83296.3
iteration,7695,10.5852,10.8261,83306.9
iteration,7696,10.8421,10.8261,83317.7
iteration,7697,10.9355,10.8261,83328.7
iteration,7698,10.8522,10.8261,83339.5
iteration,7699,10.8383,10.8261,83350.4
iteration,7700,10.859,10.8261,83361.2
iteration,7701,10.855,10.8261,83372.1
iteration,7702,10.9854,10.8262,83383.1
iteration,7703,10.9736,10.8262,83394
iteration,7704,11.3169,10.8262,83405.3
iteration,7705,10.8622,10.8262,83416.2
iteration,7706,10.7799,10.8262,83427
iteration,7707,10.7207,10.8262,83437.7
iteration,7708,10.9342,10.8262,83448.6
iteration,7709,10.9599,10.8263,83459.6
iteration,7710,11.0518,10.8263,83470.7
iteration,7711,10.2688,10.8262,83480.9
iteration,7712,10.5672,10.8262,83491.5
iteration,7713,10.7841,10.8262,83502.3
iteration,7714,10.9672,10.8262,83513.2
iteration,7715,11.1387,10.8262,83524.4
iteration,7716,10.6596,10.8262,83535
iteration,7717,10.8725,10.8262,83545.9
iteration,7718,10.8637,10.8262,83556.8
iteration,7719,10.7658,10.8262,83567.5
iteration,7720,11.0442,10.8262,83578.6
iteration,7721,10.9458,10.8263,83589.5
iteration,7722,10.8217,10.8263,83600.4
iteration,7723,10.8234,10.8263,83611.2
iteration,7724,10.3247,10.8262,83621.5
iteration,7725,10.6473,10.8262,83632.1
iteration,7726,10.3748,10.8261,83642.5
iteration,7727,11.1516,10.8262,83653.7
iteration,7728,10.7165,10.8261,83664.4
iteration,7729,11.078,10.8262,83675.5
iteration,7730,10.8585,10.8262,83686.3
iteration,7731,10.661,10.8262,83697
iteration,7732,10.961,10.8262,83707.9
iteration,7733,10.8921,10.8262,83718.8
iteration,7734,10.7558,10.8262,83729.6
iteration,7735,10.7917,10.8262,83740.4
iteration,7736,10.1548,10.8261,83750.5
iteration,7737,10.742,10.8261,83761.3
iteration,7738,11.0437,10.8261,83772.3
iteration,7739,11.1219,10.8261,83783.4
iteration,7740,11.2173,10.8262,83794.7
iteration,7741,10.866,10.8262,83805.5
iteration,7742,10.8012,10.8262,83816.3
iteration,7743,10.8678,10.8262,83827.2
iteration,7744,10.9375,10.8262,83838.1
iteration,7745,10.9339,10.8262,83849.1
iteration,7746,10.7488,10.8262,83859.8
iteration,7747,10.8522,10.8262,83870.7
iteration,7748,10.9359,10.8262,83881.6
iteration,7749,10.9603,10.8262,83892.6
iteration,7750,11.2504,10.8263,83903.8
iteration,7751,10.9829,10.8263,83914.8
iteration,7752,11.095,10.8264,83925.9
iteration,7753,11.143,10.8264,83937
iteration,7754,10.8855,10.8264,83947.9
iteration,7755,10.896,10.8264,83958.8
iteration,7756,10.3193,10.8263,83969.1
iteration,7757,11.0004,10.8264,83980.1
iteration,7758,11.1285,10.8264,83991.3
iteration,7759,10.9883,10.8264,84002.3
iteration,7760,11.0617,10.8265,84013.3
iteration,7761,10.7991,10.8265,84024.1
iteration,7762,10.1567,10.8264,84034.3
iteration,7763,10.9212,10.8264,84045.2
iteration,7764,10.2947,10.8263,84055.5
iteration,7765,11.9343,10.8265,84067.4
iteration,7766,11.1045,10.8265,84078.5
iteration,7767,10.1578,10.8264,84088.7
iteration,7768,10.8864,10.8264,84099.6
iteration,7769,11.0715,10.8264,84110.6
iteration,7770,10.5011,10.8264,84121.1
iteration,7771,10.9495,10.8264,84132.1
iteration,7772,11.1732,10.8265,84143.3
iteration,7773,10.9318,10.8265,84154.2
iteration,7774,10.7681,10.8265,84165
iteration,7775,11.105,10.8265,84176.1
iteration,7776,11.2358,10.8266,84187.3
iteration,7777,11.074,10.8266,84198.4
iteration,7778,10.7469,10.8266,84209.1
iteration,7779,11.4083,10.8267,84220.5
iteration,7780,10.8999,10.8267,84231.4
iteration,7781,11.2725,10.8267,84242.7
iteration,7782,10.9106,10.8267,84253.6
iteration,7783,11.0489,10.8268,84264.7
iteration,7784,11.2416,10.8268,84275.9
iteration,7785,11.1158,10.8269,84287
iteration,7786,10.548,10.8268,84297.6
iteration,7787,11.2014,10.8269,84308.8
iteration,7788,10.8193,10.8269,84319.6
iteration,7789,10.8106,10.8269,84330.4
iteration,7790,10.6801,10.8268,84341.1
iteration,7791,11.0522,10.8269,84352.1
iteration,7792,11.0216,10.8269,84363.2
iteration,7793,11.0998,10.8269,84374.3
iteration,7794,11.1671,10.827,84385.4
iteration,7795,10.975,10.827,84396.4
iteration,7796,10.8775,10.827,84407.3
iteration,7797,10.8192,10.827,84418.1
iteration,7798,10.9798,10.827,84429.1
iteration,7799,11.3224,10.8271,84440.4
iteration,7800,11.1087,10.8271,84451.5
iteration,7801,10.9555,10.8271,84462.5
iteration,7802,10.9014,10.8271,84473.4
iteration,7803,11.2486,10.8272,84484.6
iteration,7804,10.8962,10.8272,84495.5
iteration,7805,11.0829,10.8272,84506.6
iteration,7806,11.3203,10.8273,84517.9
iteration,7807,10.9985,10.8273,84528.9
iteration,7808,10.8564,10.8273,84539.8
iteration,7809,10.9329,10.8273,84550.7
iteration,7810,10.803,10.8273,84561.5
iteration,7811,10.8725,10.8273,84572.4
iteration,7812,11.0053,10.8274,84583.4
iteration,7813,10.9399,10.8274,84594.3
iteration,7814,10.4119,10.8273,84604.7
iteration,7815,11.0349,10.8274,84615.8
iteration,7816,10.3401,10.8273,84626.1
iteration,7817,10.7001,10.8273,84636.8
iteration,7818,10.4409,10.8272,84647.3
iteration,7819,11.5996,10.8273,84658.9
iteration,7820,10.8426,10.8273,84669.7
iteration,7821,10.3303,10.8273,84680
iteration,7822,11.1037,10.8273,84691.1
iteration,7823,10.1215,10.8272,84701.3
iteration,7824,11.4176,10.8273,84712.7
iteration,7825,11.0822,10.8273,84723.8
iteration,7826,11.0918,10.8274,84734.8
iteration,7827,10.3449,10.8273,84745.2
iteration,7828,10.9238,10.8273,84756.1
iteration,7829,10.8792,10.8273,84767
iteration,7830,10.3958,10.8273,84777.4
iteration,7831,10.7516,10.8272,84788.1
iteration,7832,10.2847,10.8272,84798.4
iteration,7833,11.087,10.8272,84809.5
iteration,7834,10.9358,10.8272,84820.4
iteration,7835,10.1863,10.8271,84830.6
iteration,7836,10.8616,10.8271,84841.5
iteration,7837,10.3406,10.8271,84851.8
iteration,7838,11.8559,10.8272,84863.7
iteration,7839,11.1315,10.8273,84874.8
iteration,7840,10.1427,10.8272,84885
iteration,7841,10.7973,10.8272,84895.8
iteration,7842,11.1217,10.8272,84906.9
iteration,7843,10.5918,10.8272,84917.5
iteration,7844,11.188,10.8272,84928.7
iteration,7845,10.3072,10.8271,84939
iteration,7846,10.9092,10.8272,84949.9
iteration,7847,11.1122,10.8272,84961
iteration,7848,10.3293,10.8271,84971.3
iteration,7849,10.7297,10.8271,84982.1
iteration,7850,10.3315,10.8271,84992.4
iteration,7851,10.884,10.8271,85003.3
iteration,7852,10.8844,10.8271,85014.2
iteration,7853,11.1054,10.8271,85025.3
iteration,7854,11.0175,10.8271,85036.3
iteration,7855,10.6304,10.8271,85046.9
iteration,7856,10.3088,10.827,85057.2
iteration,7857,10.6622,10.827,85067.9
iteration,7858,10.3093,10.827,85078.2
iteration,7859,11.5228,10.827,85089.7
iteration,7860,10.996,10.8271,85100.7
iteration,7861,11.1009,10.8271,85111.8
iteration,7862,10.811,10.8271,85122.6
iteration,7863,10.8204,10.8271,85133.4
iteration,7864,10.986,10.8271,85144.4
iteration,7865,11.072,10.8271,85155.5
iteration,7866,10.8906,10.8272,85166.4
iteration,7867,10.4867,10.8271,85176.9
iteration,7868,10.9259,10.8271,85187.8
iteration,7869,10.185,10.827,85198
iteration,7870,11.234,10.8271,85209.2
iteration,7871,10.8581,10.8271,85220.1
iteration,7872,11.3412,10.8272,85231.4
iteration,7873,10.7583,10.8272,85242.2
iteration,7874,10.3153,10.8271,85252.5
iteration,7875,10.9663,10.8271,85263.5
iteration,7876,10.197,10.827,85273.7
iteration,7877,11.0716,10.8271,85284.7
iteration,7878,10.7409,10.827,85295.5
iteration,7879,10.3912,10.827,85305.9
iteration,7880,10.9588,10.827,85316.8
iteration,7881,9.99349,10.8269,85326.8
iteration,7882,11.3918,10.827,85338.2
iteration,7883,11.0302,10.827,85349.2
iteration,7884,10.2598,10.8269,85359.5
iteration,7885,10.8759,10.8269,85370.4
iteration,7886,10.1205,10.8268,85380.5
iteration,7887,10.9464,10.8269,85391.4
iteration,7888,10.9334,10.8269,85402.4
iteration,7889,10.1221,10.8268,85412.5
iteration,7890,10.9943,10.8268,85423.5
iteration,7891,10.1694,10.8267,85433.7
iteration,7892,10.7529,10.8267,85444.4
iteration,7893,11.0812,10.8267,85455.5
iteration,7894,10.5469,10.8267,85466
iteration,7895,11.0803,10.8267,85477.1
iteration,7896,10.295,10.8267,85487.4
iteration,7897,11.6041,10.8268,85499
iteration,7898,10.7636,10.8268,85509.8
iteration,7899,10.8168,10.8268,85520.6
iteration,7900,10.5169,10.8267,85531.1
iteration,7901,11.1094,10.8268,85542.2
iteration,7902,10.0758,10.8267,85552.3
iteration,7903,10.8865,10.8267,85563.2
iteration,7904,10.8486,10.8267,85574
iteration,7905,10.5851,10.8266,85584.6
iteration,7906,11.0789,10.8267,85595.7
iteration,7907,10.9824,10.8267,85606.7
iteration,7908,10.7283,10.8267,85617.4
iteration,7909,11.1588,10.8267,85628.6
iteration,7910,10.3053,10.8267,85638.9
iteration,7911,11.7674,10.8268,85650.6
iteration,7912,10.428,10.8267,85661.1
iteration,7913,10.9668,10.8267,85672
iteration,7914,10.1821,10.8267,85682.2
iteration,7915,11.3585,10.8267,85693.6
iteration,7916,10.9557,10.8267,85704.5
iteration,7917,11.3173,10.8268,85715.8
iteration,7918,10.799,10.8268,85726.6
iteration,7919,11.1181,10.8268,85737.8
iteration,7920,10.4259,10.8268,85748.2
iteration,7921,10.8634,10.8268,85759.1
iteration,7922,10.7446,10.8268,85769.8
iteration,7923,10.8595,10.8268,85780.7
iteration,7924,11.3807,10.8269,85792
iteration,7925,10.7917,10.8269,85802.8
iteration,7926,10.3097,10.8268,85813.1
iteration,7927,11.0994,10.8268,85824.2
iteration,7928,10.0612,10.8267,85834.3
iteration,7929,11.0258,10.8268,85845.3
iteration,7930,10.7299,10.8267,85856.1
iteration,7931,11.2671,10.8268,85867.3
iteration,7932,10.1928,10.8267,85877.5
iteration,7933,11.7101,10.8268,85889.2
iteration,7934,10.81,10.8268,85900
iteration,7935,10.4644,10.8268,85910.5
iteration,7936,10.685,10.8268,85921.2
iteration,7937,10.3765,10.8267,85931.6
iteration,7938,10.8958,10.8267,85942.5
iteration,7939,10.024,10.8266,85952.5
iteration,7940,11.2928,10.8267,85963.8
iteration,7941,11.0223,10.8267,85974.8
iteration,7942,10.6754,10.8267,85985.5
iteration,7943,10.3051,10.8266,85995.8
iteration,7944,10.6629,10.8266,86006.4
iteration,7945,10.3201,10.8265,86016.8
iteration,7946,11.6849,10.8266,86028.4
iteration,7947,11.0747,10.8267,86039.5
iteration,7948,10.0385,10.8266,86049.6
iteration,7949,10.9529,10.8266,86060.5
iteration,7950,11.0601,10.8266,86071.6
iteration,7951,10.9299,10.8266,86082.5
iteration,7952,10.8938,10.8266,86093.4
iteration,7953,10.9817,10.8267,86104.4
iteration,7954,11.0266,10.8267,86115.4
iteration,7955,10.8304,10.8267,86126.2
iteration,7956,10.693,10.8267,86136.9
iteration,7957,10.0112,10.8266,86146.9
iteration,7958,10.5769,10.8265,86157.5
iteration,7959,10.2674,10.8265,86167.8
iteration,7960,11.1855,10.8265,86179
iteration,7961,10.6634,10.8265,86189.6
iteration,7962,10.3181,10.8264,86199.9
iteration,7963,10.6948,10.8264,86210.6
iteration,7964,10.1744,10.8263,86220.8
iteration,7965,11.156,10.8264,86232
iteration,7966,10.5652,10.8263,86242.5
iteration,7967,10.284,10.8263,86252.8
iteration,7968,10.5766,10.8262,86263.4
iteration,7969,10.2324,10.8262,86273.6
iteration,7970,10.8813,10.8262,86284.5
iteration,7971,10.8056,10.8262,86295.3
iteration,7972,10.7172,10.8261,86306
iteration,7973,10.5287,10.8261,86316.6
iteration,7974,11.0836,10.8261,86327.6
iteration,7975,10.2266,10.8261,86337.9
iteration,7976,10.6898,10.826,86348.6
iteration,7977,10.8547,10.8261,86359.4
iteration,7978,10.3051,10.826,86369.7
iteration,7979,10.8815,10.826,86380.6
iteration,7980,10.1528,10.8259,86390.8
iteration,7981,10.6613,10.8259,86401.4
iteration,7982,10.7887,10.8259,86412.2
iteration,7983,11.078,10.8259,86423.3
iteration,7984,11.0761,10.8259,86434.4
iteration,7985,10.6497,10.8259,86445
iteration,7986,10.5896,10.8259,86455.6
iteration,7987,10.1932,10.8258,86465.8
iteration,7988,10.6827,10.8258,86476.5
iteration,7989,10.9492,10.8258,86487.4
iteration,7990,10.7259,10.8258,86498.2
iteration,7991,10.8097,10.8258,86509
iteration,7992,10.6485,10.8258,86519.6
iteration,7993,10.7652,10.8258,86530.4
iteration,7994,10.8756,10.8258,86541.3
iteration,7995,10.8341,10.8258,86552.1
iteration,7996,10.7391,10.8258,86562.8
iteration,7997,10.7827,10.8258,86573.6
iteration,7998,10.7966,10.8258,86584.4
iteration,7999,10.8162,10.8258,86595.2
iteration,8000,10.8577,10.8258,86606.1
iteration,8001,10.0617,10.8257,86616.1
iteration,8002,11.0047,10.8257,86627.1
iteration,8003,10.1541,10.8256,86637.3
iteration,8004,10.8276,10.8256,86648.1
iteration,8005,10.9023,10.8256,86659
iteration,8006,10.215,10.8255,86669.2
iteration,8007,10.9687,10.8256,86680.2
iteration,8008,10.7227,10.8255,86690.9
iteration,8009,10.7874,10.8255,86701.7
iteration,8010,10.3575,10.8255,86712.1
iteration,8011,10.7962,10.8255,86722.9
iteration,8012,10.1691,10.8254,86733
iteration,8013,10.7779,10.8254,86743.8
iteration,8014,10.8456,10.8254,86754.7
iteration,8015,10.3818,10.8253,86765
iteration,8016,10.7823,10.8253,86775.8
iteration,8017,11.0985,10.8254,86786.9
iteration,8018,10.6979,10.8253,86797.6
iteration,8019,10.8833,10.8254,86808.5
iteration,8020,10.8219,10.8254,86819.3
iteration,8021,10.99,10.8254,86830.3
iteration,8022,10.8666,10.8254,86841.2
iteration,8023,10.6531,10.8254,86851.8
iteration,8024,10.7727,10.8254,86862.6
iteration,8025,10.7,10.8253,86873.3
iteration,8026,10.8336,10.8253,86884.1
iteration,8027,10.9085,10.8253,86895.1
iteration,8028,10.5514,10.8253,86905.6
iteration,8029,10.7153,10.8253,86916.3
iteration,8030,10.8679,10.8253,86927.2
iteration,8031,10.1155,10.8252,86937.3
iteration,8032,10.6058,10.8252,86947.9
iteration,8033,10.9276,10.8252,86958.8
iteration,8034,10.9007,10.8252,86969.7
iteration,8035,10.6633,10.8252,86980.4
iteration,8036,10.8071,10.8252,86991.2
iteration,8037,10.2893,10.8251,87001.5
iteration,8038,10.7696,10.8251,87012.3
iteration,8039,10.0974,10.825,87022.4
iteration,8040,10.686,10.825,87033.1
iteration,8041,10.8647,10.825,87043.9
iteration,8042,10.3299,10.825,87054.2
iteration,8043,10.8223,10.8249,87065.1
iteration,8044,11.0258,10.825,87076.1
iteration,8045,10.9307,10.825,87087
iteration,8046,10.6225,10.825,87097.7
iteration,8047,10.7999,10.825,87108.4
iteration,8048,10.4489,10.8249,87118.9
iteration,8049,10.7787,10.8249,87129.7
iteration,8050,9.99805,10.8248,87139.7
iteration,8051,10.6181,10.8248,87150.3
iteration,8052,10.8746,10.8248,87161.2
iteration,8053,10.5051,10.8247,87171.7
iteration,8054,11.0761,10.8248,87182.7
iteration,8055,10.7527,10.8248,87193.5
iteration,8056,10.6109,10.8247,87204.1
iteration,8057,10.7903,10.8247,87214.9
iteration,8058,10.969,10.8248,87225.9
iteration,8059,10.9042,10.8248,87236.8
iteration,8060,10.6035,10.8247,87247.4
iteration,8061,10.0506,10.8246,87257.4
iteration,8062,10.5635,10.8246,87268
iteration,8063,10.212,10.8245,87278.2
iteration,8064,10.7519,10.8245,87289
iteration,8065,10.7147,10.8245,87299.7
iteration,8066,10.8944,10.8245,87310.6
iteration,8067,10.4243,10.8245,87321
iteration,8068,10.8124,10.8245,87331.8
iteration,8069,10.7568,10.8245,87342.6
iteration,8070,10.771,10.8245,87353.3
iteration,8071,10.5249,10.8244,87363.9
iteration,8072,10.1445,10.8243,87374
iteration,8073,10.5855,10.8243,87384.6
iteration,8074,10.2363,10.8242,87394.8
iteration,8075,10.8967,10.8242,87405.7
iteration,8076,10.7026,10.8242,87416.4
iteration,8077,10.1865,10.8241,87426.6
iteration,8078,10.4408,10.8241,87437
iteration,8079,10.0819,10.824,87447.1
iteration,8080,10.6222,10.824,87457.8
iteration,8081,10.8619,10.824,87468.6
iteration,8082,10.3291,10.8239,87478.9
iteration,8083,10.596,10.8239,87489.5
iteration,8084,10.4169,10.8238,87500
iteration,8085,10.6249,10.8238,87510.6
iteration,8086,10.9067,10.8238,87521.5
iteration,8087,10.7641,10.8238,87532.3
iteration,8088,10.8168,10.8238,87543.1
iteration,8089,10.6297,10.8238,87553.7
iteration,8090,10.1727,10.8237,87563.9
iteration,8091,10.4957,10.8237,87574.4
iteration,8092,11.1232,10.8237,87585.5
iteration,8093,10.6342,10.8237,87596.1
iteration,8094,11.1561,10.8237,87607.3
iteration,8095,10.6819,10.8237,87618
iteration,8096,11.4533,10.8238,87629.4
iteration,8097,10.6809,10.8238,87640.1
iteration,8098,10.8665,10.8238,87651
iteration,8099,10.3262,10.8237,87661.3
iteration,8100,10.9549,10.8237,87672.2
iteration,8101,10.0834,10.8236,87682.3
iteration,8102,10.5644,10.8236,87692.9
iteration,8103,10.7395,10.8236,87703.6
iteration,8104,10.4427,10.8236,87714.1
iteration,8105,10.929,10.8236,87725
iteration,8106,10.0907,10.8235,87735.1
iteration,8107,10.6563,10.8235,87745.8
iteration,8108,10.8376,10.8235,87756.6
iteration,8109,10.3101,10.8234,87766.9
iteration,8110,11.1306,10.8234,87778
iteration,8111,10.135,10.8233,87788.2
iteration,8112,10.6497,10.8233,87798.8
iteration,8113,10.9249,10.8233,87809.7
iteration,8114,10.3704,10.8233,87820.1
iteration,8115,11.0532,10.8233,87831.2
iteration,8116,10.7943,10.8233,87842
iteration,8117,11.0173,10.8233,87853
iteration,8118,10.0712,10.8232,87863
iteration,8119,10.6894,10.8232,87873.7
iteration,8120,11.097,10.8233,87884.8
iteration,8121,10.5786,10.8232,87895.4
iteration,8122,10.709,10.8232,87906.1
iteration,8123,10.9865,10.8232,87917.1
iteration,8124,10.7774,10.8232,87927.9
iteration,8125,11.0413,10.8233,87938.9
iteration,8126,10.5276,10.8232,87949.5
iteration,8127,10.9837,10.8232,87960.4
iteration,8128,10.174,10.8232,87970.6
iteration,8129,10.6663,10.8231,87981.3
iteration,8130,10.9371,10.8232,87992.2
iteration,8131,10.6656,10.8231,88002.9
iteration,8132,10.1869,10.8231,88013.1
iteration,8133,11.1614,10.8231,88024.2
iteration,8134,10.2801,10.823,88034.5
iteration,8135,11.0579,10.8231,88045.6
iteration,8136,11.1056,10.8231,88056.7
iteration,8137,11.1509,10.8231,88067.8
iteration,8138,10.81,10.8231,88078.6
iteration,8139,11.3097,10.8232,88089.9
iteration,8140,10.8325,10.8232,88100.8
iteration,8141,10.8265,10.8232,88111.6
iteration,8142,10.3196,10.8231,88121.9
iteration,8143,10.7666,10.8231,88132.7
iteration,8144,10.2774,10.8231,88143
iteration,8145,10.983,10.8231,88153.9
iteration,8146,10.7291,10.8231,88164.7
iteration,8147,10.6606,10.823,88175.3
iteration,8148,10.9369,10.8231,88186.3
iteration,8149,10.84,10.8231,88197.1
iteration,8150,10.8223,10.8231,88207.9
iteration,8151,10.7974,10.8231,88218.7
iteration,8152,10.9882,10.8231,88229.7
iteration,8153,10.8714,10.8231,88240.6
iteration,8154,11.0821,10.8231,88251.7
iteration,8155,10.9543,10.8231,88262.6
iteration,8156,10.9179,10.8231,88273.5
iteration,8157,11.3041,10.8232,88284.9
iteration,8158,11.0248,10.8232,88295.9
iteration,8159,10.8925,10.8232,88306.8
iteration,8160,11.2193,10.8233,88318
iteration,8161,10.8277,10.8233,88328.8
iteration,8162,11.1528,10.8233,88340
iteration,8163,11.0879,10.8234,88351.1
iteration,8164,10.9645,10.8234,88362
iteration,8165,10.3938,10.8233,88372.4
iteration,8166,10.674,10.8233,88383.1
iteration,8167,10.3312,10.8232,88393.4
iteration,8168,11.5077,10.8233,88404.9
iteration,8169,10.4655,10.8233,88415.4
iteration,8170,11.1952,10.8233,88426.6
iteration,8171,10.7569,10.8233,88437.3
iteration,8172,10.325,10.8233,88447.7
iteration,8173,10.6407,10.8232,88458.3
iteration,8174,10.4404,10.8232,88468.8
iteration,8175,10.9179,10.8232,88479.7
iteration,8176,10.2173,10.8231,88489.9
iteration,8177,11.3851,10.8232,88501.3
iteration,8178,10.8684,10.8232,88512.1
iteration,8179,10.3619,10.8231,88522.5
iteration,8180,10.9523,10.8232,88533.5
iteration,8181,11.0159,10.8232,88544.5
iteration,8182,10.3432,10.8231,88554.8
iteration,8183,10.8496,10.8231,88565.7
iteration,8184,10.5389,10.8231,88576.2
iteration,8185,10.9879,10.8231,88587.2
iteration,8186,10.6813,10.8231,88597.9
iteration,8187,10.2946,10.823,88608.2
iteration,8188,11.2454,10.8231,88619.4
iteration,8189,10.2299,10.823,88629.6
iteration,8190,11.4715,10.8231,88641.1
iteration,8191,11.1123,10.8231,88652.2
iteration,8192,11.2897,10.8232,88663.5
iteration,8193,10.7599,10.8232,88674.3
iteration,8194,10.3052,10.8231,88684.6
iteration,8195,11.133,10.8231,88695.7
iteration,8196,11.0908,10.8232,88706.8
iteration,8197,10.9074,10.8232,88717.7
iteration,8198,11.0461,10.8232,88728.8
iteration,8199,11.0162,10.8232,88739.8
iteration,8200,11.0705,10.8233,88750.8
iteration,8201,11.1011,10.8233,88761.9
iteration,8202,11.3502,10.8234,88773.3
iteration,8203,10.8958,10.8234,88784.2
iteration,8204,10.958,10.8234,88795.1
iteration,8205,11.214,10.8234,88806.4
iteration,8206,11.1365,10.8235,88817.5
iteration,8207,10.8164,10.8235,88828.3
iteration,8208,11.3014,10.8235,88839.6
iteration,8209,10.9079,10.8236,88850.5
iteration,8210,11.0016,10.8236,88861.5
iteration,8211,10.8227,10.8236,88872.3
iteration,8212,10.8536,10.8236,88883.2
iteration,8213,11.0288,10.8236,88894.2
iteration,8214,11.0954,10.8236,88905.3
iteration,8215,11.0105,10.8237,88916.3
iteration,8216,10.7549,10.8236,88927.1
iteration,8217,10.4168,10.8236,88937.5
iteration,8218,11.1407,10.8236,88948.6
iteration,8219,10.4317,10.8236,88959.1
iteration,8220,11.1699,10.8236,88970.3
iteration,8221,10.7853,10.8236,88981
iteration,8222,11.366,10.8237,88992.4
iteration,8223,10.8676,10.8237,89003.3
iteration,8224,10.9613,10.8237,89014.2
iteration,8225,11.1494,10.8238,89025.4
iteration,8226,11.1287,10.8238,89036.5
iteration,8227,11.0958,10.8238,89047.6
iteration,8228,11.1331,10.8239,89058.7
iteration,8229,10.8637,10.8239,89069.6
iteration,8230,10.3926,10.8238,89080
iteration,8231,10.9892,10.8238,89091
iteration,8232,10.3336,10.8238,89101.3
iteration,8233,11.0812,10.8238,89112.4
iteration,8234,10.8971,10.8238,89123.3
iteration,8235,11.2453,10.8239,89134.5
iteration,8236,10.8523,10.8239,89145.4
iteration,8237,10.7886,10.8239,89156.2
iteration,8238,10.3145,10.8238,89166.5
iteration,8239,10.6987,10.8238,89177.2
iteration,8240,10.6257,10.8238,89187.8
iteration,8241,10.7989,10.8238,89198.6
iteration,8242,10.9727,10.8238,89209.6
iteration,8243,10.834,10.8238,89220.4
iteration,8244,10.8211,10.8238,89231.2
iteration,8245,11.2478,10.8238,89242.5
iteration,8246,11.0003,10.8239,89253.5
iteration,8247,10.663,10.8238,89264.2
iteration,8248,10.257,10.8238,89274.4
iteration,8249,11.0243,10.8238,89285.4
iteration,8250,10.4441,10.8237,89295.9
iteration,8251,10.9854,10.8238,89306.9
iteration,8252,10.9439,10.8238,89317.8
iteration,8253,10.3881,10.8237,89328.2
iteration,8254,11.1248,10.8238,89339.3
iteration,8255,10.2553,10.8237,89349.6
iteration,8256,10.9977,10.8237,89360.6
iteration,8257,10.7468,10.8237,89371.3
iteration,8258,11.2468,10.8238,89382.6
iteration,8259,10.326,10.8237,89392.9
iteration,8260,10.9459,10.8237,89403.8
iteration,8261,10.9179,10.8237,89414.8
iteration,8262,10.3486,10.8237,89425.1
iteration,8263,10.8792,10.8237,89436
iteration,8264,11.0739,10.8237,89447.1
iteration,8265,10.9051,10.8237,89458
iteration,8266,11.2285,10.8238,89469.2
iteration,8267,10.9738,10.8238,89480.2
iteration,8268,10.9282,10.8238,89491.1
iteration,8269,11.0948,10.8238,89502.2
iteration,8270,11.0742,10.8239,89513.3
iteration,8271,11.0576,10.8239,89524.3
iteration,8272,10.9801,10.8239,89535.3
iteration,8273,11.0185,10.8239,89546.3
iteration,8274,11.1476,10.824,89557.5
iteration,8275,11.1883,10.824,89568.7
iteration,8276,10.9238,10.824,89579.6
iteration,8277,11.2431,10.8241,89590.8
iteration,8278,11.1245,10.8241,89602
iteration,8279,11.1218,10.8241,89613.1
iteration,8280,11.1178,10.8242,89624.2
iteration,8281,10.9217,10.8242,89635.1
iteration,8282,11.1985,10.8242,89646.3
iteration,8283,10.1689,10.8242,89656.5
iteration,8284,10.8148,10.8242,89667.3
iteration,8285,10.995,10.8242,89678.3
iteration,8286,11.4745,10.8243,89689.8
iteration,8287,11.0129,10.8243,89700.8
iteration,8288,10.8937,10.8243,89711.7
iteration,8289,10.9128,10.8243,89722.6
iteration,8290,10.9586,10.8243,89733.5
iteration,8291,10.85,10.8243,89744.4
iteration,8292,11.0994,10.8243,89755.5
iteration,8293,11.2363,10.8244,89766.7
iteration,8294,10.8411,10.8244,89777.6
iteration,8295,11.2731,10.8245,89788.8
iteration,8296,10.9343,10.8245,89799.8
iteration,8297,11.3733,10.8245,89811.2
iteration,8298,10.9784,10.8246,89822.1
iteration,8299,11.0328,10.8246,89833.2
iteration,8300,11.0501,10.8246,89844.2
iteration,8301,11.1901,10.8246,89855.4
iteration,8302,11.1264,10.8247,89866.5
iteration,8303,10.9742,10.8247,89877.5
iteration,8304,11.3428,10.8248,89888.8
iteration,8305,10.9007,10.8248,89899.7
iteration,8306,11.4957,10.8249,89911.2
iteration,8307,11.062,10.8249,89922.3
iteration,8308,10.9984,10.8249,89933.3
iteration,8309,11.0352,10.8249,89944.3
iteration,8310,11.1785,10.825,89955.5
iteration,8311,10.6606,10.825,89966.2
iteration,8312,11.3761,10.825,89977.6
iteration,8313,10.8109,10.825,89988.4
iteration,8314,11.2883,10.8251,89999.7
iteration,8315,10.9473,10.8251,90010.6
iteration,8316,11.088,10.8251,90021.7
iteration,8317,10.9374,10.8251,90032.6
iteration,8318,11.0758,10.8252,90043.7
iteration,8319,11.2057,10.8252,90054.9
iteration,8320,11.021,10.8252,90065.9
iteration,8321,11.0457,10.8253,90077
iteration,8322,11.0337,10.8253,90088
iteration,8323,11.0377,10.8253,90099
iteration,8324,11.1902,10.8254,90110.2
iteration,8325,10.9553,10.8254,90121.2
iteration,8326,11.0963,10.8254,90132.3
iteration,8327,10.5448,10.8254,90142.8
iteration,8328,11.1595,10.8254,90154
iteration,8329,10.9083,10.8254,90164.9
iteration,8330,10.9062,10.8254,90175.8
iteration,8331,10.9875,10.8254,90186.8
iteration,8332,10.8502,10.8254,90197.6
iteration,8333,11.1315,10.8255,90208.8
iteration,8334,11.0662,10.8255,90219.8
iteration,8335,11.0693,10.8255,90230.9
iteration,8336,10.9622,10.8256,90241.9
iteration,8337,10.913,10.8256,90252.8
iteration,8338,10.9042,10.8256,90263.7
iteration,8339,10.8988,10.8256,90274.6
iteration,8340,11.0078,10.8256,90285.6
iteration,8341,11.1418,10.8256,90296.7
iteration,8342,11.0787,10.8257,90307.8
iteration,8343,10.8063,10.8257,90318.6
iteration,8344,11.0289,10.8257,90329.7
iteration,8345,10.9651,10.8257,90340.6
iteration,8346,10.7949,10.8257,90351.4
iteration,8347,10.9727,10.8257,90362.4
iteration,8348,10.5481,10.8257,90372.9
iteration,8349,11.0242,10.8257,90384
iteration,8350,10.2802,10.8257,90394.2
iteration,8351,11.7419,10.8258,90406
iteration,8352,10.809,10.8258,90416.8
iteration,8353,10.9272,10.8258,90427.7
iteration,8354,11.2058,10.8258,90438.9
iteration,8355,10.5465,10.8258,90449.5
iteration,8356,11.0436,10.8258,90460.5
iteration,8357,10.7574,10.8258,90471.3
iteration,8358,10.4438,10.8258,90481.7
iteration,8359,11.1981,10.8258,90492.9
iteration,8360,10.4143,10.8258,90503.3
iteration,8361,10.8806,10.8258,90514.2
iteration,8362,11.1693,10.8258,90525.4
iteration,8363,10.9005,10.8258,90536.3
iteration,8364,10.2956,10.8257,90546.6
iteration,8365,10.7956,10.8257,90557.4
iteration,8366,10.5056,10.8257,90567.9
iteration,8367,11.0762,10.8257,90578.9
iteration,8368,10.8802,10.8257,90589.8
iteration,8369,10.3146,10.8257,90600.1
iteration,8370,10.9867,10.8257,90611.1
iteration,8371,10.4293,10.8257,90621.6
iteration,8372,11.0479,10.8257,90632.6
iteration,8373,10.8033,10.8257,90643.4
iteration,8374,10.3402,10.8256,90653.8
iteration,8375,10.7882,10.8256,90664.5
iteration,8376,10.4561,10.8256,90675
iteration,8377,11.8269,10.8257,90686.8
iteration,8378,11.0307,10.8257,90697.9
iteration,8379,10.9017,10.8257,90708.8
iteration,8380,10.407,10.8257,90719.2
iteration,8381,10.8947,10.8257,90730.1
iteration,8382,10.8042,10.8257,90740.9
iteration,8383,10.6123,10.8257,90751.5
iteration,8384,10.8702,10.8257,90762.3
iteration,8385,10.5619,10.8256,90772.9
iteration,8386,11.0732,10.8257,90784
iteration,8387,11.0116,10.8257,90795
iteration,8388,10.2912,10.8256,90805.3
iteration,8389,10.9341,10.8256,90816.2
iteration,8390,10.6205,10.8256,90826.8
iteration,8391,11.2909,10.8257,90838.1
iteration,8392,11.0007,10.8257,90849.1
iteration,8393,10.4713,10.8256,90859.6
iteration,8394,11.1586,10.8257,90870.8
iteration,8395,11.0414,10.8257,90881.8
iteration,8396,10.6909,10.8257,90892.5
iteration,8397,10.9604,10.8257,90903.4
iteration,8398,10.5415,10.8257,90914
iteration,8399,11.1314,10.8257,90925.1
iteration,8400,11.0265,10.8257,90936.1
iteration,8401,10.326,10.8257,90946.5
iteration,8402,11.0378,10.8257,90957.5
iteration,8403,11.3747,10.8258,90968.9
iteration,8404,10.8808,10.8258,90979.8
iteration,8405,10.3945,10.8257,90990.2
iteration,8406,11.1812,10.8258,91001.3
iteration,8407,10.8831,10.8258,91012.2
iteration,8408,10.5509,10.8257,91022.8
iteration,8409,11.3138,10.8258,91034.1
iteration,8410,10.6418,10.8258,91044.7
iteration,8411,11.0646,10.8258,91055.8
iteration,8412,11.086,10.8258,91066.9
iteration,8413,10.4478,10.8258,91077.3
iteration,8414,11.0476,10.8258,91088.4
iteration,8415,10.56,10.8258,91098.9
iteration,8416,11.3182,10.8258,91110.3
iteration,8417,11.0106,10.8259,91121.3
iteration,8418,10.6502,10.8258,91131.9
iteration,8419,11.1384,10.8259,91143.1
iteration,8420,11.1801,10.8259,91154.2
iteration,8421,10.412,10.8259,91164.6
iteration,8422,10.8807,10.8259,91175.5
iteration,8423,10.6398,10.8259,91186.2
iteration,8424,11.1195,10.8259,91197.3
iteration,8425,11.0369,10.8259,91208.3
iteration,8426,10.5006,10.8259,91218.8
iteration,8427,11.2804,10.8259,91230.1
iteration,8428,10.6164,10.8259,91240.7
iteration,8429,11.8948,10.826,91252.6
iteration,8430,11.3575,10.8261,91264
iteration,8431,10.6801,10.8261,91274.7
iteration,8432,11.405,10.8261,91286.1
iteration,8433,10.3549,10.8261,91296.4
iteration,8434,12.351,10.8263,91308.8
iteration,8435,11.3736,10.8263,91320.1
iteration,8436,10.5445,10.8263,91330.7
iteration,8437,11.0774,10.8263,91341.8
iteration,8438,11.0882,10.8264,91352.8
iteration,8439,10.7609,10.8264,91363.6
iteration,8440,11.2722,10.8264,91374.9
iteration,8441,11.0481,10.8264,91385.9
iteration,8442,10.5169,10.8264,91396.4
iteration,8443,10.9386,10.8264,91407.4
iteration,8444,10.5261,10.8264,91417.9
iteration,8445,11.9077,10.8265,91429.8
iteration,8446,11.3468,10.8266,91441.2
iteration,8447,11.1459,10.8266,91452.3
iteration,8448,11.0717,10.8266,91463.4
iteration,8449,11.1538,10.8267,91474.5
iteration,8450,11.0647,10.8267,91485.6
iteration,8451,10.9924,10.8267,91496.6
iteration,8452,11.1175,10.8268,91507.7
iteration,8453,10.9941,10.8268,91518.7
iteration,8454,10.8559,10.8268,91529.6
iteration,8455,11.4088,10.8268,91541
iteration,8456,11.0041,10.8269,91552
iteration,8457,10.5608,10.8268,91562.5
iteration,8458,11.2623,10.8269,91573.8
iteration,8459,10.2463,10.8268,91584
iteration,8460,11.8458,10.8269,91595.9
iteration,8461,10.5971,10.8269,91606.5
iteration,8462,11.2982,10.827,91617.8
iteration,8463,11.0669,10.827,91628.9
iteration,8464,10.5435,10.827,91639.4
iteration,8465,11.1459,10.827,91650.5
iteration,8466,10.3635,10.8269,91660.9
iteration,8467,11.8208,10.8271,91672.7
iteration,8468,10.9568,10.8271,91683.7
iteration,8469,10.9976,10.8271,91694.7
iteration,8470,10.7752,10.8271,91705.5
iteration,8471,11.2364,10.8271,91716.7
iteration,8472,11.1324,10.8272,91727.8
iteration,8473,10.5981,10.8271,91738.4
iteration,8474,11.1273,10.8272,91749.6
iteration,8475,10.9144,10.8272,91760.5
iteration,8476,11.1965,10.8272,91771.7
iteration,8477,11.1857,10.8273,91782.8
iteration,8478,11.1438,10.8273,91794
iteration,8479,11.1704,10.8274,91805.2
iteration,8480,11.1234,10.8274,91816.3
iteration,8481,11.1046,10.8274,91827.4
iteration,8482,11.1275,10.8275,91838.5
iteration,8483,10.3856,10.8274,91848.9
iteration,8484,11.145,10.8274,91860
iteration,8485,11.0704,10.8275,91871.1
iteration,8486,10.3384,10.8274,91881.5
iteration,8487,11.2436,10.8275,91892.7
iteration,8488,10.4444,10.8274,91903.1
iteration,8489,11.7624,10.8275,91914.9
iteration,8490,10.9677,10.8275,91925.9
iteration,8491,11.1407,10.8276,91937
iteration,8492,10.6079,10.8276,91947.6
iteration,8493,10.9866,10.8276,91958.6
iteration,8494,10.9648,10.8276,91969.6
iteration,8495,10.9238,10.8276,91980.5
iteration,8496,10.88,10.8276,91991.4
iteration,8497,11.0993,10.8276,92002.5
iteration,8498,11.1928,10.8277,92013.7
iteration,8499,11.1342,10.8277,92024.8
iteration,8500,10.6381,10.8277,92035.4
iteration,8501,11.2566,10.8277,92046.7
iteration,8502,10.8795,10.8278,92057.6
iteration,8503,10.4664,10.8277,92068
iteration,8504,11.3583,10.8278,92079.4
iteration,8505,10.9723,10.8278,92090.4
iteration,8506,11.156,10.8278,92101.5
iteration,8507,11.3028,10.8279,92112.8
iteration,8508,11.1425,10.8279,92124
iteration,8509,10.9131,10.8279,92134.9
iteration,8510,11.1664,10.828,92146.1
iteration,8511,10.9324,10.828,92157
iteration,8512,10.9768,10.828,92168
iteration,8513,10.4746,10.828,92178.4
iteration,8514,10.9455,10.828,92189.4
iteration,8515,10.4074,10.8279,92199.8
iteration,8516,11.0269,10.8279,92210.8
iteration,8517,10.9558,10.828,92221.8
iteration,8518,10.2928,10.8279,92232.1
iteration,8519,11.2424,10.828,92243.3
iteration,8520,11.0576,10.828,92254.4
iteration,8521,10.1341,10.8279,92264.5
iteration,8522,11.1632,10.8279,92275.7
iteration,8523,10.2438,10.8279,92285.9
iteration,8524,10.9335,10.8279,92296.8
iteration,8525,10.9047,10.8279,92307.7
iteration,8526,11.3418,10.8279,92319.1
iteration,8527,11.0375,10.828,92330.1
iteration,8528,11.1434,10.828,92341.3
iteration,8529,10.2603,10.8279,92351.5
iteration,8530,10.7436,10.8279,92362.3
iteration,8531,10.8523,10.8279,92373.1
iteration,8532,10.5224,10.8279,92383.6
iteration,8533,11.1907,10.8279,92394.8
iteration,8534,10.1953,10.8279,92405
iteration,8535,11.0468,10.8279,92416.1
iteration,8536,10.7959,10.8279,92426.9
iteration,8537,10.9913,10.8279,92437.9
iteration,8538,10.6348,10.8279,92448.5
iteration,8539,10.9258,10.8279,92459.4
iteration,8540,10.1924,10.8278,92469.6
iteration,8541,11.6877,10.8279,92481.3
iteration,8542,11.0735,10.828,92492.4
iteration,8543,11.0197,10.828,92503.4
iteration,8544,10.5469,10.8279,92514
iteration,8545,11.8178,10.8281,92525.8
iteration,8546,10.8543,10.8281,92536.6
iteration,8547,10.2575,10.828,92546.9
iteration,8548,10.8529,10.828,92557.7
iteration,8549,11.0493,10.828,92568.8
iteration,8550,11.1644,10.8281,92579.9
iteration,8551,11.022,10.8281,92591
iteration,8552,11.3164,10.8281,92602.3
iteration,8553,11.0881,10.8282,92613.4
iteration,8554,11.0265,10.8282,92624.4
iteration,8555,10.821,10.8282,92635.2
iteration,8556,10.978,10.8282,92646.2
iteration,8557,10.7482,10.8282,92656.9
iteration,8558,10.9039,10.8282,92667.9
iteration,8559,10.9359,10.8282,92678.8
iteration,8560,10.5462,10.8282,92689.3
iteration,8561,10.9579,10.8282,92700.3
iteration,8562,10.9073,10.8282,92711.2
iteration,8563,11.0118,10.8282,92722.2
iteration,8564,10.4023,10.8282,92732.6
iteration,8565,10.6508,10.8282,92743.3
iteration,8566,10.3644,10.8281,92753.6
iteration,8567,10.8476,10.8281,92764.5
iteration,8568,10.9294,10.8281,92775.4
iteration,8569,10.3546,10.8281,92785.8
iteration,8570,10.7998,10.8281,92796.6
iteration,8571,10.5213,10.828,92807.1
iteration,8572,11.1615,10.8281,92818.2
iteration,8573,10.8494,10.8281,92829.1
iteration,8574,10.2722,10.828,92839.4
iteration,8575,10.7989,10.828,92850.2
iteration,8576,10.5428,10.828,92860.7
iteration,8577,11.0175,10.828,92871.7
iteration,8578,10.9032,10.828,92882.6
iteration,8579,10.1561,10.8279,92892.8
iteration,8580,10.6922,10.8279,92903.5
iteration,8581,10.4238,10.8279,92913.9
iteration,8582,10.8234,10.8279,92924.7
iteration,8583,10.7687,10.8279,92935.5
iteration,8584,10.3767,10.8278,92945.9
iteration,8585,10.7784,10.8278,92956.6
iteration,8586,10.4781,10.8278,92967.1
iteration,8587,10.993,10.8278,92978.1
iteration,8588,10.7418,10.8278,92988.9
iteration,8589,10.4886,10.8277,92999.3
iteration,8590,10.7808,10.8277,93010.1
iteration,8591,10.6317,10.8277,93020.8
iteration,8592,11.0061,10.8277,93031.8
iteration,8593,10.862,10.8277,93042.6
iteration,8594,10.3306,10.8277,93053
iteration,8595,11.1425,10.8277,93064.1
iteration,8596,10.4785,10.8277,93074.6
iteration,8597,11.6788,10.8278,93086.3
iteration,8598,11.0306,10.8278,93097.3
iteration,8599,10.3242,10.8277,93107.6
iteration,8600,11.0934,10.8278,93118.7
iteration,8601,10.2681,10.8277,93129
iteration,8602,10.9577,10.8277,93139.9
iteration,8603,10.9379,10.8277,93150.9
iteration,8604,10.5833,10.8277,93161.5
iteration,8605,10.9641,10.8277,93172.4
iteration,8606,10.2661,10.8276,93182.7
iteration,8607,10.7493,10.8276,93193.4
iteration,8608,10.87,10.8276,93204.3
iteration,8609,11.3357,10.8277,93215.6
iteration,8610,11.0037,10.8277,93226.6
iteration,8611,10.9254,10.8277,93237.6
iteration,8612,10.9082,10.8277,93248.5
iteration,8613,10.7151,10.8277,93259.2
iteration,8614,10.3164,10.8277,93269.5
iteration,8615,10.4591,10.8276,93280
iteration,8616,10.0511,10.8275,93290
iteration,8617,10.5496,10.8275,93300.6
iteration,8618,10.9222,10.8275,93311.5
iteration,8619,10.0511,10.8274,93321.5
iteration,8620,10.647,10.8274,93332.2
iteration,8621,10.0461,10.8273,93342.2
iteration,8622,10.6638,10.8273,93352.9
iteration,8623,10.5815,10.8273,93363.5
iteration,8624,11.0251,10.8273,93374.5
iteration,8625,10.9031,10.8273,93385.4
iteration,8626,10.7199,10.8273,93396.1
iteration,8627,10.4544,10.8272,93406.6
iteration,8628,10.9679,10.8273,93417.5
iteration,8629,10.1497,10.8272,93427.7
iteration,8630,11.3283,10.8272,93439
iteration,8631,10.6389,10.8272,93449.7
iteration,8632,10.4766,10.8272,93460.1
iteration,8633,10.5692,10.8271,93470.7
iteration,8634,10.761,10.8271,93481.5
iteration,8635,10.7661,10.8271,93492.2
iteration,8636,10.7554,10.8271,93503
iteration,8637,10.7533,10.8271,93513.7
iteration,8638,10.6452,10.8271,93524.4
iteration,8639,10.9407,10.8271,93535.3
iteration,8640,10.1287,10.827,93545.5
iteration,8641,10.9139,10.827,93556.4
iteration,8642,10.3673,10.827,93566.7
iteration,8643,10.196,10.8269,93576.9
iteration,8644,10.6622,10.8269,93587.6
iteration,8645,10.1343,10.8268,93597.7
iteration,8646,10.7931,10.8268,93608.5
iteration,8647,9.86337,10.8267,93618.4
iteration,8648,11.3742,10.8268,93629.8
iteration,8649,10.642,10.8267,93640.4
iteration,8650,10.6441,10.8267,93651.1
iteration,8651,10.7123,10.8267,93661.8
iteration,8652,10.6783,10.8267,93672.4
iteration,8653,10.6024,10.8267,93683
iteration,8654,10.6698,10.8266,93693.7
iteration,8655,10.3715,10.8266,93704.1
iteration,8656,10.8047,10.8266,93714.9
iteration,8657,10.5453,10.8265,93725.4
iteration,8658,10.7903,10.8265,93736.2
iteration,8659,10.5545,10.8265,93746.8
iteration,8660,10.7583,10.8265,93757.5
iteration,8661,10.6951,10.8265,93768.2
iteration,8662,10.7135,10.8265,93778.9
iteration,8663,10.7614,10.8265,93789.7
iteration,8664,10.6188,10.8264,93800.3
iteration,8665,10.7798,10.8264,93811.1
iteration,8666,10.7802,10.8264,93821.9
iteration,8667,10.5746,10.8264,93832.5
iteration,8668,10.6613,10.8264,93843.1
iteration,8669,10.7672,10.8264,93853.9
iteration,8670,10.5819,10.8264,93864.5
iteration,8671,10.2167,10.8263,93874.7
iteration,8672,10.9973,10.8263,93885.7
iteration,8673,9.93013,10.8262,93895.6
iteration,8674,11.2688,10.8262,93906.9
iteration,8675,10.7335,10.8262,93917.6
iteration,8676,10.2403,10.8262,93927.9
iteration,8677,11.0171,10.8262,93938.9
iteration,8678,9.97842,10.8261,93948.9
iteration,8679,10.5302,10.8261,93959.4
iteration,8680,10.7595,10.8261,93970.1
iteration,8681,10.4094,10.826,93980.6
iteration,8682,10.2636,10.8259,93990.8
iteration,8683,10.7732,10.8259,94001.6
iteration,8684,10.0843,10.8258,94011.7
iteration,8685,10.756,10.8258,94022.4
iteration,8686,10.6734,10.8258,94033.1
iteration,8687,10.0596,10.8257,94043.2
iteration,8688,10.4846,10.8257,94053.6
iteration,8689,10.1809,10.8256,94063.8
iteration,8690,10.8894,10.8256,94074.7
iteration,8691,10.5852,10.8256,94085.3
iteration,8692,10.1541,10.8255,94095.5
iteration,8693,10.6303,10.8255,94106.1
iteration,8694,10.2268,10.8254,94116.3
iteration,8695,10.9194,10.8254,94127.2
iteration,8696,10.6644,10.8254,94137.9
iteration,8697,10.9017,10.8254,94148.8
iteration,8698,10.2852,10.8254,94159.1
iteration,8699,10.7545,10.8254,94169.8
iteration,8700,10.6184,10.8253,94180.5
iteration,8701,10.1222,10.8253,94190.6
iteration,8702,10.5736,10.8252,94201.2
iteration,8703,10.393,10.8252,94211.5
iteration,8704,11.0655,10.8252,94222.6
iteration,8705,10.5863,10.8252,94233.2
iteration,8706,10.143,10.8251,94243.3
iteration,8707,10.5551,10.8251,94253.9
iteration,8708,10.9083,10.8251,94264.8
iteration,8709,10.723,10.8251,94275.5
iteration,8710,10.7391,10.8251,94286.3
iteration,8711,10.7547,10.8251,94297
iteration,8712,11.0527,10.8251,94308.1
iteration,8713,10.204,10.825,94318.3
iteration,8714,10.6686,10.825,94328.9
iteration,8715,9.94251,10.8249,94338.9
iteration,8716,11.3977,10.825,94350.3
iteration,8717,10.4086,10.8249,94360.7
iteration,8718,11.0607,10.8249,94371.8
iteration,8719,11.1133,10.825,94382.9
iteration,8720,10.5512,10.8249,94393.4
iteration,8721,10.1776,10.8249,94403.6
iteration,8722,10.5905,10.8248,94414.2
iteration,8723,10.1179,10.8248,94424.3
iteration,8724,11.3703,10.8248,94435.7
iteration,8725,10.8295,10.8248,94446.5
iteration,8726,10.598,10.8248,94457.1
iteration,8727,10.6345,10.8248,94467.7
iteration,8728,10.6155,10.8247,94478.4
iteration,8729,10.7808,10.8247,94489.1
iteration,8730,10.845,10.8247,94500
iteration,8731,10.7056,10.8247,94510.7
iteration,8732,10.5992,10.8247,94521.3
iteration,8733,10.1277,10.8246,94531.4
iteration,8734,10.5673,10.8246,94542
iteration,8735,9.99154,10.8245,94552
iteration,8736,11.0109,10.8245,94563
iteration,8737,10.7421,10.8245,94573.7
iteration,8738,10.7516,10.8245,94584.5
iteration,8739,10.3659,10.8244,94594.8
iteration,8740,10.6859,10.8244,94605.5
iteration,8741,10.1883,10.8244,94615.7
iteration,8742,10.6528,10.8243,94626.4
iteration,8743,10.5676,10.8243,94636.9
iteration,8744,10.268,10.8242,94647.2
iteration,8745,10.9042,10.8243,94658.1
iteration,8746,10.0566,10.8242,94668.2
iteration,8747,10.7061,10.8242,94678.9
iteration,8748,10.8263,10.8242,94689.7
iteration,8749,10.7791,10.8241,94700.5
iteration,8750,10.5106,10.8241,94711
iteration,8751,10.687,10.8241,94721.7
iteration,8752,10.913,10.8241,94732.6
iteration,8753,10.659,10.8241,94743.2
iteration,8754,10.8481,10.8241,94754.1
iteration,8755,10.6556,10.8241,94764.8
iteration,8756,10.7038,10.8241,94775.5
iteration,8757,10.6175,10.824,94786.1
iteration,8758,10.6864,10.824,94796.8
iteration,8759,10.9116,10.824,94807.7
iteration,8760,10.8217,10.824,94818.5
iteration,8761,11.029,10.8241,94829.5
iteration,8762,10.733,10.824,94840.3
iteration,8763,11.2921,10.8241,94851.5
iteration,8764,10.5925,10.8241,94862.1
iteration,8765,10.3214,10.824,94872.5
iteration,8766,10.6195,10.824,94883.1
iteration,8767,10.0716,10.8239,94893.2
iteration,8768,10.9264,10.8239,94904.1
iteration,8769,10.5557,10.8239,94914.6
iteration,8770,10.3703,10.8238,94925
iteration,8771,10.7007,10.8238,94935.7
iteration,8772,11.2318,10.8239,94946.9
iteration,8773,10.8635,10.8239,94957.8
iteration,8774,10.9097,10.8239,94968.7
iteration,8775,10.8312,10.8239,94979.5
iteration,8776,11.0078,10.8239,94990.5
iteration,8777,11.0779,10.8239,95001.6
iteration,8778,10.5278,10.8239,95012.2
iteration,8779,11.0446,10.8239,95023.2
iteration,8780,10.8915,10.8239,95034.1
iteration,8781,10.8415,10.8239,95044.9
iteration,8782,10.738,10.8239,95055.7
iteration,8783,10.9023,10.8239,95066.6
iteration,8784,11.185,10.824,95077.8
iteration,8785,10.7538,10.824,95088.5
iteration,8786,10.8181,10.824,95099.3
iteration,8787,10.7104,10.8239,95110
iteration,8788,10.7572,10.8239,95120.8
iteration,8789,11.0551,10.824,95131.9
iteration,8790,11.0003,10.824,95142.9
iteration,8791,10.9578,10.824,95153.8
iteration,8792,10.7317,10.824,95164.5
iteration,8793,10.1434,10.8239,95174.7
iteration,8794,10.4243,10.8239,95185.1
iteration,8795,11.0666,10.8239,95196.2
iteration,8796,10.7934,10.8239,95207
iteration,8797,11.0375,10.8239,95218
iteration,8798,10.8128,10.8239,95228.8
iteration,8799,10.8367,10.8239,95239.7
iteration,8800,10.8435,10.8239,95250.5
iteration,8801,10.903,10.8239,95261.4
iteration,8802,10.5491,10.8239,95272
iteration,8803,11.041,10.8239,95283
iteration,8804,10.1902,10.8239,95293.2
iteration,8805,10.7958,10.8238,95304
iteration,8806,11.0553,10.8239,95315
iteration,8807,10.5125,10.8238,95325.5
iteration,8808,11.3207,10.8239,95336.9
iteration,8809,10.8111,10.8239,95347.7
iteration,8810,10.2573,10.8238,95357.9
iteration,8811,11.2977,10.8239,95369.2
iteration,8812,10.2567,10.8238,95379.5
iteration,8813,11.2288,10.8239,95390.7
iteration,8814,10.6507,10.8238,95401.4
iteration,8815,10.5053,10.8238,95411.9
iteration,8816,11.0124,10.8238,95422.9
iteration,8817,10.2781,10.8238,95433.2
iteration,8818,10.9283,10.8238,95444.1
iteration,8819,10.7459,10.8238,95454.8
iteration,8820,10.4657,10.8237,95465.3
iteration,8821,10.9616,10.8237,95476.3
iteration,8822,10.1189,10.8237,95486.4
iteration,8823,11.0574,10.8237,95497.4
iteration,8824,10.9075,10.8237,95508.4
iteration,8825,10.3303,10.8236,95518.7
iteration,8826,11.2955,10.8237,95530
iteration,8827,10.1618,10.8236,95540.1
iteration,8828,10.7222,10.8236,95550.9
iteration,8829,11.1192,10.8236,95562
iteration,8830,10.5172,10.8236,95572.5
iteration,8831,11.1494,10.8236,95583.6
iteration,8832,10.9257,10.8237,95594.6
iteration,8833,11.1515,10.8237,95605.7
iteration,8834,10.186,10.8236,95615.9
iteration,8835,11.1,10.8237,95627
iteration,8836,10.9176,10.8237,95637.9
iteration,8837,11.0788,10.8237,95649
iteration,8838,10.7645,10.8237,95659.8
iteration,8839,10.8823,10.8237,95670.7
iteration,8840,11.0164,10.8237,95681.7
iteration,8841,10.8864,10.8237,95692.6
iteration,8842,11.001,10.8237,95703.6
iteration,8843,11.1312,10.8238,95714.7
iteration,8844,11.0638,10.8238,95725.8
iteration,8845,10.823,10.8238,95736.6
iteration,8846,11.0017,10.8238,95747.6
iteration,8847,11.1415,10.8239,95758.7
iteration,8848,10.3316,10.8238,95769.1
iteration,8849,10.9686,10.8238,95780
iteration,8850,10.3808,10.8238,95790.4
iteration,8851,11.3071,10.8238,95801.7
iteration,8852,10.9717,10.8238,95812.7
iteration,8853,11.009,10.8239,95823.7
iteration,8854,11.2569,10.8239,95834.9
iteration,8855,10.8685,10.8239,95845.8
iteration,8856,11.0221,10.8239,95856.8
iteration,8857,10.9417,10.824,95867.8
iteration,8858,10.95,10.824,95878.7
iteration,8859,11.3327,10.824,95890.1
iteration,8860,11.0511,10.8241,95901.1
iteration,8861,10.8936,10.8241,95912
iteration,8862,10.9976,10.8241,95923
iteration,8863,10.8856,10.8241,95933.9
iteration,8864,11.0759,10.8241,95945
iteration,8865,11.1193,10.8241,95956.1
iteration,8866,10.936,10.8242,95967
iteration,8867,10.8433,10.8242,95977.9
iteration,8868,10.988,10.8242,95988.8
iteration,8869,10.8652,10.8242,95999.7
iteration,8870,10.8653,10.8242,96010.6
iteration,8871,11.021,10.8242,96021.6
iteration,8872,11.0543,10.8242,96032.7
iteration,8873,10.9371,10.8243,96043.6
iteration,8874,10.8689,10.8243,96054.5
iteration,8875,11.2092,10.8243,96065.7
iteration,8876,10.2554,10.8242,96075.9
iteration,8877,11.078,10.8243,96087
iteration,8878,11.1975,10.8243,96098.2
iteration,8879,10.9338,10.8243,96109.1
iteration,8880,10.8358,10.8243,96120
iteration,8881,10.9456,10.8243,96130.9
iteration,8882,10.876,10.8243,96141.8
iteration,8883,11.2176,10.8244,96153
iteration,8884,10.3979,10.8243,96163.4
iteration,8885,11.0422,10.8244,96174.5
iteration,8886,10.9432,10.8244,96185.4
iteration,8887,10.2585,10.8243,96195.7
iteration,8888,10.9857,10.8243,96206.6
iteration,8889,10.3049,10.8243,96216.9
iteration,8890,10.9504,10.8243,96227.9
iteration,8891,10.9393,10.8243,96238.8
iteration,8892,10.8212,10.8243,96249.7
iteration,8893,11.3486,10.8244,96261
iteration,8894,10.7935,10.8244,96271.8
iteration,8895,11.0767,10.8244,96282.9
iteration,8896,11.0861,10.8244,96294
iteration,8897,10.8776,10.8244,96304.8
iteration,8898,11.2874,10.8245,96316.1
iteration,8899,11.1258,10.8245,96327.2
iteration,8900,10.9277,10.8245,96338.2
iteration,8901,10.7252,10.8245,96348.9
iteration,8902,10.8757,10.8245,96359.8
iteration,8903,10.9849,10.8245,96370.8
iteration,8904,11.0927,10.8246,96381.9
iteration,8905,11.0582,10.8246,96392.9
iteration,8906,11.2322,10.8246,96404.1
iteration,8907,10.754,10.8246,96414.9
iteration,8908,11.1897,10.8247,96426.1
iteration,8909,10.9216,10.8247,96437
iteration,8910,10.9685,10.8247,96448
iteration,8911,10.9774,10.8247,96459
iteration,8912,11.0325,10.8247,96470
iteration,8913,10.765,10.8247,96480.8
iteration,8914,10.2565,10.8247,96491
iteration,8915,11.2907,10.8247,96502.3
iteration,8916,10.1483,10.8246,96512.5
iteration,8917,11.5646,10.8247,96524
iteration,8918,10.9476,10.8247,96535
iteration,8919,11.0039,10.8248,96546
iteration,8920,10.9967,10.8248,96557
iteration,8921,11.1526,10.8248,96568.1
iteration,8922,10.8718,10.8248,96579
iteration,8923,10.7742,10.8248,96589.8
iteration,8924,10.832,10.8248,96600.6
iteration,8925,10.8573,10.8248,96611.5
iteration,8926,11.0638,10.8248,96622.5
iteration,8927,10.7569,10.8248,96633.3
iteration,8928,10.9454,10.8248,96644.2
iteration,8929,10.9066,10.8249,96655.1
iteration,8930,11.1295,10.8249,96666.3
iteration,8931,10.7361,10.8249,96677
iteration,8932,10.7946,10.8249,96687.8
iteration,8933,10.3944,10.8248,96698.2
iteration,8934,11.0816,10.8249,96709.3
iteration,8935,10.2408,10.8248,96719.5
iteration,8936,10.9097,10.8248,96730.4
iteration,8937,10.9713,10.8248,96741.4
iteration,8938,10.5372,10.8248,96751.9
iteration,8939,10.9456,10.8248,96762.9
iteration,8940,10.2158,10.8247,96773.1
iteration,8941,10.8116,10.8247,96783.9
iteration,8942,10.9207,10.8247,96794.8
iteration,8943,10.4437,10.8247,96805.3
iteration,8944,10.653,10.8247,96815.9
iteration,8945,10.311,10.8246,96826.2
iteration,8946,10.7247,10.8246,96836.9
iteration,8947,10.801,10.8246,96847.7
iteration,8948,10.8616,10.8246,96858.6
iteration,8949,11.0255,10.8246,96869.6
iteration,8950,10.9361,10.8246,96880.6
iteration,8951,11.2919,10.8247,96891.9
iteration,8952,10.8769,10.8247,96902.7
iteration,8953,11.0386,10.8247,96913.8
iteration,8954,10.8992,10.8247,96924.7
iteration,8955,11.1703,10.8248,96935.8
iteration,8956,10.9594,10.8248,96946.8
iteration,8957,11.2623,10.8248,96958.1
iteration,8958,10.9154,10.8248,96969
iteration,8959,10.8878,10.8249,96979.9
iteration,8960,10.9203,10.8249,96990.8
iteration,8961,10.8975,10.8249,97001.7
iteration,8962,10.4309,10.8248,97012.1
iteration,8963,10.8787,10.8248,97023
iteration,8964,11.1574,10.8249,97034.2
iteration,8965,10.9414,10.8249,97045.1
iteration,8966,10.9328,10.8249,97056
iteration,8967,10.8501,10.8249,97066.9
iteration,8968,10.737,10.8249,97077.6
iteration,8969,11.071,10.8249,97088.7
iteration,8970,11.1654,10.825,97099.9
iteration,8971,10.9278,10.825,97110.8
iteration,8972,10.9301,10.825,97121.7
iteration,8973,11.3008,10.825,97133
iteration,8974,10.8878,10.825,97143.9
iteration,8975,11.0359,10.8251,97154.9
iteration,8976,10.3138,10.825,97165.2
iteration,8977,11.1968,10.825,97176.4
iteration,8978,11.2713,10.8251,97187.7
iteration,8979,11.1432,10.8251,97198.9
iteration,8980,10.0782,10.825,97208.9
iteration,8981,11.0093,10.8251,97219.9
iteration,8982,11.227,10.8251,97231.2
iteration,8983,10.2607,10.8251,97241.4
iteration,8984,11.0127,10.8251,97252.4
iteration,8985,10.2757,10.825,97262.7
iteration,8986,11.6845,10.8251,97274.4
iteration,8987,11.0447,10.8251,97285.5
iteration,8988,10.3481,10.8251,97295.8
iteration,8989,10.9378,10.8251,97306.7
iteration,8990,10.5843,10.8251,97317.3
iteration,8991,11.7982,10.8252,97329.1
iteration,8992,10.8469,10.8252,97340
iteration,8993,11.2439,10.8252,97351.2
iteration,8994,10.946,10.8252,97362.2
iteration,8995,10.9883,10.8253,97373.1
iteration,8996,10.8274,10.8253,97384
iteration,8997,11.0759,10.8253,97395.1
iteration,8998,10.9595,10.8253,97406
iteration,8999,11.1569,10.8253,97417.2
iteration,9000,10.9045,10.8253,97428.1
iteration,9001,10.3536,10.8253,97438.4
iteration,9002,11.1365,10.8253,97449.6
iteration,9003,11.1909,10.8254,97460.8
iteration,9004,12.5915,10.8256,97473.3
iteration,9005,11.7425,10.8257,97485.1
iteration,9006,11.7587,10.8258,97496.8
iteration,9007,11.8912,10.8259,97508.7
iteration,9008,11.1852,10.8259,97519.9
iteration,9009,12.0271,10.8261,97531.9
iteration,9010,11.8296,10.8262,97543.8
iteration,9011,11.5106,10.8262,97555.3
iteration,9012,11.9583,10.8264,97567.2
iteration,9013,11.6524,10.8265,97578.9
iteration,9014,11.4278,10.8265,97590.3
iteration,9015,11.9127,10.8266,97602.2
iteration,9016,11.8688,10.8268,97614.1
iteration,9017,12.0307,10.8269,97626.1
iteration,9018,11.6549,10.827,97637.8
iteration,9019,11.4901,10.8271,97649.3
iteration,9020,11.7578,10.8272,97661
iteration,9021,11.7758,10.8273,97672.8
iteration,9022,11.5226,10.8273,97684.3
iteration,9023,12.0481,10.8275,97696.4
iteration,9024,11.7984,10.8276,97708.2
iteration,9025,11.4838,10.8277,97719.7
iteration,9026,11.838,10.8278,97731.5
iteration,9027,11.6739,10.8279,97743.2
iteration,9028,11.214,10.8279,97754.4
iteration,9029,11.8523,10.828,97766.2
iteration,9030,11.7565,10.8281,97778
iteration,9031,11.4359,10.8282,97789.4
iteration,9032,11.8716,10.8283,97801.3
iteration,9033,11.8185,10.8284,97813.1
iteration,9034,11.499,10.8285,97824.6
iteration,9035,11.7298,10.8286,97836.4
iteration,9036,11.715,10.8287,97848.1
iteration,9037,11.3541,10.8288,97859.4
iteration,9038,11.8768,10.8289,97871.3
iteration,9039,11.1607,10.8289,97882.5
iteration,9040,11.0486,10.8289,97893.5
iteration,9041,11.6938,10.829,97905.2
iteration,9042,11.0432,10.829,97916.3
iteration,9043,12.4192,10.8292,97928.7
iteration,9044,11.9878,10.8294,97940.7
iteration,9045,11.6967,10.8294,97952.4
iteration,9046,11.8978,10.8296,97964.3
iteration,9047,11.089,10.8296,97975.3
iteration,9048,12.517,10.8298,97987.9
iteration,9049,11.7691,10.8299,97999.6
iteration,9050,11.8725,10.83,98011.5
iteration,9051,11.2677,10.83,98022.8
iteration,9052,11.8324,10.8302,98034.6
iteration,9053,11.6621,10.8303,98046.3
iteration,9054,11.3885,10.8303,98057.7
iteration,9055,11.9241,10.8304,98069.6
iteration,9056,11.8349,10.8305,98081.4
iteration,9057,11.5465,10.8306,98093
iteration,9058,12.5007,10.8308,98105.5
iteration,9059,11.9341,10.8309,98117.4
iteration,9060,11.2178,10.831,98128.6
iteration,9061,12.0312,10.8311,98140.6
iteration,9062,11.7841,10.8312,98152.4
iteration,9063,11.5078,10.8313,98163.9
iteration,9064,12.08,10.8314,98176
iteration,9065,11.8557,10.8315,98187.9
iteration,9066,11.6268,10.8316,98199.5
iteration,9067,11.5618,10.8317,98211.1
iteration,9068,12.5453,10.8319,98223.6
iteration,9069,11.9624,10.832,98235.6
iteration,9070,11.7794,10.8321,98247.3
iteration,9071,11.5243,10.8322,98258.9
iteration,9072,11.3494,10.8323,98270.2
iteration,9073,10.4752,10.8322,98280.7
iteration,9074,11.6073,10.8323,98292.3
iteration,9075,11.1373,10.8323,98303.4
iteration,9076,10.3058,10.8323,98313.7
iteration,9077,10.8688,10.8323,98324.6
iteration,9078,10.9186,10.8323,98335.5
iteration,9079,11.1432,10.8323,98346.7
iteration,9080,11.0421,10.8323,98357.7
iteration,9081,10.8994,10.8324,98368.6
iteration,9082,11.3184,10.8324,98379.9
iteration,9083,10.9752,10.8324,98390.9
iteration,9084,11.06,10.8324,98402
iteration,9085,10.9419,10.8325,98412.9
iteration,9086,11.366,10.8325,98424.3
iteration,9087,11.2128,10.8326,98435.5
iteration,9088,10.9419,10.8326,98446.4
iteration,9089,11.319,10.8326,98457.8
iteration,9090,11.0322,10.8326,98468.8
iteration,9091,11.0593,10.8327,98479.8
iteration,9092,10.859,10.8327,98490.7
iteration,9093,10.8568,10.8327,98501.6
iteration,9094,11.0511,10.8327,98512.6
iteration,9095,10.5489,10.8327,98523.2
iteration,9096,11.2989,10.8327,98534.5
iteration,9097,10.9484,10.8327,98545.4
iteration,9098,11.0707,10.8328,98556.5
iteration,9099,11.4709,10.8328,98567.9
iteration,9100,11.1176,10.8329,98579.1
iteration,9101,10.8649,10.8329,98589.9
iteration,9102,11.0678,10.8329,98601
iteration,9103,10.9695,10.8329,98612
iteration,9104,11.0948,10.8329,98623.1
iteration,9105,10.9891,10.833,98634.1
iteration,9106,10.9974,10.833,98645
iteration,9107,10.9685,10.833,98656
iteration,9108,11.0598,10.833,98667.1
iteration,9109,10.9676,10.833,98678
iteration,9110,11.6644,10.8331,98689.7
iteration,9111,11.1804,10.8332,98700.9
iteration,9112,11.1407,10.8332,98712
iteration,9113,11.0053,10.8332,98723
iteration,9114,10.9401,10.8332,98734
iteration,9115,10.9033,10.8332,98744.9
iteration,9116,10.9187,10.8332,98755.8
iteration,9117,10.814,10.8332,98766.6
iteration,9118,11.189,10.8333,98777.8
iteration,9119,10.9977,10.8333,98788.8
iteration,9120,11.1694,10.8333,98800
iteration,9121,10.9788,10.8333,98810.9
iteration,9122,10.8182,10.8333,98821.8
iteration,9123,10.8128,10.8333,98832.6
iteration,9124,11.1282,10.8334,98843.7
iteration,9125,11.3392,10.8334,98855
iteration,9126,11.0652,10.8335,98866.1
iteration,9127,10.584,10.8334,98876.7
iteration,9128,11.2441,10.8335,98887.9
iteration,9129,10.8834,10.8335,98898.8
iteration,9130,11.0902,10.8335,98909.9
iteration,9131,10.8658,10.8335,98920.8
iteration,9132,10.9069,10.8335,98931.7
iteration,9133,11.065,10.8335,98942.7
iteration,9134,11.0659,10.8336,98953.8
iteration,9135,11.0398,10.8336,98964.9
iteration,9136,10.8085,10.8336,98975.7
iteration,9137,10.3566,10.8335,98986
iteration,9138,10.977,10.8336,98997
iteration,9139,10.5326,10.8335,99007.5
iteration,9140,11.199,10.8336,99018.7
iteration,9141,11.0046,10.8336,99029.7
iteration,9142,10.9759,10.8336,99040.7
iteration,9143,11.498,10.8337,99052.2
iteration,9144,10.8065,10.8337,99063
iteration,9145,10.9846,10.8337,99074
iteration,9146,11.38,10.8337,99085.4
iteration,9147,11.1724,10.8338,99096.6
iteration,9148,11.0226,10.8338,99107.6
iteration,9149,10.8481,10.8338,99118.4
iteration,9150,11.3557,10.8339,99129.8
iteration,9151,10.7661,10.8338,99140.5
iteration,9152,10.8501,10.8338,99151.4
iteration,9153,10.8323,10.8338,99162.2
iteration,9154,11.0458,10.8339,99173.3
iteration,9155,11.2523,10.8339,99184.5
iteration,9156,11.0765,10.8339,99195.6
iteration,9157,10.9073,10.834,99206.5
iteration,9158,10.9312,10.834,99217.4
iteration,9159,10.8608,10.834,99228.3
iteration,9160,10.9729,10.834,99239.3
iteration,9161,10.3201,10.8339,99249.6
iteration,9162,10.6962,10.8339,99260.3
iteration,9163,11.0768,10.8339,99271.4
iteration,9164,10.8343,10.8339,99282.2
iteration,9165,10.8239,10.8339,99293
iteration,9166,10.8345,10.8339,99303.9
iteration,9167,11.1556,10.834,99315
iteration,9168,10.9461,10.834,99326
iteration,9169,10.8037,10.834,99336.8
iteration,9170,10.3256,10.8339,99347.1
iteration,9171,11.2491,10.834,99358.3
iteration,9172,10.9547,10.834,99369.3
iteration,9173,11.1954,10.834,99380.5
iteration,9174,11.002,10.834,99391.5
iteration,9175,10.9581,10.8341,99402.4
iteration,9176,11.1296,10.8341,99413.6
iteration,9177,10.7761,10.8341,99424.4
iteration,9178,10.8955,10.8341,99435.3
iteration,9179,10.3534,10.834,99445.6
iteration,9180,10.7365,10.834,99456.3
iteration,9181,11.2036,10.8341,99467.5
iteration,9182,10.7437,10.8341,99478.3
iteration,9183,11.2535,10.8341,99489.5
iteration,9184,10.8338,10.8341,99500.4
iteration,9185,10.8009,10.8341,99511.2
iteration,9186,11.2136,10.8341,99522.4
iteration,9187,10.7701,10.8341,99533.2
iteration,9188,11.0196,10.8342,99544.2
iteration,9189,10.6794,10.8341,99554.9
iteration,9190,10.4086,10.8341,99565.3
iteration,9191,10.9256,10.8341,99576.2
iteration,9192,10.5195,10.8341,99586.7
iteration,9193,10.6682,10.834,99597.4
iteration,9194,10.7489,10.834,99608.1
iteration,9195,11.1611,10.8341,99619.3
iteration,9196,10.7971,10.8341,99630.1
iteration,9197,10.3578,10.834,99640.4
iteration,9198,10.7975,10.834,99651.2
iteration,9199,11.1463,10.834,99662.4
iteration,9200,10.9392,10.8341,99673.3
iteration,9201,10.8862,10.8341,99684.2
iteration,9202,10.7097,10.834,99694.9
iteration,9203,10.9822,10.8341,99705.9
iteration,9204,10.8244,10.8341,99716.7
iteration,9205,10.9421,10.8341,99727.7
iteration,9206,11.0283,10.8341,99738.7
iteration,9207,10.828,10.8341,99749.5
iteration,9208,10.9018,10.8341,99760.4
iteration,9209,10.9114,10.8341,99771.3
iteration,9210,10.9595,10.8341,99782.3
iteration,9211,10.6892,10.8341,99793
iteration,9212,10.899,10.8341,99803.9
iteration,9213,10.9716,10.8341,99814.9
iteration,9214,10.7145,10.8341,99825.6
iteration,9215,10.8049,10.8341,99836.4
iteration,9216,10.9173,10.8341,99847.3
iteration,9217,10.9123,10.8341,99858.2
iteration,9218,10.9625,10.8341,99869.2
iteration,9219,11.1339,10.8342,99880.3
iteration,9220,10.8847,10.8342,99891.2
iteration,9221,10.7912,10.8342,99902
iteration,9222,10.8475,10.8342,99912.8
iteration,9223,10.7554,10.8342,99923.6
iteration,9224,10.9354,10.8342,99934.5
iteration,9225,11.1604,10.8342,99945.7
iteration,9226,11.0083,10.8342,99956.7
iteration,9227,10.7853,10.8342,99967.5
iteration,9228,10.8296,10.8342,99978.3
iteration,9229,10.8828,10.8342,99989.2
iteration,9230,10.7986,10.8342,100000
iteration,9231,11.0633,10.8343,100011
iteration,9232,10.9644,10.8343,100022
iteration,9233,11.0139,10.8343,100033
iteration,9234,10.9813,10.8343,100044
iteration,9235,10.7418,10.8343,100055
iteration,9236,10.3092,10.8342,100065
iteration,9237,10.7991,10.8342,100076
iteration,9238,11.0516,10.8343,100087
iteration,9239,10.9993,10.8343,100098
iteration,9240,10.898,10.8343,100109
iteration,9241,11.1179,10.8343,100120
iteration,9242,11.1757,10.8344,100131
iteration,9243,10.8638,10.8344,100142
iteration,9244,10.3086,10.8343,100152
iteration,9245,10.6885,10.8343,100163
iteration,9246,10.204,10.8342,100173
iteration,9247,10.9146,10.8342,100184
iteration,9248,10.9685,10.8342,100195
iteration,9249,11.0502,10.8343,100206
iteration,9250,11.0159,10.8343,100217
iteration,9251,11.0581,10.8343,100228
iteration,9252,10.8799,10.8343,100239
iteration,9253,10.9269,10.8343,100250
iteration,9254,10.6791,10.8343,100261
iteration,9255,10.3631,10.8343,100271
iteration,9256,10.7733,10.8342,100282
iteration,9257,10.8768,10.8343,100293
iteration,9258,10.9667,10.8343,100304
iteration,9259,10.207,10.8342,100314
iteration,9260,11.0594,10.8342,100325
iteration,9261,10.9377,10.8342,100336
iteration,9262,10.813,10.8342,100347
iteration,9263,10.1681,10.8342,100357
iteration,9264,10.9339,10.8342,100368
iteration,9265,10.7074,10.8342,100378
iteration,9266,10.7445,10.8341,100389
iteration,9267,10.9769,10.8342,100400
iteration,9268,11.4064,10.8342,100412
iteration,9269,10.7846,10.8342,100422
iteration,9270,10.7479,10.8342,100433
iteration,9271,10.872,10.8342,100444
iteration,9272,10.6703,10.8342,100455
iteration,9273,10.8842,10.8342,100466
iteration,9274,11.2977,10.8343,100477
iteration,9275,10.9099,10.8343,100488
iteration,9276,10.7703,10.8343,100499
iteration,9277,10.8136,10.8343,100509
iteration,9278,11.2365,10.8343,100521
iteration,9279,10.7741,10.8343,100531
iteration,9280,10.902,10.8343,100542
iteration,9281,10.8675,10.8343,100553
iteration,9282,10.9819,10.8343,100564
iteration,9283,10.8025,10.8343,100575
iteration,9284,10.6581,10.8343,100586
iteration,9285,10.7421,10.8343,100596
iteration,9286,11.053,10.8343,100607
iteration,9287,10.7632,10.8343,100618
iteration,9288,11.2942,10.8343,100629
iteration,9289,10.8747,10.8344,100640
iteration,9290,10.8211,10.8344,100651
iteration,9291,10.8217,10.8343,100662
iteration,9292,10.8826,10.8344,100673
iteration,9293,10.8719,10.8344,100684
iteration,9294,11.3578,10.8344,100695
iteration,9295,10.7256,10.8344,100706
iteration,9296,10.9468,10.8344,100717
iteration,9297,10.8664,10.8344,100728
iteration,9298,10.216,10.8344,100738
iteration,9299,10.6877,10.8343,100748
iteration,9300,10.5772,10.8343,100759
iteration,9301,10.8445,10.8343,100770
iteration,9302,10.8763,10.8343,100781
iteration,9303,10.7148,10.8343,100792
iteration,9304,10.9065,10.8343,100802
iteration,9305,10.8619,10.8343,100813
iteration,9306,10.6494,10.8343,100824
iteration,9307,10.234,10.8342,100834
iteration,9308,10.8651,10.8342,100845
iteration,9309,10.2608,10.8342,100855
iteration,9310,11.053,10.8342,100866
iteration,9311,10.9014,10.8342,100877
iteration,9312,11.255,10.8342,100888
iteration,9313,10.818,10.8342,100899
iteration,9314,10.857,10.8342,100910
iteration,9315,10.8727,10.8343,100921
iteration,9316,11.0332,10.8343,100932
iteration,9317,10.9194,10.8343,100943
iteration,9318,11.0172,10.8343,100954
iteration,9319,11.0157,10.8343,100965
iteration,9320,10.7966,10.8343,100976
iteration,9321,10.7335,10.8343,100987
iteration,9322,10.7116,10.8343,100997
iteration,9323,10.858,10.8343,101008
iteration,9324,10.9235,10.8343,101019
iteration,9325,10.897,10.8343,101030
iteration,9326,10.342,10.8343,101040
iteration,9327,10.9135,10.8343,101051
iteration,9328,10.99,10.8343,101062
iteration,9329,11.0417,10.8343,101073
iteration,9330,10.9376,10.8343,101084
iteration,9331,10.9277,10.8343,101095
iteration,9332,10.7537,10.8343,101106
iteration,9333,11.0751,10.8343,101117
iteration,9334,10.7971,10.8343,101128
iteration,9335,10.8836,10.8343,101139
iteration,9336,10.7154,10.8343,101149
iteration,9337,11.3348,10.8344,101161
iteration,9338,10.9546,10.8344,101172
iteration,9339,11.0057,10.8344,101183
iteration,9340,10.9066,10.8344,101194
iteration,9341,10.803,10.8344,101204
iteration,9342,10.8534,10.8344,101215
iteration,9343,11.3792,10.8345,101227
iteration,9344,11.0563,10.8345,101238
iteration,9345,11.1214,10.8345,101249
iteration,9346,10.9146,10.8345,101260
iteration,9347,10.9777,10.8346,101271
iteration,9348,10.1081,10.8345,101281
iteration,9349,10.8592,10.8345,101292
iteration,9350,10.9172,10.8345,101303
iteration,9351,10.9072,10.8345,101313
iteration,9352,10.8079,10.8345,101324
iteration,9353,10.9204,10.8345,101335
iteration,9354,11.0376,10.8345,101346
iteration,9355,11.0239,10.8345,101357
iteration,9356,10.6525,10.8345,101368
iteration,9357,11.1611,10.8346,101379
iteration,9358,10.2833,10.8345,101389
iteration,9359,10.8627,10.8345,101400
iteration,9360,11.2184,10.8346,101411
iteration,9361,10.3135,10.8345,101422
iteration,9362,10.6531,10.8345,101432
iteration,9363,10.325,10.8344,101443
iteration,9364,10.8581,10.8344,101454
iteration,9365,11.1197,10.8345,101465
iteration,9366,10.3316,10.8344,101475
iteration,9367,10.9148,10.8344,101486
iteration,9368,10.1951,10.8343,101496
iteration,9369,12.0078,10.8345,101508
iteration,9370,11.0704,10.8345,101519
iteration,9371,10.1202,10.8344,101529
iteration,9372,11.2255,10.8345,101541
iteration,9373,11.0501,10.8345,101552
iteration,9374,10.6658,10.8345,101562
iteration,9375,11.2257,10.8345,101573
iteration,9376,11.019,10.8345,101584
iteration,9377,10.9545,10.8345,101595
iteration,9378,11.2976,10.8346,101607
iteration,9379,10.9445,10.8346,101618
iteration,9380,11.1069,10.8346,101629
iteration,9381,10.7546,10.8346,101640
iteration,9382,10.3436,10.8346,101650
iteration,9383,10.937,10.8346,101661
iteration,9384,10.0907,10.8345,101671
iteration,9385,11.4236,10.8346,101682
iteration,9386,11.015,10.8346,101693
iteration,9387,10.3912,10.8345,101704
iteration,9388,11.0612,10.8346,101715
iteration,9389,10.1335,10.8345,101725
iteration,9390,10.6712,10.8345,101736
iteration,9391,10.8553,10.8345,101746
iteration,9392,10.2552,10.8344,101757
iteration,9393,10.9923,10.8344,101768
iteration,9394,10.2044,10.8344,101778
iteration,9395,11.189,10.8344,101789
iteration,9396,11.2619,10.8344,101800
iteration,9397,10.868,10.8344,101811
iteration,9398,10.1995,10.8344,101821
iteration,9399,10.9631,10.8344,101832
iteration,9400,10.8927,10.8344,101843
iteration,9401,10.6383,10.8344,101854
iteration,9402,11.0233,10.8344,101865
iteration,9403,11.0146,10.8344,101876
iteration,9404,10.8031,10.8344,101887
iteration,9405,10.8698,10.8344,101898
iteration,9406,10.3738,10.8344,101908
iteration,9407,10.7264,10.8344,101919
iteration,9408,11.229,10.8344,101930
iteration,9409,10.9824,10.8344,101941
iteration,9410,11.0644,10.8344,101952
iteration,9411,10.9632,10.8344,101963
iteration,9412,10.7227,10.8344,101974
iteration,9413,11.2519,10.8345,101985
iteration,9414,10.9405,10.8345,101996
iteration,9415,11.0341,10.8345,102007
iteration,9416,11.0163,10.8345,102018
iteration,9417,10.8849,10.8345,102029
iteration,9418,10.9007,10.8345,102040
iteration,9419,10.7709,10.8345,102051
iteration,9420,10.244,10.8345,102061
iteration,9421,10.8817,10.8345,102072
iteration,9422,11.1366,10.8345,102083
iteration,9423,10.9871,10.8345,102094
iteration,9424,10.8645,10.8345,102105
iteration,9425,11.2541,10.8346,102116
iteration,9426,10.8612,10.8346,102127
iteration,9427,10.7864,10.8346,102138
iteration,9428,10.947,10.8346,102148
iteration,9429,11.4424,10.8346,102160
iteration,9430,10.8933,10.8347,102171
iteration,9431,10.9013,10.8347,102182
iteration,9432,10.4884,10.8346,102192
iteration,9433,10.9486,10.8346,102203
iteration,9434,10.1689,10.8346,102213
iteration,9435,11.0274,10.8346,102224
iteration,9436,11.0068,10.8346,102235
iteration,9437,11.3357,10.8347,102247
iteration,9438,10.9587,10.8347,102258
iteration,9439,10.7955,10.8347,102268
iteration,9440,10.7512,10.8347,102279
iteration,9441,10.9417,10.8347,102290
iteration,9442,10.4247,10.8346,102301
iteration,9443,11.1768,10.8347,102312
iteration,9444,10.8773,10.8347,102323
iteration,9445,10.8641,10.8347,102333
iteration,9446,10.9373,10.8347,102344
iteration,9447,10.4555,10.8346,102355
iteration,9448,10.6029,10.8346,102365
iteration,9449,10.3206,10.8346,102376
iteration,9450,10.7513,10.8346,102387
iteration,9451,10.875,10.8346,102397
iteration,9452,10.9761,10.8346,102408
iteration,9453,10.9635,10.8346,102419
iteration,9454,10.8537,10.8346,102430
iteration,9455,10.8237,10.8346,102441
iteration,9456,11.2068,10.8346,102452
iteration,9457,10.9342,10.8346,102463
iteration,9458,10.9412,10.8346,102474
iteration,9459,11.3851,10.8347,102485
iteration,9460,11.1353,10.8347,102497
iteration,9461,10.7514,10.8347,102507
iteration,9462,10.3306,10.8347,102518
iteration,9463,10.7967,10.8347,102529
iteration,9464,10.7789,10.8347,102539
iteration,9465,11.1081,10.8347,102550
iteration,9466,11.0149,10.8347,102561
iteration,9467,10.9234,10.8347,102572
iteration,9468,10.809,10.8347,102583
iteration,9469,11.0472,10.8347,102594
iteration,9470,10.9681,10.8348,102605
iteration,9471,10.7792,10.8348,102616
iteration,9472,11.0672,10.8348,102627
iteration,9473,11.1844,10.8348,102638
iteration,9474,10.6723,10.8348,102649
iteration,9475,11.1693,10.8348,102660
iteration,9476,10.7518,10.8348,102671
iteration,9477,10.3554,10.8348,102681
iteration,9478,10.7597,10.8348,102692
iteration,9479,10.433,10.8347,102702
iteration,9480,10.9694,10.8347,102713
iteration,9481,11.0331,10.8348,102724
iteration,9482,10.2899,10.8347,102735
iteration,9483,10.719,10.8347,102745
iteration,9484,10.3235,10.8346,102756
iteration,9485,11.0367,10.8347,102767
iteration,9486,10.9315,10.8347,102778
iteration,9487,10.7452,10.8347,102788
iteration,9488,10.8492,10.8347,102799
iteration,9489,10.4165,10.8346,102810
iteration,9490,10.7919,10.8346,102820
iteration,9491,10.2288,10.8345,102831
iteration,9492,10.7756,10.8345,102841
iteration,9493,10.9025,10.8345,102852
iteration,9494,10.4935,10.8345,102863
iteration,9495,10.8178,10.8345,102874
iteration,9496,10.9336,10.8345,102885
iteration,9497,11.0059,10.8345,102896
iteration,9498,10.7848,10.8345,102906
iteration,9499,10.7746,10.8345,102917
iteration,9500,10.9541,10.8345,102928
iteration,9501,10.8718,10.8345,102939
iteration,9502,11.3069,10.8346,102950
iteration,9503,10.8862,10.8346,102961
iteration,9504,10.9812,10.8346,102972
iteration,9505,10.3408,10.8346,102982
iteration,9506,10.8801,10.8346,102993
iteration,9507,10.5326,10.8345,103004
iteration,9508,11.7145,10.8346,103016
iteration,9509,11.1206,10.8347,103027
iteration,9510,10.3091,10.8346,103037
iteration,9511,10.8443,10.8346,103048
iteration,9512,10.3174,10.8345,103058
iteration,9513,11.0674,10.8346,103069
iteration,9514,11.025,10.8346,103080
iteration,9515,10.2315,10.8345,103091
iteration,9516,11.0323,10.8345,103102
iteration,9517,10.105,10.8345,103112
iteration,9518,10.9153,10.8345,103123
iteration,9519,10.7575,10.8345,103133
iteration,9520,10.4005,10.8344,103144
iteration,9521,10.9681,10.8344,103155
iteration,9522,10.2794,10.8344,103165
iteration,9523,10.8703,10.8344,103176
iteration,9524,11.0956,10.8344,103187
iteration,9525,10.9925,10.8344,103198
iteration,9526,10.8395,10.8344,103209
iteration,9527,10.9709,10.8344,103220
iteration,9528,10.7898,10.8344,103231
iteration,9529,11.0181,10.8345,103242
iteration,9530,10.957,10.8345,103253
iteration,9531,11.1358,10.8345,103264
iteration,9532,11.0978,10.8345,103275
iteration,9533,11.3243,10.8346,103286
iteration,9534,10.8858,10.8346,103297
iteration,9535,10.8577,10.8346,103308
iteration,9536,10.7999,10.8346,103319
iteration,9537,11.0559,10.8346,103330
iteration,9538,10.8436,10.8346,103341
iteration,9539,10.3804,10.8346,103351
iteration,9540,11.118,10.8346,103362
iteration,9541,10.1029,10.8345,103372
iteration,9542,11.1316,10.8345,103383
iteration,9543,11.0665,10.8346,103394
iteration,9544,10.8601,10.8346,103405
iteration,9545,10.3772,10.8345,103416
iteration,9546,10.8922,10.8345,103426
iteration,9547,10.7907,10.8345,103437
iteration,9548,10.951,10.8345,103448
iteration,9549,10.8985,10.8345,103459
iteration,9550,10.5776,10.8345,103470
iteration,9551,11.1997,10.8346,103481
iteration,9552,10.3724,10.8345,103491
iteration,9553,11.8441,10.8346,103503
iteration,9554,10.8116,10.8346,103514
iteration,9555,10.985,10.8346,103525
iteration,9556,10.8715,10.8346,103536
iteration,9557,11.3348,10.8347,103547
iteration,9558,10.7152,10.8347,103558
iteration,9559,10.8791,10.8347,103569
iteration,9560,10.8805,10.8347,103580
iteration,9561,10.7912,10.8347,103590
iteration,9562,11.1197,10.8347,103601
iteration,9563,11.1873,10.8347,103613
iteration,9564,10.9622,10.8348,103624
iteration,9565,11.037,10.8348,103635
iteration,9566,10.9013,10.8348,103646
iteration,9567,10.7219,10.8348,103656
iteration,9568,10.3047,10.8347,103667
iteration,9569,11.1189,10.8347,103678
iteration,9570,11.0555,10.8348,103689
iteration,9571,10.8307,10.8348,103700
iteration,9572,11.3393,10.8348,103711
iteration,9573,10.8555,10.8348,103722
iteration,9574,11.5597,10.8349,103733
iteration,9575,11.5604,10.835,103745
iteration,9576,10.5043,10.8349,103755
iteration,9577,10.9746,10.835,103766
iteration,9578,11.3347,10.835,103778
iteration,9579,11.0135,10.835,103789
iteration,9580,10.3786,10.835,103799
iteration,9581,11.073,10.835,103810
iteration,9582,10.0708,10.8349,103820
iteration,9583,10.8767,10.8349,103831
iteration,9584,10.9576,10.8349,103842
iteration,9585,11.3641,10.835,103853
iteration,9586,10.8376,10.835,103864
iteration,9587,10.8342,10.835,103875
iteration,9588,10.9451,10.835,103886
iteration,9589,10.4023,10.835,103896
iteration,9590,10.7499,10.835,103907
iteration,9591,10.3809,10.8349,103918
iteration,9592,10.994,10.8349,103929
iteration,9593,10.8842,10.8349,103939
iteration,9594,11.0057,10.8349,103950
iteration,9595,11.0762,10.835,103962
iteration,9596,11.0614,10.835,103973
iteration,9597,11.0342,10.835,103984
iteration,9598,11.348,10.8351,103995
iteration,9599,11.0332,10.8351,104006
iteration,9600,10.8732,10.8351,104017
iteration,9601,10.9154,10.8351,104028
iteration,9602,10.2604,10.835,104038
iteration,9603,10.6639,10.835,104049
iteration,9604,10.3616,10.835,104059
iteration,9605,11.0076,10.835,104070
iteration,9606,10.7904,10.835,104081
iteration,9607,10.9984,10.835,104092
iteration,9608,11.4099,10.8351,104103
iteration,9609,10.9825,10.8351,104114
iteration,9610,10.9838,10.8351,104125
iteration,9611,10.8509,10.8351,104136
iteration,9612,10.8016,10.8351,104147
iteration,9613,11.2953,10.8351,104158
iteration,9614,10.905,10.8352,104169
iteration,9615,10.8464,10.8352,104180
iteration,9616,10.4362,10.8351,104190
iteration,9617,11.0816,10.8351,104202
iteration,9618,10.2934,10.8351,104212
iteration,9619,11.6946,10.8352,104224
iteration,9620,10.7985,10.8352,104234
iteration,9621,10.9944,10.8352,104245
iteration,9622,11.0151,10.8352,104256
iteration,9623,11.3032,10.8353,104268
iteration,9624,10.9408,10.8353,104279
iteration,9625,10.8428,10.8353,104289
iteration,9626,11.2234,10.8353,104301
iteration,9627,10.9297,10.8353,104312
iteration,9628,10.9663,10.8353,104323
iteration,9629,11.3274,10.8354,104334
iteration,9630,10.9151,10.8354,104345
iteration,9631,10.2564,10.8353,104355
iteration,9632,11.4163,10.8354,104366
iteration,9633,10.2773,10.8353,104377
iteration,9634,11.5334,10.8354,104388
iteration,9635,10.7635,10.8354,104399
iteration,9636,11.0699,10.8354,104410
iteration,9637,10.977,10.8354,104421
iteration,9638,11.2636,10.8355,104432
iteration,9639,10.7929,10.8355,104443
iteration,9640,11.2013,10.8355,104454
iteration,9641,10.9558,10.8355,104465
iteration,9642,10.8642,10.8355,104476
iteration,9643,11.0389,10.8355,104487
iteration,9644,10.4724,10.8355,104498
iteration,9645,11.2782,10.8356,104509
iteration,9646,10.4013,10.8355,104519
iteration,9647,11.8529,10.8356,104531
iteration,9648,10.8912,10.8356,104542
iteration,9649,10.7743,10.8356,104553
iteration,9650,11.0798,10.8356,104564
iteration,9651,10.9933,10.8357,104575
iteration,9652,10.3895,10.8356,104585
iteration,9653,11.0539,10.8356,104596
iteration,9654,11.0439,10.8357,104607
iteration,9655,11.0441,10.8357,104618
iteration,9656,10.7865,10.8357,104629
iteration,9657,11.0818,10.8357,104640
iteration,9658,11.0494,10.8357,104651
iteration,9659,11.052,10.8357,104662
iteration,9660,10.8811,10.8357,104673
iteration,9661,11.0014,10.8358,104684
iteration,9662,10.9379,10.8358,104695
iteration,9663,11.3454,10.8358,104707
iteration,9664,10.412,10.8358,104717
iteration,9665,11.119,10.8358,104728
iteration,9666,10.8916,10.8358,104739
iteration,9667,11.1376,10.8358,104750
iteration,9668,10.8496,10.8358,104761
iteration,9669,11.3415,10.8359,104772
iteration,9670,10.9816,10.8359,104783
iteration,9671,11.1716,10.836,104794
iteration,9672,11.082,10.836,104806
iteration,9673,10.3615,10.8359,104816
iteration,9674,11.1347,10.836,104827
iteration,9675,10.9379,10.836,104838
iteration,9676,10.9596,10.836,104849
iteration,9677,11.3248,10.836,104860
iteration,9678,10.9027,10.836,104871
iteration,9679,11.054,10.8361,104882
iteration,9680,11.1142,10.8361,104893
iteration,9681,11.0685,10.8361,104904
iteration,9682,10.9449,10.8361,104915
iteration,9683,10.943,10.8361,104926
iteration,9684,10.8616,10.8361,104937
iteration,9685,10.7205,10.8361,104948
iteration,9686,11.2383,10.8362,104959
iteration,9687,11.1288,10.8362,104970
iteration,9688,11.1245,10.8362,104981
iteration,9689,10.9721,10.8362,104992
iteration,9690,11.0165,10.8363,105003
iteration,9691,10.9569,10.8363,105014
iteration,9692,10.9362,10.8363,105025
iteration,9693,10.2985,10.8362,105036
iteration,9694,10.9048,10.8362,105046
iteration,9695,10.5583,10.8362,105057
iteration,9696,11.0157,10.8362,105068
iteration,9697,11.0219,10.8362,105079
iteration,9698,11.0464,10.8363,105090
iteration,9699,10.8699,10.8363,105101
iteration,9700,11.2201,10.8363,105112
iteration,9701,11.1545,10.8363,105123
iteration,9702,11.0329,10.8364,105134
iteration,9703,11.2156,10.8364,105146
iteration,9704,11.2462,10.8364,105157
iteration,9705,11.1586,10.8365,105168
iteration,9706,10.8895,10.8365,105179
iteration,9707,10.8454,10.8365,105190
iteration,9708,11.1884,10.8365,105201
iteration,9709,11.0122,10.8365,105212
iteration,9710,10.9112,10.8365,105223
iteration,9711,11.3957,10.8366,105234
iteration,9712,10.9406,10.8366,105245
iteration,9713,11.0425,10.8366,105256
iteration,9714,10.9207,10.8366,105267
iteration,9715,10.9064,10.8367,105278
iteration,9716,11.119,10.8367,105289
iteration,9717,10.8815,10.8367,105300
iteration,9718,11.0607,10.8367,105311
iteration,9719,11.2955,10.8368,105322
iteration,9720,11.1121,10.8368,105334
iteration,9721,10.9044,10.8368,105344
iteration,9722,10.8941,10.8368,105355
iteration,9723,11.0608,10.8368,105366
iteration,9724,11.0022,10.8368,105377
iteration,9725,11.1063,10.8369,105388
iteration,9726,11.1899,10.8369,105400
iteration,9727,10.2561,10.8368,105410
iteration,9728,10.9324,10.8369,105421
iteration,9729,11.0415,10.8369,105432
iteration,9730,11.178,10.8369,105443
iteration,9731,10.962,10.8369,105454
iteration,9732,10.3357,10.8369,105464
iteration,9733,11.0532,10.8369,105475
iteration,9734,10.8388,10.8369,105486
iteration,9735,10.9845,10.8369,105497
iteration,9736,10.3352,10.8369,105508
iteration,9737,11.8268,10.837,105519
iteration,9738,11.0169,10.837,105530
iteration,9739,10.3811,10.8369,105541
iteration,9740,11.2089,10.837,105552
iteration,9741,9.98863,10.8369,105562
iteration,9742,11.4489,10.8369,105573
iteration,9743,10.9184,10.8369,105584
iteration,9744,11.2388,10.837,105596
iteration,9745,10.7381,10.837,105606
iteration,9746,10.4647,10.8369,105617
iteration,9747,11.0258,10.837,105628
iteration,9748,10.1399,10.8369,105638
iteration,9749,11.0812,10.8369,105649
iteration,9750,10.8627,10.8369,105660
iteration,9751,10.6997,10.8369,105671
iteration,9752,11.1484,10.8369,105682
iteration,9753,10.6613,10.8369,105692
iteration,9754,10.3366,10.8369,105703
iteration,9755,10.8729,10.8369,105714
iteration,9756,10.4614,10.8368,105724
iteration,9757,10.8968,10.8368,105735
iteration,9758,10.754,10.8368,105746
iteration,9759,10.2698,10.8368,105756
iteration,9760,10.7466,10.8368,105767
iteration,9761,10.3921,10.8367,105777
iteration,9762,11.1602,10.8367,105788
iteration,9763,10.7843,10.8367,105799
iteration,9764,10.2257,10.8367,105809
iteration,9765,10.7469,10.8367,105820
iteration,9766,10.5144,10.8366,105831
iteration,9767,10.9496,10.8367,105842
iteration,9768,10.9228,10.8367,105852
iteration,9769,10.882,10.8367,105863
iteration,9770,10.5915,10.8366,105874
iteration,9771,10.756,10.8366,105885
iteration,9772,10.3587,10.8366,105895
iteration,9773,11.1528,10.8366,105906
iteration,9774,10.893,10.8366,105917
iteration,9775,10.7581,10.8366,105928
iteration,9776,10.7404,10.8366,105939
iteration,9777,10.9297,10.8366,105950
iteration,9778,11.025,10.8366,105961
iteration,9779,11.078,10.8367,105972
iteration,9780,10.7725,10.8366,105982
iteration,9781,11.0288,10.8367,105993
iteration,9782,10.8277,10.8367,106004
iteration,9783,10.6292,10.8366,106015
iteration,9784,10.8602,10.8366,106026
iteration,9785,10.998,10.8367,106037
iteration,9786,10.6659,10.8366,106047
iteration,9787,10.8385,10.8366,106058
iteration,9788,10.8785,10.8367,106069
iteration,9789,10.955,10.8367,106080
iteration,9790,10.907,10.8367,106091
iteration,9791,10.9723,10.8367,106102
iteration,9792,10.8339,10.8367,106113
iteration,9793,10.795,10.8367,106124
iteration,9794,11.0095,10.8367,106135
iteration,9795,10.9688,10.8367,106146
iteration,9796,10.8132,10.8367,106156
iteration,9797,10.9052,10.8367,106167
iteration,9798,11.081,10.8367,106178
iteration,9799,11.036,10.8368,106189
iteration,9800,10.549,10.8367,106200
iteration,9801,10.9183,10.8367,106211
iteration,9802,10.7774,10.8367,106222
iteration,9803,11.113,10.8368,106233
iteration,9804,10.3724,10.8367,106243
iteration,9805,10.9933,10.8367,106254
iteration,9806,10.6331,10.8367,106265
iteration,9807,11.3722,10.8368,106276
iteration,9808,10.0135,10.8367,106286
iteration,9809,11.0928,10.8367,106297
iteration,9810,11.0346,10.8367,106308
iteration,9811,10.6539,10.8367,106319
iteration,9812,10.1581,10.8366,106329
iteration,9813,10.8689,10.8366,106340
iteration,9814,10.3752,10.8366,106350
iteration,9815,10.669,10.8366,106361
iteration,9816,10.6256,10.8366,106372
iteration,9817,10.1798,10.8365,106382
iteration,9818,10.6168,10.8365,106392
iteration,9819,10.2441,10.8364,106403
iteration,9820,11.5346,10.8365,106414
iteration,9821,11.0298,10.8365,106425
iteration,9822,11.0361,10.8365,106436
iteration,9823,10.8894,10.8365,106447
iteration,9824,11.0927,10.8366,106458
iteration,9825,11.1084,10.8366,106469
iteration,9826,10.5911,10.8366,106480
iteration,9827,10.9098,10.8366,106491
iteration,9828,10.815,10.8366,106502
iteration,9829,10.845,10.8366,106513
iteration,9830,10.9596,10.8366,106524
iteration,9831,11.0916,10.8366,106535
iteration,9832,10.6793,10.8366,106545
iteration,9833,10.7201,10.8366,106556
iteration,9834,10.884,10.8366,106567
iteration,9835,10.7769,10.8366,106578
iteration,9836,10.7278,10.8366,106588
iteration,9837,10.925,10.8366,106599
iteration,9838,11.1592,10.8366,106610
iteration,9839,10.7536,10.8366,106621
iteration,9840,11.0748,10.8366,106632
iteration,9841,10.9058,10.8366,106643
iteration,9842,10.8232,10.8366,106654
iteration,9843,10.7314,10.8366,106665
iteration,9844,10.6825,10.8366,106675
iteration,9845,10.6699,10.8366,106686
iteration,9846,10.8644,10.8366,106697
iteration,9847,11.1827,10.8366,106708
iteration,9848,10.6498,10.8366,106719
iteration,9849,10.1535,10.8365,106729
iteration,9850,10.8436,10.8365,106740
iteration,9851,10.233,10.8365,106750
iteration,9852,10.8356,10.8365,106761
iteration,9853,10.9613,10.8365,106772
iteration,9854,10.6943,10.8365,106783
iteration,9855,10.6358,10.8364,106793
iteration,9856,10.0957,10.8364,106803
iteration,9857,10.6104,10.8363,106814
iteration,9858,10.7976,10.8363,106825
iteration,9859,10.6599,10.8363,106835
iteration,9860,11.0966,10.8364,106846
iteration,9861,10.705,10.8363,106857
iteration,9862,10.9175,10.8363,106868
iteration,9863,10.9067,10.8364,106879
iteration,9864,10.9406,10.8364,106890
iteration,9865,10.7663,10.8364,106901
iteration,9866,11.2846,10.8364,106912
iteration,9867,10.6803,10.8364,106923
iteration,9868,10.6106,10.8364,106933
iteration,9869,10.8982,10.8364,106944
iteration,9870,10.5852,10.8363,106955
iteration,9871,9.99253,10.8363,106965
iteration,9872,10.6888,10.8362,106975
iteration,9873,10.8264,10.8362,106986
iteration,9874,10.9769,10.8363,106997
iteration,9875,11.2254,10.8363,107008
iteration,9876,10.7805,10.8363,107019
iteration,9877,10.6502,10.8363,107030
iteration,9878,10.7732,10.8363,107041
iteration,9879,10.6959,10.8363,107051
iteration,9880,10.8612,10.8363,107062
iteration,9881,11.3232,10.8363,107074
iteration,9882,10.9094,10.8363,107084
iteration,9883,11.1014,10.8363,107096
iteration,9884,10.6541,10.8363,107106
iteration,9885,10.6995,10.8363,107117
iteration,9886,10.6079,10.8363,107127
iteration,9887,10.6677,10.8363,107138
iteration,9888,11.0827,10.8363,107149
iteration,9889,10.7229,10.8363,107160
iteration,9890,10.8166,10.8363,107171
iteration,9891,10.7411,10.8363,107182
iteration,9892,10.8187,10.8363,107192
iteration,9893,10.8372,10.8363,107203
iteration,9894,9.87224,10.8362,107213
iteration,9895,10.7142,10.8362,107224
iteration,9896,9.94559,10.8361,107234
iteration,9897,11.4361,10.8361,107245
iteration,9898,10.8731,10.8361,107256
iteration,9899,10.2895,10.8361,107266
iteration,9900,10.922,10.8361,107277
iteration,9901,9.99285,10.836,107287
iteration,9902,10.733,10.836,107298
iteration,9903,10.0761,10.8359,107308
iteration,9904,11.2897,10.836,107319
iteration,9905,10.7557,10.8359,107330
iteration,9906,9.93237,10.8359,107340
iteration,9907,10.9523,10.8359,107351
iteration,9908,10.2393,10.8358,107361
iteration,9909,11.4149,10.8359,107373
iteration,9910,11.0055,10.8359,107384
iteration,9911,10.1438,10.8358,107394
iteration,9912,10.6445,10.8358,107404
iteration,9913,10.8679,10.8358,107415
iteration,9914,10.6451,10.8358,107426
iteration,9915,11.0135,10.8358,107437
iteration,9916,10.738,10.8358,107448
iteration,9917,10.8992,10.8358,107459
iteration,9918,10.5915,10.8358,107469
iteration,9919,10.6302,10.8357,107480
iteration,9920,10.0366,10.8357,107490
iteration,9921,10.8836,10.8357,107501
iteration,9922,9.99167,10.8356,107511
iteration,9923,11.0692,10.8356,107522
iteration,9924,11.2276,10.8357,107533
iteration,9925,10.4234,10.8356,107543
iteration,9926,11.0109,10.8356,107554
iteration,9927,10.61,10.8356,107565
iteration,9928,10.2498,10.8355,107575
iteration,9929,10.6075,10.8355,107586
iteration,9930,10.5098,10.8355,107596
iteration,9931,10.8557,10.8355,107607
iteration,9932,10.8289,10.8355,107618
iteration,9933,10.7929,10.8355,107629
iteration,9934,10.2354,10.8354,107639
iteration,9935,10.6748,10.8354,107650
iteration,9936,11.0577,10.8354,107661
iteration,9937,10.5823,10.8354,107671
iteration,9938,10.8567,10.8354,107682
iteration,9939,10.6914,10.8354,107693
iteration,9940,10.7717,10.8354,107704
iteration,9941,10.0277,10.8353,107714
iteration,9942,10.9116,10.8353,107725
iteration,9943,10.8723,10.8353,107736
iteration,9944,11.216,10.8354,107747
iteration,9945,10.0902,10.8353,107757
iteration,9946,10.8054,10.8353,107768
iteration,9947,10.1432,10.8352,107778
iteration,9948,11.584,10.8353,107789
iteration,9949,10.8624,10.8353,107800
iteration,9950,10.7672,10.8353,107811
iteration,9951,10.9373,10.8353,107822
iteration,9952,10.8172,10.8353,107833
iteration,9953,10.6073,10.8353,107843
iteration,9954,10.7439,10.8353,107854
iteration,9955,10.6536,10.8352,107865
iteration,9956,10.6187,10.8352,107875
iteration,9957,11.0536,10.8352,107886
iteration,9958,10.2445,10.8352,107897
iteration,9959,11.225,10.8352,107908
iteration,9960,10.8798,10.8352,107919
iteration,9961,10.7908,10.8352,107930
iteration,9962,11.0508,10.8352,107941
iteration,9963,10.8581,10.8352,107952
iteration,9964,11.1087,10.8353,107963
iteration,9965,10.8848,10.8353,107974
iteration,9966,10.8634,10.8353,107984
iteration,9967,10.818,10.8353,107995
iteration,9968,10.8114,10.8353,108006
iteration,9969,10.8711,10.8353,108017
iteration,9970,10.9375,10.8353,108028
iteration,9971,10.9456,10.8353,108039
iteration,9972,10.9807,10.8353,108050
iteration,9973,10.7783,10.8353,108061
iteration,9974,10.7811,10.8353,108071
iteration,9975,10.8118,10.8353,108082
iteration,9976,10.2895,10.8352,108092
iteration,9977,10.9479,10.8353,108103
iteration,9978,11.1422,10.8353,108114
iteration,9979,10.805,10.8353,108125
iteration,9980,10.9614,10.8353,108136
iteration,9981,10.1241,10.8352,108146
iteration,9982,10.6574,10.8352,108157
iteration,9983,10.8876,10.8352,108168
